id,descripcion,categoria,unidad
1,Reservas internacionales,Principales Variables,En millones de USD
4,Tipo de cambio minorista (promedio vendedor),Principales Variables,Pesos argentinos por dólar estadounidense
5,Tipo de cambio mayorista de referencia,Principales Variables,Pesos argentinos por dólar estadounidense
7,Tasa de interés BADLAR de bancos privados,Principales Variables,En porcentaje nominal anual
8,Tasa de interés TM20 de bancos privados ,Principales Variables,En porcentaje nominal anual
11,Tasa de interés de préstamos entre entidades financiera privadas (BAIBAR)  ,Principales Variables,En porcentaje nominal anual
12,Tasa de interés de depósitos a 30 días de plazo en entidades financieras ,Principales Variables,En porcentaje nominal anual
13,Tasa de interés por adelantos en cuenta corriente ,Principales Variables,En porcentaje nominal anual
14,Tasa de interés de préstamos personales ,Principales Variables,En porcentaje nominal anual
15,Base monetaria,Principales Variables,En millones de ARS
16,Circulación monetaria ,Principales Variables,En millones de ARS
17,Billetes y monedas en poder del público,Principales Variables,En millones de ARS
18,Efectivo en entidades financieras.,Principales Variables,En millones de ARS
19,Depósitos de las entidades financieras en cuenta corriente en el BCRA,Principales Variables,En millones de ARS
21,Depósitos en efectivo en las entidades financieras ,Principales Variables,En millones de ARS
22,Depósitos en efectivo en las entidades financieras en cuentas corrientes(neto de utilización FUCO),Principales Variables,En millones de ARS
23,Depósitos en efectivo en las entidades financieras en cajas de ahorro,Principales Variables,En millones de ARS
24,Depósitos a plazo en efectivo en las entidades financieras (incluye inversiones y excluye CEDROs) ,Principales Variables,En millones de ARS
25,Variación interanual del promedio móvil de 30 días del M2 privado.,Principales Variables,En porcentaje
26,Préstamos de las entidades financieras al sector privado,Principales Variables,En millones de ARS
27,Inflación mensual.,Principales Variables,En porcentaje
28,Inflación interanual.,Principales Variables,En porcentaje
29,Mediana de la variación interanual próximos 12 meses del índice de precios al consumidor del relevamiento de expectativas de mercado,Principales Variables,En porcentaje
30,Coeficiente de estabilización de referencia (base 2.2.02=1),Principales Variables,Índice base 2.2.02=1
31,Unidad de valor adquisitivo (base 31.3.16=14.05),Principales Variables,En ARS
32,Unidad de vivienda (base 31.3.16=14.05),Principales Variables,En ARS
35,Tasa de interés BADLAR de bancos privados,Principales Variables,En porcentaje efectivo anual
40,Índice para Contratos de Locación (base 30.6.20=1),Principales Variables,Índice base 30.6.20=1
43,Tasa de interés Comunicado P 14.290 (Uso de justicia),Principales Variables,En porcentaje
44,Tasa de interes TAMAR de bancos privados ,Principales Variables,En porcentaje nominal anual
45,Tasa de interés TAMAR de bancos privados,Principales Variables,En porcentaje efectivo anual
46,Total de factores de explicación de la base monetaria,Series.xlsm,En millones de ARS
47,Efecto monetario de las compras netas de divisas al sector privado y otros ,Series.xlsm,En millones de ARS
48,Efecto monetario de las compras netas de divisas al tesoro nacional ,Series.xlsm,En millones de ARS
49,Efecto monetario de los adelantos transitorios al tesoro nacional,Series.xlsm,En millones de ARS
50,Efecto monetario de las transferencia de utilidades al tesoro nacional ,Series.xlsm,En millones de ARS
51,Efecto monetario del resto de operaciones con el tesoro nacional,Series.xlsm,En millones de ARS
52,Efecto monetario de las operaciones de pases ,Series.xlsm,En millones de ARS
53,Efecto monetario de las LELIQ y NOTALQ ,Series.xlsm,En millones de ARS
54,Efecto monetario de los redescuentos y adelantos ,Series.xlsm,En millones de ARS
55,"Efecto monetario de los intereses, primas y remuneración de cuentas corrientes asociados a op. de pases, LELIQ, NOTALQ, redescuentos y adel. ",Series.xlsm,En millones de ARS
56,Efecto monetario de las LEBAC y NOBAC ,Series.xlsm,En millones de ARS
57,Efecto monetario del rescate de cuasimonedas ,Series.xlsm,En millones de ARS
58,Efecto monetario de las operaciones con letras fiscales de liquidez ,Series.xlsm,En millones de ARS
59,Efecto monetario de otras operaciones que explican la variación de la base monetaria ,Series.xlsm,En millones de ARS
60,Billetes y monedas en poder del público ,Series.xlsm,En millones de ARS
61,Billetes y monedas en entidades financieras ,Series.xlsm,En millones de ARS
62,Cheques cancelatorios ,Series.xlsm,En millones de ARS
63,Cuentas corrientes en pesos en el BCRA,Series.xlsm,En millones de ARS
64,Base monetaria,Series.xlsm,En millones de ARS
65,Cuasimonedas ,Series.xlsm,En millones de ARS
66,Base monetaria más cuasimonedas ,Series.xlsm,En millones de ARS
67,Billetes y monedas en poder del público ,Series.xlsm,En millones de ARS
68,Billetes y monedas en entidades financieras ,Series.xlsm,En millones de ARS
69,Cheques cancelatorios ,Series.xlsm,En millones de ARS
70,Cuentas corrientes en pesos en el BCRA ,Series.xlsm,En millones de ARS
71,Base monetaria,Series.xlsm,En millones de ARS
72,Cuasimonedas ,Series.xlsm,En millones de ARS
73,Base monetaria más cuasimonedas,Series.xlsm,En millones de ARS
74,Reservas internacionales (excluidas asignaciones deg 2009),Series.xlsm,En millones de USD
75,"Oro, divisas, colocaciones a plazo y otros activos de reserva",Series.xlsm,En millones de USD
76,Divisas-pase pasivo en dólares con el exterior,Series.xlsm,En millones de USD
77,Reservas internacionales ,Series.xlsm,En millones de USD
78,Variación de reservas internacionales por compra de divisas ,Series.xlsm,En millones de USD
79,Variación de reservas internacionales por operaciones con organismos internacionales,Series.xlsm,En millones de USD
80,Variación de reservas internacionales por otras operaciones del sector público ,Series.xlsm,En millones de USD
81,Variación de reservas internacionales por efectivo mínimo ,Series.xlsm,En millones de USD
82,Variación de reservas internacionales por otras operaciones no incluidas en otros rubros ,Series.xlsm,En millones de USD
83,Asignaciones de DEGS del año 2009,Series.xlsm,En millones de USD
84,Tipo de cambio de valuación contable,Series.xlsm,Pesos argentinos por dólar estadounidense
85,Cuentas corrientes de los sectores público y privado no financieros,Series.xlsm,En millones de ARS
86,Cajas de ahorro de los sectores público y privado no financieros,Series.xlsm,En millones de ARS
87,Depósitos a plazo no ajustables por CER/UVAS de los sectores público y privado no financieros,Series.xlsm,En millones de ARS
88,Depósitos a plazo ajustables por CER/UVAS de los sectores público y privado no financieros,Series.xlsm,En millones de ARS
89,Otros depósitos de los sectores público y privado no financieros,Series.xlsm,En millones de ARS
90,Cedros con cer de los sectores público y privado no financieros,Series.xlsm,En millones de ARS
91,Depósitos en pesos de los sectores público y privados no financieros (incluye cedros),Series.xlsm,En millones de ARS
92,BODEN de los sectores público y privado no financieros,Series.xlsm,En millones de ARS
93,Depósitos de los sectores público y privados no financieros (incluye cedro y BODEN),Series.xlsm,En millones de ARS
94,Cuentas corrientes del sector privado no financiero ,Series.xlsm,En millones de ARS
95,Cajas de ahorro del sector privado no financiero ,Series.xlsm,En millones de ARS
96,Depósitos a plazo no ajustables por CER/UVAS del sector privado no financiero ,Series.xlsm,En millones de ARS
97,Depósitos a plazo ajustables por CER/UVAS del sector privado no financiero ,Series.xlsm,En millones de ARS
98,Otros depósitos del sector privado no financiero,Series.xlsm,En millones de ARS
99,Cedros con cer del sector privado no financiero ,Series.xlsm,En millones de ARS
100,Depósitos del sector privado no financiero (incluye cedros),Series.xlsm,En millones de ARS
101,BODEN del sector privado no financiero ,Series.xlsm,En millones de ARS
102,Depósitos del sector privado no financiero (incluye cedro y BODEN),Series.xlsm,En millones de ARS
103,Depósitos  de los sectores público y privado no financieros,Series.xlsm,En millones de ARS
104,Depósitos del sector privado no financiero,Series.xlsm,En millones de ARS
105,Depósitos  de los sectores público y privado no financieros,Series.xlsm,En millones de ARS
106,Depósitos del sector privado no financiero,Series.xlsm,En millones de ARS
107,Depósitos  de los sectores público y privado no financieros,Series.xlsm,En millones de USD
108,Depósitos del sector privado no financiero,Series.xlsm,En millones de USD
109,M2 ,Series.xlsm,En millones de ARS
110,Préstamos otorgados mediante adelantos en cuenta al sector privado ,Series.xlsm,En millones de ARS
111,Préstamos otorgados mediante documentos al sector privado ,Series.xlsm,En millones de ARS
112,Préstamos hipotecaríos otorgados al sector privado,Series.xlsm,En millones de ARS
113,Préstamos prendaríos otorgados al sector privado,Series.xlsm,En millones de ARS
114,Préstamos personales otorgados al sector privado,Series.xlsm,En millones de ARS
115,Préstamos mediante tarjeta de créditos otorgados al sector privado,Series.xlsm,En millones de ARS
116,Otros préstamos otorgados al sector privado,Series.xlsm,En millones de ARS
117,Préstamos otorgados al sector privado ,Series.xlsm,En millones de ARS
118,Préstamos en cuenta corriente otorgados al sector privado ,Series.xlsm,En millones de USD
119,Préstamos documentaríos otorgados al sector privado,Series.xlsm,En millones de USD
120,Préstamos hipotecaríos otorgados al sector privado,Series.xlsm,En millones de USD
121,Préstamos prendaríos otorgados al sector privado,Series.xlsm,En millones de USD
122,Préstamos personales otorgados al sector privado,Series.xlsm,En millones de USD
123,Préstamos en tarjeta de créditos otorgados al sector privado,Series.xlsm,En millones de USD
124,Otros préstamos otorgados al sector privado,Series.xlsm,En millones de USD
125,Préstamos otorgados al sector privado ,Series.xlsm,En millones de USD
126,Préstamos otorgados al sector privado ,Series.xlsm,En millones de ARS
127,Préstamos otorgados al sector privado ,Series.xlsm,En millones de ARS
135,Tasa de interés TAMAR de bancos públicos y privados,Series.xlsm,En porcentaje nominal anual
136,Tasa de interés TAMAR de bancos privados,Series.xlsm,En porcentaje nominal anual
137,Tasa de interés TAMAR de bancos privados,Series.xlsm,En porcentaje efectivo anual
138,Tasa de interés BADLAR de bancos públicos y privados,Series.xlsm,En porcentaje nominal anual
139,Tasa de interés BADLAR de bancos privados,Series.xlsm,En porcentaje nominal anual
140,Tasa de interés BADLAR de bancos privados,Series.xlsm,En porcentaje efectivo anual
141,Tasa de interés TM20 de bancos públicos y privados,Series.xlsm,En porcentaje nominal anual
142,Tasa de interésTM20 de bancos privados,Series.xlsm,En porcentaje nominal anual
143,Tasa de interés TM20 de bancos privados,Series.xlsm,En porcentaje efectivo anual
144,Tasa de interés de préstamos personales otorgados al sector privado,Series.xlsm,En porcentaje nominal anual
145,"Tasa de interés de adelantos en cuenta corriente, con acuerdo de 1 a 7 días y de 10 millones o más, a empresas del sector privado",Series.xlsm,En porcentaje nominal anual
146,Tasa de interés de préstamos entre bancos privados (BAIBAR),Series.xlsm,En porcentaje nominal anual
147,Préstamos entre bancos privados (BAIBAR),Series.xlsm,En millones de ARS
148,Tasa de interés de préstamos entre entidades financieras locales,Series.xlsm,En porcentaje nominal anual
149,Préstamos entre entidades financieras locales ,Series.xlsm,En millones de ARS
150,Tasa de interés por operaciones de pases entre terceros a 1 día,Series.xlsm,En porcentaje nominal anual
151,Operaciones de pases entre terceros a 1 día,Series.xlsm,En millones de ARS
152,Pases pasivos para el BCRA (incluye pases pasivos con fci),Series.xlsm,En millones de ARS
153,Pases pasivos para el BCRA con fondos comunes de inversión,Series.xlsm,En millones de ARS
154,Pases activos para el BCRA,Series.xlsm,En millones de ARS
155,LELIQ y NOTALQ,Series.xlsm,En millones de ARS
156,"LEBAC y NOBAC , LEGAR y LEMIN ",Series.xlsm,En millones de ARS
157,LEBAC y NOBAC  de entidades financieras ,Series.xlsm,En millones de ARS
158,"LEBAC, LEDIV y BOPREAL",Series.xlsm,En millones de USD
159,NOCOM ,Series.xlsm,En millones de ARS
160,Tasas de interés de política monetaria,Series.xlsm,En porcentaje nominal anual
161,Tasas de interés de política monetaria,Series.xlsm,En porcentaje efectivo anual
162,Tasa de interés por pases pasivos para el BCRA a 1 día,Series.xlsm,En porcentaje nominal anual
163,Tasa de interés por pases pasivos para el BCRA a 7 días,Series.xlsm,En porcentaje nominal anual
164,Tasa de interés por pases activos para el BCRA a 1 día,Series.xlsm,En porcentaje nominal anual
165,Tasa de interés por pases activos para el BCRA a 7 días,Series.xlsm,En porcentaje nominal anual
166,Tasa de interés de LEBAC / LELIQ de 1 mes,Series.xlsm,En porcentaje nominal anual
167,Tasa de interés de LEBAC de 2 meses,Series.xlsm,En porcentaje nominal anual
168,Tasa de interés de LEBAC de 3 meses,Series.xlsm,En porcentaje nominal anual
169,Tasa de interés de LEBAC de 4 meses,Series.xlsm,En porcentaje nominal anual
170,Tasa de interés de LEBAC de 5 meses,Series.xlsm,En porcentaje nominal anual
171,Tasa de interés de LEBAC / LELIQ a 6 meses,Series.xlsm,En porcentaje nominal anual
172,Tasa de interés de LEBAC  de 7 meses,Series.xlsm,En porcentaje nominal anual
173,Tasa de interés de LEBAC  de 8 meses,Series.xlsm,En porcentaje nominal anual
174,Tasa de interés de LEBAC  de 9 meses,Series.xlsm,En porcentaje nominal anual
175,Tasa de interés de LEBAC  de 10 meses,Series.xlsm,En porcentaje nominal anual
176,Tasa de interés de LEBAC  de 11 meses,Series.xlsm,En porcentaje nominal anual
177,Tasa de interés de LEBAC  de 12 meses,Series.xlsm,En porcentaje nominal anual
178,Tasa de interés de LEBAC  de 18 meses,Series.xlsm,En porcentaje nominal anual
179,Tasa de interés de LEBAC  de 24 meses,Series.xlsm,En porcentaje nominal anual
180, Tasa de interés de LEBAC  ajustables por CER de 6 meses,Series.xlsm,En porcentaje nominal anual
181,Tasa de interés de LEBAC ajustables por CER de 12 meses,Series.xlsm,En porcentaje nominal anual
182,Tasa de interés de LEBAC ajustables por CER de 18 meses,Series.xlsm,En porcentaje nominal anual
183,Tasa de interés de LEBAC ajustables por CER de 24 meses,Series.xlsm,En porcentaje nominal anual
184,"Tasa de interés de LEBAC USD con liquidación en pesos, de 1 mes",Series.xlsm,En porcentaje nominal anual
185,"Tasa de interés de LEBAC USD con liquidación en pesos, de 6 meses",Series.xlsm,En porcentaje nominal anual
186,"Tasa de interés de LEBAC USD con liquidación en pesos, de 12 meses",Series.xlsm,En porcentaje nominal anual
187,Tasa de interés de LEBAC de 1 mes,Series.xlsm,En porcentaje nominal anual
188,Tasa de interés de LEBAC de 3 meses,Series.xlsm,En porcentaje nominal anual
189,Tasa de interés de LEBAC de 6 meses,Series.xlsm,En porcentaje nominal anual
190,Tasa de interés de LEBAC de 12 meses,Series.xlsm,En porcentaje nominal anual
191,Margen sobre BADLAR bancos privados de NOBAC de 9 meses,Series.xlsm,En porcentaje nominal anual
192,Margen sobre bancos privados de NOBAC de 12 meses ,Series.xlsm,En porcentaje nominal anual
193,Margen sobre BADLAR total de NOBAC de 2 años,Series.xlsm,En porcentaje nominal anual
194,Margen sobre BADLAR bancos privados de NOBAC de 2 años,Series.xlsm,En porcentaje nominal anual
195,Margen sobre tasa de politica monetaria de NOTALIQ en pesos de 190 días,Series.xlsm,En porcentaje nominal anual
196,"LEFI en cartera de entidades financieras, en valor técnico",Series.xlsm,En millones de ARS
197,M2 transaccional del sector privado,Series.xlsm,En millones de ARS
198,Otros,Series.xlsm,En millones de ARS
199,"Préstamos a los gobiernos nacional, provinciales, municipales y corporaciones intergubernamentales",Préstamos por tipo de titular,En miles de ARS
200,Préstamos a la administración central,Préstamos por tipo de titular,En miles de ARS
201,Préstamos a entidades descentralizadas,Préstamos por tipo de titular,En miles de ARS
202,Préstamos a los gobiernos provinciales,Préstamos por tipo de titular,En miles de ARS
203,Préstamos a los gobiernos municipales,Préstamos por tipo de titular,En miles de ARS
204,Préstamos a las corporaciones integubernamentales,Préstamos por tipo de titular,En miles de ARS
205,Préstamos a empresas y otros entes públicos nacionales,Préstamos por tipo de titular,En miles de ARS
206,Préstamos a empresas y otros entes públicos provinciales,Préstamos por tipo de titular,En miles de ARS
207,Préstamos a empresas y otros entes públicos municipales,Préstamos por tipo de titular,En miles de ARS
208,Préstamos a empresas y otros entes públicos intergubernamentales,Préstamos por tipo de titular,En miles de ARS
209,"Depósitos de los gobiernos nacional, provinciales, municipales y corporaciones intergubernamentales",Depósitos por tipo de titular,En miles de ARS
210,Depósitos de la administración central,Depósitos por tipo de titular,En miles de ARS
211,Depósitos de las entidades descentralizadas,Depósitos por tipo de titular,En miles de ARS
212,Depósitos de los gobiernos provinciales,Depósitos por tipo de titular,En miles de ARS
213,Depósitos de los gobiernos municipales,Depósitos por tipo de titular,En miles de ARS
214,Depósitos de corporaciones integubernamentales,Depósitos por tipo de titular,En miles de ARS
215,Depósitos de empresas y otros entes públicos nacionales,Depósitos por tipo de titular,En miles de ARS
216,Depósitos de empresas y otros entes públicos provinciales,Depósitos por tipo de titular,En miles de ARS
217,Depósitos de empresas y otros entes públicos municipales,Depósitos por tipo de titular,En miles de ARS
218,Depósitos de empresas y otros entes públicos intergubernamentales,Depósitos por tipo de titular,En miles de ARS
219,"Préstamos a los gobiernos nacional, provinciales, municipales y corporaciones intergubernamentales",Préstamos por tipo de titular,En miles de ARS
220,Préstamos a la administración central,Préstamos por tipo de titular,En miles de ARS
221,Préstamos a entidades descentralizadas,Préstamos por tipo de titular,En miles de ARS
222,Préstamos a los gobiernos provinciales,Préstamos por tipo de titular,En miles de ARS
223,Préstamos a los gobiernos municipales,Préstamos por tipo de titular,En miles de ARS
224,Préstamos a las corporaciones integubernamentales,Préstamos por tipo de titular,En miles de ARS
225,Préstamos a empresas y otros entes públicos nacionales,Préstamos por tipo de titular,En miles de ARS
226,Préstamos a empresas y otros entes públicos provinciales,Préstamos por tipo de titular,En miles de ARS
227,Préstamos a empresas y otros entes públicos municipales,Préstamos por tipo de titular,En miles de ARS
228,Préstamos a empresas y otros entes públicos intergubernamentales,Préstamos por tipo de titular,En miles de ARS
229,"Depósitos de los gobiernos nacional, provinciales, municipales y corporaciones intergubernamentales",Depósitos por tipo de titular,En miles de ARS
230,Depósitos de la administración central,Depósitos por tipo de titular,En miles de ARS
231,Depósitos de las entidades descentralizadas,Depósitos por tipo de titular,En miles de ARS
232,Depósitos de los gobiernos provinciales,Depósitos por tipo de titular,En miles de ARS
233,Depósitos de los gobiernos municipales,Depósitos por tipo de titular,En miles de ARS
234,Depósitos de corporaciones integubernamentales,Depósitos por tipo de titular,En miles de ARS
235,Depósitos de empresas y otros entes públicos nacionales,Depósitos por tipo de titular,En miles de ARS
236,Depósitos de empresas y otros entes públicos provinciales,Depósitos por tipo de titular,En miles de ARS
237,Depósitos de empresas y otros entes públicos municipales,Depósitos por tipo de titular,En miles de ARS
238,Depósitos de empresas y otros entes públicos intergubernamentales,Depósitos por tipo de titular,En miles de ARS
239,"Depósitos en cuentas corrientes de los gobiernos nacional, provinciales, municipales y corporaciones intergubernamentales",Depósitos por tipo de titular,En miles de ARS
240,Depósitos en cuentas corrientes de la administración central,Depósitos por tipo de titular,En miles de ARS
241,Depósitos en cuentas corrientes de las entidades descentralizadas,Depósitos por tipo de titular,En miles de ARS
242,Depósitos en cuentas corrientes de los gobiernos provinciales,Depósitos por tipo de titular,En miles de ARS
243,Depósitos en cuentas corrientes de los gobiernos municipales,Depósitos por tipo de titular,En miles de ARS
244,Depósitos en cuentas corrientes de los gobiernos de corporaciones integubernamentales,Depósitos por tipo de titular,En miles de ARS
245,Depósitos en cuentas corrientes de empresas y otros entes públicos nacionales,Depósitos por tipo de titular,En miles de ARS
246,Depósitos en cuentas corrientes de empresas y otros entes públicos provinciales,Depósitos por tipo de titular,En miles de ARS
247,Depósitos en cuentas corrientes de empresas y otros entes públicos municipales,Depósitos por tipo de titular,En miles de ARS
248,Depósitos en cuentas corrientes de empresas y otros entes públicos intergubernamentales,Depósitos por tipo de titular,En miles de ARS
249,"Depósitos en cajas de ahorro de los gobiernos nacional, provinciales, municipales y corporaciones intergubernamentales",Depósitos por tipo de titular,En miles de ARS
250,Depósitos en caja de ahorros de la administración central,Depósitos por tipo de titular,En miles de ARS
251,Depósitos en caja de ahorros de las entidades descentralizadas,Depósitos por tipo de titular,En miles de ARS
252,Depósitos en caja de ahorros de los gobiernos provinciales,Depósitos por tipo de titular,En miles de ARS
253,Depósitos en caja de ahorros de los gobiernos municipales,Depósitos por tipo de titular,En miles de ARS
254,Depósitos en caja de ahorros de los gobiernos de corporaciones integubernamentales,Depósitos por tipo de titular,En miles de ARS
255,Depósitos en caja de ahorros de empresas y otros entes públicos nacionales,Depósitos por tipo de titular,En miles de ARS
256,Depósitos en caja de ahorros de empresas y otros entes públicos provinciales,Depósitos por tipo de titular,En miles de ARS
257,Depósitos en caja de ahorros de empresas y otros entes públicos municipales,Depósitos por tipo de titular,En miles de ARS
258,Depósitos en caja de ahorros de empresas y otros entes públicos intergubernamentales,Depósitos por tipo de titular,En miles de ARS
259,"Depósitos a plazo fijo de los gobiernos nacional, provinciales, municipales y corporaciones intergubernamentales",Depósitos por tipo de titular,En miles de ARS
260,Depósitos en plazo fijo de la administración central,Depósitos por tipo de titular,En miles de ARS
261,Depósitos en plazo fijo de las entidades descentralizadas,Depósitos por tipo de titular,En miles de ARS
262,Depósitos en plazo fijo de los gobiernos provinciales,Depósitos por tipo de titular,En miles de ARS
263,Depósitos en plazo fijo de los gobiernos municipales,Depósitos por tipo de titular,En miles de ARS
264,Depósitos en plazo fijo de los gobiernos de corporaciones integubernamentales,Depósitos por tipo de titular,En miles de ARS
265,Depósitos en plazo fijo de empresas y otros entes públicos nacionales,Depósitos por tipo de titular,En miles de ARS
266,Depósitos en plazo fijo de empresas y otros entes públicos provinciales,Depósitos por tipo de titular,En miles de ARS
267,Depósitos en plazo fijo de empresas y otros entes públicos municipales,Depósitos por tipo de titular,En miles de ARS
268,Depósitos en plazo fijo de empresas y otros entes públicos intergubernamentales,Depósitos por tipo de titular,En miles de ARS
269,"Otros depósitos de los gobiernos nacional, provinciales, municipales y corporaciones intergubernamentales",Depósitos por tipo de titular,En miles de ARS
270,Otros depósitos de la administración central,Depósitos por tipo de titular,En miles de ARS
271,Otros depósitos de las entidades descentralizadas,Depósitos por tipo de titular,En miles de ARS
272,Otros depósitos de los gobiernos provinciales,Depósitos por tipo de titular,En miles de ARS
273,Otros depósitos de los gobiernos municipales,Depósitos por tipo de titular,En miles de ARS
274,Otros depósitos de corporaciones integubernamentales,Depósitos por tipo de titular,En miles de ARS
275,Otros depósitos de empresas y otros entes públicos nacionales,Depósitos por tipo de titular,En miles de ARS
276,Otros depósitos de empresas y otros entes públicos provinciales,Depósitos por tipo de titular,En miles de ARS
277,Otros depósitos de empresas y otros entes públicos municipales,Depósitos por tipo de titular,En miles de ARS
278,Otros depósitos de empresas y otros entes públicos intergubernamentales,Depósitos por tipo de titular,En miles de ARS
279,"Depósitos en cuentas corrientes de los gobiernos nacional, provinciales, municipales y corporaciones intergubernamentales",Depósitos por tipo de titular,En miles de ARS
280,Depósitos en cuentas corrientes de la administración central,Depósitos por tipo de titular,En miles de ARS
281,Depósitos en cuentas corrientes de las entidades descentralizadas,Depósitos por tipo de titular,En miles de ARS
282,Depósitos en cuentas corrientes de los gobiernos provinciales,Depósitos por tipo de titular,En miles de ARS
283,Depósitos en cuentas corrientes de los gobiernos municipales,Depósitos por tipo de titular,En miles de ARS
284,Depósitos en cuentas corrientes de los gobiernos de corporaciones integubernamentales,Depósitos por tipo de titular,En miles de ARS
285,Depósitos en cuentas corrientes de empresas y otros entes públicos nacionales,Depósitos por tipo de titular,En miles de ARS
286,Depósitos en cuentas corrientes de empresas y otros entes públicos provinciales,Depósitos por tipo de titular,En miles de ARS
287,Depósitos en cuentas corrientes de empresas y otros entes públicos municipales,Depósitos por tipo de titular,En miles de ARS
288,Depósitos en cuentas corrientes de empresas y otros entes públicos intergubernamentales,Depósitos por tipo de titular,En miles de ARS
289,"Depósitos en cajas de ahorro de los gobiernos nacional, provinciales, municipales y corporaciones intergubernamentales",Depósitos por tipo de titular,En miles de ARS
290,Depósitos en caja de ahorros de la administración central,Depósitos por tipo de titular,En miles de ARS
291,Depósitos en caja de ahorros de las entidades descentralizadas,Depósitos por tipo de titular,En miles de ARS
292,Depósitos en caja de ahorros de los gobiernos provinciales,Depósitos por tipo de titular,En miles de ARS
293,Depósitos en caja de ahorros de los gobiernos municipales,Depósitos por tipo de titular,En miles de ARS
294,Depósitos en caja de ahorros de los gobiernos de corporaciones integubernamentales,Depósitos por tipo de titular,En miles de ARS
295,Depósitos en caja de ahorros de empresas y otros entes públicos nacionales,Depósitos por tipo de titular,En miles de ARS
296,Depósitos en caja de ahorros de empresas y otros entes públicos provinciales,Depósitos por tipo de titular,En miles de ARS
297,Depósitos en caja de ahorros de empresas y otros entes públicos municipales,Depósitos por tipo de titular,En miles de ARS
298,Depósitos en caja de ahorros de empresas y otros entes públicos intergubernamentales,Depósitos por tipo de titular,En miles de ARS
299,"Depósitos a plazo fijo de los gobiernos nacional, provinciales, municipales y corporaciones intergubernamentales",Depósitos por tipo de titular,En miles de ARS
300,Depósitos en plazo fijo de la administración central,Depósitos por tipo de titular,En miles de ARS
301,Depósitos en plazo fijo de las entidades descentralizadas,Depósitos por tipo de titular,En miles de ARS
302,Depósitos en plazo fijo de los gobiernos provinciales,Depósitos por tipo de titular,En miles de ARS
303,Depósitos en plazo fijo de los gobiernos municipales,Depósitos por tipo de titular,En miles de ARS
304,Depósitos en plazo fijo de los gobiernos de corporaciones integubernamentales,Depósitos por tipo de titular,En miles de ARS
305,Depósitos en plazo fijo de empresas y otros entes públicos nacionales,Depósitos por tipo de titular,En miles de ARS
306,Depósitos en plazo fijo de empresas y otros entes públicos provinciales,Depósitos por tipo de titular,En miles de ARS
307,Depósitos en plazo fijo de empresas y otros entes públicos municipales,Depósitos por tipo de titular,En miles de ARS
308,Depósitos en plazo fijo de empresas y otros entes públicos intergubernamentales,Depósitos por tipo de titular,En miles de ARS
309,"Otros depósitos de los gobiernos nacional, provinciales, municipales y corporaciones intergubernamentales",Depósitos por tipo de titular,En miles de ARS
310,Otros depósitos de la administración central,Depósitos por tipo de titular,En miles de ARS
311,Otros depósitos de las entidades descentralizadas,Depósitos por tipo de titular,En miles de ARS
312,Otros depósitos de los gobiernos provinciales,Depósitos por tipo de titular,En miles de ARS
313,Otros depósitos de los gobiernos municipales,Depósitos por tipo de titular,En miles de ARS
314,Otros depósitos de corporaciones integubernamentales,Depósitos por tipo de titular,En miles de ARS
315,Otros depósitos de empresas y otros entes públicos nacionales,Depósitos por tipo de titular,En miles de ARS
316,Otros depósitos de empresas y otros entes públicos provinciales,Depósitos por tipo de titular,En miles de ARS
317,Otros depósitos de empresas y otros entes públicos municipales,Depósitos por tipo de titular,En miles de ARS
318,Otros depósitos de empresas y otros entes públicos intergubernamentales,Depósitos por tipo de titular,En miles de ARS
319,Utilización de fondos unificados de la Ciudad Autónoma de Buenos Aires,Depósitos por tipo de titular,En miles de ARS
320,Total de préstamos a la Ciudad Autónoma de Buenos Aires,Préstamos por tipo de titular,En miles de ARS
321,Total de depósitos de la Ciudad Autónoma de Buenos Aires,Depósitos por tipo de titular,En miles de ARS
322,Utilización de fondos unificados de la provincia de Buenos Aires,Préstamos por tipo de titular,En miles de ARS
323,Total de préstamos a la provincia de Buenos Aires,Préstamos por tipo de titular,En miles de ARS
324,Total de depósitos de la provincia de Buenos Aires,Depósitos por tipo de titular,En miles de ARS
325,Utilización de fondos unificados de la provincia de Catamarca,Préstamos por tipo de titular,En miles de ARS
326,Total de préstamos a la provincia de Catamarca,Préstamos por tipo de titular,En miles de ARS
327,Total de depósitos de la provincia de Catamarca,Depósitos por tipo de titular,En miles de ARS
328,Utilización de fondos unificados de la provincia de Córdoba,Préstamos por tipo de titular,En miles de ARS
329,Total de préstamos a la provincia de Córdoba,Préstamos por tipo de titular,En miles de ARS
330,Total de depósitos de la provincia de Córdoba,Depósitos por tipo de titular,En miles de ARS
331,Utilización de fondos unificados de la provincia de Corrientes,Depósitos por tipo de titular,En miles de ARS
332,Total de préstamos a la provincia de Corrientes,Préstamos por tipo de titular,En miles de ARS
333,Total de depósitos de la provincia de Corrientes,Depósitos por tipo de titular,En miles de ARS
334,Utilización de fondos unificados de la provincia de Chaco,Depósitos por tipo de titular,En miles de ARS
335,Total de préstamos a la provincia de Chaco,Préstamos por tipo de titular,En miles de ARS
336,Total de depósitos de la provincia de Chaco,Depósitos por tipo de titular,En miles de ARS
337,Utilización de fondos unificados de la provincia de Chubut,Depósitos por tipo de titular,En miles de ARS
338,Total de préstamos a la provincia de Chubut,Préstamos por tipo de titular,En miles de ARS
339,Total de depósitos de la provincia de Chubut,Depósitos por tipo de titular,En miles de ARS
340,Utilización de fondos unificados de la provincia de Entre Ríos,Depósitos por tipo de titular,En miles de ARS
341,Total de préstamos a la provincia de Entre Ríos,Préstamos por tipo de titular,En miles de ARS
342,Total de depósitos de la provincia de Entre Ríos,Depósitos por tipo de titular,En miles de ARS
343,Utilización de fondos unificados de la provincia de Formosa,Depósitos por tipo de titular,En miles de ARS
344,Total de préstamos a la provincia de Formosa,Préstamos por tipo de titular,En miles de ARS
345,Total de depósitos de la provincia de Formosa,Depósitos por tipo de titular,En miles de ARS
346,Utilización de fondos unificados de la provincia de Jujuy,Depósitos por tipo de titular,En miles de ARS
347,Total de préstamos a la provincia de Jujuy,Préstamos por tipo de titular,En miles de ARS
348,Total de depósitos de la provincia de Jujuy,Depósitos por tipo de titular,En miles de ARS
349,Utilización de fondos unificados de la provincia de La Pampa,Depósitos por tipo de titular,En miles de ARS
350,Total de préstamos a la provincia de La Pampa,Préstamos por tipo de titular,En miles de ARS
351,Total de depósitos de la provincia de La Pampa,Depósitos por tipo de titular,En miles de ARS
352,Utilización de fondos unificados de la provincia de La Rioja,Depósitos por tipo de titular,En miles de ARS
353,Total de préstamos a la provincia de La Rioja,Préstamos por tipo de titular,En miles de ARS
354,Total de depósitos de la provincia de La Rioja,Depósitos por tipo de titular,En miles de ARS
355,Utilización de fondos unificados de la provincia de Mendoza,Depósitos por tipo de titular,En miles de ARS
356,Total de préstamos a la provincia de Mendoza,Préstamos por tipo de titular,En miles de ARS
357,Total de depósitos de la provincia de Mendoza,Depósitos por tipo de titular,En miles de ARS
358,Utilización de fondos unificados de la provincia de Misiones,Depósitos por tipo de titular,En miles de ARS
359,Total de préstamos a la provincia de Misiones,Préstamos por tipo de titular,En miles de ARS
360,Total de depósitos de la provincia de Misiones,Depósitos por tipo de titular,En miles de ARS
361,Utilización de fondos unificados de la provincia de Neuquén,Depósitos por tipo de titular,En miles de ARS
362,Total de préstamos a la provincia de Neuquén,Préstamos por tipo de titular,En miles de ARS
363,Total de depósitos de la provincia de Neuquén,Depósitos por tipo de titular,En miles de ARS
364,Utilización de fondos unificados de la provincia de Rio Negro,Depósitos por tipo de titular,En miles de ARS
365,Total de préstamos a la provincia de Rio Negro,Préstamos por tipo de titular,En miles de ARS
366,Total de depósitos de la provincia de Rio Negro,Depósitos por tipo de titular,En miles de ARS
367,Utilización de fondos unificados de la provincia de Salta,Depósitos por tipo de titular,En miles de ARS
368,Total de préstamos a la provincia de Salta,Préstamos por tipo de titular,En miles de ARS
369,Total de depósitos de la provincia de Salta,Depósitos por tipo de titular,En miles de ARS
370,Utilización de fondos unificados de la provincia de San Juan,Depósitos por tipo de titular,En miles de ARS
371,Total de préstamos a la provincia de San Juan,Préstamos por tipo de titular,En miles de ARS
372,Total de depósitos de la provincia de San Juan,Depósitos por tipo de titular,En miles de ARS
373,Utilización de fondos unificados de la provincia de San Luis,Depósitos por tipo de titular,En miles de ARS
374,Total de préstamos a la provincia de San Luis,Préstamos por tipo de titular,En miles de ARS
375,Total de depósitos de la provincia de San Luis,Depósitos por tipo de titular,En miles de ARS
376,Utilización de fondos unificados de la provincia de Santa Cruz,Depósitos por tipo de titular,En miles de ARS
377,Total de préstamos a la provincia de Santa Cruz,Préstamos por tipo de titular,En miles de ARS
378,Total de depósitos de la provincia de Santa Cruz,Depósitos por tipo de titular,En miles de ARS
379,Utilización de fondos unificados de la provincia de Santa Fe,Depósitos por tipo de titular,En miles de ARS
380,Total de préstamos a la provincia de Santa Fe,Préstamos por tipo de titular,En miles de ARS
381,Total de depósitos de la provincia de Santa Fe,Depósitos por tipo de titular,En miles de ARS
382,Utilización de fondos unificados de la provincia de Santiago del Estero,Préstamos por tipo de titular,En miles de ARS
383,Total de préstamos a la provincia de Santiago del Estero,Préstamos por tipo de titular,En miles de ARS
384,Total de depósitos de la provincia de Santiago del Estero,Depósitos por tipo de titular,En miles de ARS
385,Utilización de fondos unificados de la provincia de Tierra del Fuego,Préstamos por tipo de titular,En miles de ARS
386,Total de préstamos a la provincia de Tierra del Fuego,Préstamos por tipo de titular,En miles de ARS
387,Total de depósitos de la provincia de Tierra del Fuego,Depósitos por tipo de titular,En miles de ARS
388,Utilización de fondos unificados de la provincia de Tucumán,Préstamos por tipo de titular,En miles de ARS
389,Total de préstamos a la provincia de Tucumán,Préstamos por tipo de titular,En miles de ARS
390,Total de depósitos de la provincia de Tucumán,Depósitos por tipo de titular,En miles de ARS
391,Depósitos en cuentas corrientes de la Ciudad Autónoma de Buenos Aires,Depósitos por tipo de titular,En miles de ARS
392,Depósitos en caja de ahorros de la Ciudad Autónoma de Buenos Aires,Depósitos por tipo de titular,En miles de ARS
393,Depósitos a plazo fijo de la Ciudad Autónoma de Buenos Aires,Depósitos por tipo de titular,En miles de ARS
394,Depósitos en cuentas corrientes de la provincia de Buenos Aires,Depósitos por tipo de titular,En miles de ARS
395,Depósitos en caja de ahorros de la provincia de Buenos Aires,Depósitos por tipo de titular,En miles de ARS
396,Depósitos a plazo fijo de la provincia de Buenos Aires,Depósitos por tipo de titular,En miles de ARS
397,Depósitos en cuentas corrientes de la provincia de Catamarca,Depósitos por tipo de titular,En miles de ARS
398,Depósitos en caja de ahorros de la provincia de Catamarca,Depósitos por tipo de titular,En miles de ARS
399,Depósitos a plazo fijo de la provincia de Catamarca,Depósitos por tipo de titular,En miles de ARS
400,Depósitos en cuentas corrientes de la provincia de Córdoba,Depósitos por tipo de titular,En miles de ARS
401,Depósitos en caja de ahorros de la provincia de Córdoba,Depósitos por tipo de titular,En miles de ARS
402,Depósitos a plazo fijo de la provincia de Córdoba,Depósitos por tipo de titular,En miles de ARS
403,Depósitos en cuentas corrientes de la provincia de Corrientes,Depósitos por tipo de titular,En miles de ARS
404,Depósitos en caja de ahorros de la provincia de Corrientes,Depósitos por tipo de titular,En miles de ARS
405,Depósitos a plazo fijo de la provincia de Corrientes,Depósitos por tipo de titular,En miles de ARS
406,Depósitos en cuentas corrientes de la provincia de Chaco,Depósitos por tipo de titular,En miles de ARS
407,Depósitos en caja de ahorros de la provincia de Chaco,Depósitos por tipo de titular,En miles de ARS
408,Depósitos a plazo fijo de la provincia de Chaco,Depósitos por tipo de titular,En miles de ARS
409,Depósitos en cuentas corrientes de la provincia de Chubut,Depósitos por tipo de titular,En miles de ARS
410,Depósitos en caja de ahorros de la provincia de Chubut,Depósitos por tipo de titular,En miles de ARS
411,Depósitos a plazo fijo de la provincia de Chubut,Depósitos por tipo de titular,En miles de ARS
412,Depósitos en cuentas corrientes de la provincia de Entre Ríos,Depósitos por tipo de titular,En miles de ARS
413,Depósitos en caja de ahorros de la provincia de Entre Ríos,Depósitos por tipo de titular,En miles de ARS
414,Depósitos a plazo fijo de la provincia de Entre Ríos,Depósitos por tipo de titular,En miles de ARS
415,Depósitos en cuentas corrientes de la provincia de Formosa,Depósitos por tipo de titular,En miles de ARS
416,Depósitos en caja de ahorros de la provincia de Formosa,Depósitos por tipo de titular,En miles de ARS
417,Depósitos a plazo fijo de la provincia de Formosa,Depósitos por tipo de titular,En miles de ARS
418,Depósitos en cuentas corrientes de la provincia de Jujuy,Depósitos por tipo de titular,En miles de ARS
419,Depósitos en caja de ahorros de la provincia de Jujuy,Depósitos por tipo de titular,En miles de ARS
420,Depósitos a plazo fijo de la provincia de Jujuy,Depósitos por tipo de titular,En miles de ARS
421,Depósitos en cuentas corrientes de la provincia de La Pampa,Depósitos por tipo de titular,En miles de ARS
422,Depósitos en caja de ahorros de la provincia de La Pampa,Depósitos por tipo de titular,En miles de ARS
423,Depósitos a plazo fijo de la provincia de La Pampa,Depósitos por tipo de titular,En miles de ARS
424,Depósitos en cuentas corrientes de la provincia de La Rioja,Depósitos por tipo de titular,En miles de ARS
425,Depósitos en caja de ahorros de la provincia de La Rioja,Depósitos por tipo de titular,En miles de ARS
426,Depósitos a plazo fijo de la provincia de La Rioja,Depósitos por tipo de titular,En miles de ARS
427,Depósitos en cuentas corrientes de la provincia de Mendoza,Depósitos por tipo de titular,En miles de ARS
428,Depósitos en caja de ahorros de la provincia de Mendoza,Depósitos por tipo de titular,En miles de ARS
429,Depósitos a plazo fijo de la provincia de Mendoza,Depósitos por tipo de titular,En miles de ARS
430,Depósitos en cuentas corrientes de la provincia de Misiones,Depósitos por tipo de titular,En miles de ARS
431,Depósitos en caja de ahorros de la provincia de Misiones,Depósitos por tipo de titular,En miles de ARS
432,Depósitos a plazo fijo de la provincia de Misiones,Depósitos por tipo de titular,En miles de ARS
433,Depósitos en cuentas corrientes de la provincia de Neuquén,Depósitos por tipo de titular,En miles de ARS
434,Depósitos en caja de ahorros de la provincia de Neuquén,Depósitos por tipo de titular,En miles de ARS
435,Depósitos a plazo fijo de la provincia de Neuquén,Depósitos por tipo de titular,En miles de ARS
436,Depósitos en cuentas corrientes de la provincia de Rio Negro,Depósitos por tipo de titular,En miles de ARS
437,Depósitos en caja de ahorros de la provincia de Rio Negro,Depósitos por tipo de titular,En miles de ARS
438,Depósitos a plazo fijo de la provincia de Rio Negro,Depósitos por tipo de titular,En miles de ARS
439,Depósitos en cuentas corrientes de la provincia de Salta,Depósitos por tipo de titular,En miles de ARS
440,Depósitos en caja de ahorros de la provincia de Salta,Depósitos por tipo de titular,En miles de ARS
441,Depósitos a plazo fijo de la provincia de Salta,Depósitos por tipo de titular,En miles de ARS
442,Depósitos en cuentas corrientes de la provincia de San Juan,Depósitos por tipo de titular,En miles de ARS
443,Depósitos en caja de ahorros de la provincia de San Juan,Depósitos por tipo de titular,En miles de ARS
444,Depósitos a plazo fijo de la provincia de San Juan,Depósitos por tipo de titular,En miles de ARS
445,Depósitos en cuentas corrientes de la provincia de San Luis,Depósitos por tipo de titular,En miles de ARS
446,Depósitos en caja de ahorros de la provincia de San Luis,Depósitos por tipo de titular,En miles de ARS
447,Depósitos a plazo fijo de la provincia de San Luis,Depósitos por tipo de titular,En miles de ARS
448,Depósitos en cuentas corrientes de la provincia de Santa Cruz,Depósitos por tipo de titular,En miles de ARS
449,Depósitos en caja de ahorros de la provincia de Santa Cruz,Depósitos por tipo de titular,En miles de ARS
450,Depósitos a plazo fijo de la provincia de Santa Cruz,Depósitos por tipo de titular,En miles de ARS
451,Depósitos en cuentas corrientes de la provincia de Santa Fe,Depósitos por tipo de titular,En miles de ARS
452,Depósitos en caja de ahorros de la provincia de Santa Fe,Depósitos por tipo de titular,En miles de ARS
453,Depósitos a plazo fijo de la provincia de Santa Fe,Depósitos por tipo de titular,En miles de ARS
454,Depósitos en cuentas corrientes de la provincia de Santiago del Estero,Depósitos por tipo de titular,En miles de ARS
455,Depósitos en caja de ahorros de la provincia de Santiago del Estero,Depósitos por tipo de titular,En miles de ARS
456,Depósitos a plazo fijo de la provincia de Santiago del Estero,Depósitos por tipo de titular,En miles de ARS
457,Depósitos en cuentas corrientes de la provincia de Tierra del Fuego,Depósitos por tipo de titular,En miles de ARS
458,Depósitos en caja de ahorros de la provincia de Tierra del Fuego,Depósitos por tipo de titular,En miles de ARS
459,Depósitos a plazo fijo de la provincia de Tierra del Fuego,Depósitos por tipo de titular,En miles de ARS
460,Depósitos en cuentas corrientes de la provincia de Tucumán,Depósitos por tipo de titular,En miles de ARS
461,Depósitos en caja de ahorros de la provincia de Tucumán,Depósitos por tipo de titular,En miles de ARS
462,Depósitos a plazo fijo de la provincia de Tucumán,Depósitos por tipo de titular,En miles de ARS
463,Total de préstamos a la Ciudad Autónoma de Buenos Aires,Préstamos por tipo de titular,En miles de ARS
464,Total de depósitos de la Ciudad Autónoma de Buenos Aires,Depósitos por tipo de titular,En miles de ARS
465,Total de préstamos a la provincia de Buenos Aires,Préstamos por tipo de titular,En miles de ARS
466,Total de depósitos de la provincia de Buenos Aires,Depósitos por tipo de titular,En miles de ARS
467,Total de préstamos a la provincia de Catamarca,Préstamos por tipo de titular,En miles de ARS
468,Total de depósitos de la provincia de Catamarca,Depósitos por tipo de titular,En miles de ARS
469,Total de préstamos a la provincia de Córdoba,Préstamos por tipo de titular,En miles de ARS
470,Total de depósitos de la provincia de Córdoba,Depósitos por tipo de titular,En miles de ARS
471,Total de préstamos a la provincia de Corrientes,Préstamos por tipo de titular,En miles de ARS
472,Total de depósitos de la provincia de Corrientes,Depósitos por tipo de titular,En miles de ARS
473,Total de préstamos a la provincia de Chaco,Préstamos por tipo de titular,En miles de ARS
474,Total de depósitos de la provincia de Chaco,Depósitos por tipo de titular,En miles de ARS
475,Total de préstamos a la provincia de Chubut,Préstamos por tipo de titular,En miles de ARS
476,Total de depósitos de la provincia de Chubut,Depósitos por tipo de titular,En miles de ARS
477,Total de préstamos a la provincia de Entre Ríos,Préstamos por tipo de titular,En miles de ARS
478,Total de depósitos de la provincia de Entre Ríos,Depósitos por tipo de titular,En miles de ARS
479,Total de préstamos a la provincia de Formosa,Préstamos por tipo de titular,En miles de ARS
480,Total de depósitos de la provincia de Formosa,Depósitos por tipo de titular,En miles de ARS
481,Total de préstamos a la provincia de Jujuy,Préstamos por tipo de titular,En miles de ARS
482,Total de depósitos de la provincia de Jujuy,Depósitos por tipo de titular,En miles de ARS
483,Total de préstamos a la provincia de La Pampa,Préstamos por tipo de titular,En miles de ARS
484,Total de depósitos de la provincia de La Pampa,Depósitos por tipo de titular,En miles de ARS
485,Total de préstamos a la provincia de La Rioja,Préstamos por tipo de titular,En miles de ARS
486,Total de depósitos de la provincia de La Rioja,Depósitos por tipo de titular,En miles de ARS
487,Total de préstamos a la provincia de Mendoza,Préstamos por tipo de titular,En miles de ARS
488,Total de depósitos de la provincia de Mendoza,Depósitos por tipo de titular,En miles de ARS
489,Total de préstamos a la provincia de Misiones,Préstamos por tipo de titular,En miles de ARS
490,Total de depósitos de la provincia de Misiones,Depósitos por tipo de titular,En miles de ARS
491,Total de préstamos a la provincia de Neuquén,Préstamos por tipo de titular,En miles de ARS
492,Total de depósitos de la provincia de Neuquén,Depósitos por tipo de titular,En miles de ARS
493,Total de préstamos a la provincia de Rio Negro,Préstamos por tipo de titular,En miles de ARS
494,Total de depósitos de la provincia de Rio Negro,Depósitos por tipo de titular,En miles de ARS
495,Total de préstamos a la provincia de Salta,Préstamos por tipo de titular,En miles de ARS
496,Total de depósitos de la provincia de Salta,Depósitos por tipo de titular,En miles de ARS
497,Total de préstamos a la provincia de San Juan,Préstamos por tipo de titular,En miles de ARS
498,Total de depósitos de la provincia de San Juan,Depósitos por tipo de titular,En miles de ARS
499,Total de préstamos a la provincia de San Luis,Préstamos por tipo de titular,En miles de ARS
500,Total de depósitos de la provincia de San Luis,Depósitos por tipo de titular,En miles de ARS
501,Total de préstamos a la provincia de Santa Cruz,Préstamos por tipo de titular,En miles de ARS
502,Total de depósitos de la provincia de Santa Cruz,Depósitos por tipo de titular,En miles de ARS
503,Total de préstamos a la provincia de Santa Fe,Préstamos por tipo de titular,En miles de ARS
504,Total de depósitos de la provincia de Santa Fe,Depósitos por tipo de titular,En miles de ARS
505,Total de préstamos a la provincia de Santiago del Estero,Préstamos por tipo de titular,En miles de ARS
506,Total de depósitos de la provincia de Santiago del Estero,Depósitos por tipo de titular,En miles de ARS
507,Total de préstamos a la provincia de Tierra del Fuego,Préstamos por tipo de titular,En miles de ARS
508,Total de depósitos de la provincia de Tierra del Fuego,Depósitos por tipo de titular,En miles de ARS
509,Total de préstamos a la provincia de Tucumán,Préstamos por tipo de titular,En miles de ARS
510,Total de depósitos de la provincia de Tucumán,Depósitos por tipo de titular,En miles de ARS
511,Total de préstamos a municipios de la PBA,Préstamos por tipo de titular,En miles de ARS
512,Total de depósitos de municipios de la PBA,Depósitos por tipo de titular,En miles de ARS
513,Total de préstamos a municipios de GBA,Préstamos por tipo de titular,En miles de ARS
514,Total de depósitos de municipios de GBA,Depósitos por tipo de titular,En miles de ARS
515,Total de préstamos a municipios de la PBA no incluidos en el GBA,Préstamos por tipo de titular,En miles de ARS
516,Total de depósitos municipios de la PBA no incluidos en GBA,Depósitos por tipo de titular,En miles de ARS
517,Total de préstamos a municipios de la provincia de Catamarca,Préstamos por tipo de titular,En miles de ARS
518,Total de depósitos de municipios de la provincia de Catamarca,Depósitos por tipo de titular,En miles de ARS
519,Total de préstamos a municipios de la provincia de Córdoba,Préstamos por tipo de titular,En miles de ARS
520,Total de depósitos de municipios de la provincia de Córdoba,Depósitos por tipo de titular,En miles de ARS
521,Total de préstamos a municipios de la provincia de Corrientes,Préstamos por tipo de titular,En miles de ARS
522,Total de depósitos de municipios de la provincia de Corrientes,Depósitos por tipo de titular,En miles de ARS
523,Total de préstamos a municipios de la provincia de Chaco,Préstamos por tipo de titular,En miles de ARS
524,Total de depósitos de municipios de la provincia de Chaco,Depósitos por tipo de titular,En miles de ARS
525,Total de préstamos a municipios de la provincia de Chubut,Préstamos por tipo de titular,En miles de ARS
526,Total de depósitos de municipios de la provincia de Chubut,Depósitos por tipo de titular,En miles de ARS
527,Total de préstamos a municipios de la provincia de Entre Ríos,Préstamos por tipo de titular,En miles de ARS
528,Total de depósitos de municipios de la provincia de Entre Ríos,Depósitos por tipo de titular,En miles de ARS
529,Total de préstamos a municipios de la provincia de Formosa,Préstamos por tipo de titular,En miles de ARS
530,Total de depósitos de municipios de la provincia de Formosa,Depósitos por tipo de titular,En miles de ARS
531,Total de préstamos a municipios de la provincia de Jujuy,Préstamos por tipo de titular,En miles de ARS
532,Total de depósitos de municipios de la provincia de Jujuy,Depósitos por tipo de titular,En miles de ARS
533,Total de préstamos a municipios de la provincia de La Pampa,Préstamos por tipo de titular,En miles de ARS
534,Total de depósitos de municipios de la provincia de La Pampa,Depósitos por tipo de titular,En miles de ARS
535,Total de préstamos a municipios de la provincia de La Rioja,Préstamos por tipo de titular,En miles de ARS
536,Total de depósitos de municipios de la provincia de La Rioja,Depósitos por tipo de titular,En miles de ARS
537,Total de préstamos a municipios de la provincia de Mendoza,Préstamos por tipo de titular,En miles de ARS
538,Total de depósitos de municipios de la provincia de Mendoza,Depósitos por tipo de titular,En miles de ARS
539,Total de préstamos a municipios de la provincia de Misiones,Préstamos por tipo de titular,En miles de ARS
540,Total de depósitos de municipios de la provincia de Misiones,Depósitos por tipo de titular,En miles de ARS
541,Total de préstamos a municipios de la provincia de Neuquén,Préstamos por tipo de titular,En miles de ARS
542,Total de depósitos de municipios de la provincia de Neuquén,Depósitos por tipo de titular,En miles de ARS
543,Total de préstamos a municipios de la provincia de Rio Negro,Préstamos por tipo de titular,En miles de ARS
544,Total de depósitos de municipios de la provincia de Rio Negro,Depósitos por tipo de titular,En miles de ARS
545,Total de préstamos a municipios de la provincia de Salta,Préstamos por tipo de titular,En miles de ARS
546,Total de depósitos de municipios de la provincia de Salta,Depósitos por tipo de titular,En miles de ARS
547,Total de préstamos a municipios de la provincia de San Juan,Préstamos por tipo de titular,En miles de ARS
548,Total de depósitos de municipios de la provincia de San Juan,Depósitos por tipo de titular,En miles de ARS
549,Total de préstamos a municipios de la provincia de San Luis,Préstamos por tipo de titular,En miles de ARS
550,Total de depósitos de municipios de la provincia de San Luis,Depósitos por tipo de titular,En miles de ARS
551,Total de préstamos a municipios de la provincia de Santa Cruz,Préstamos por tipo de titular,En miles de ARS
552,Total de depósitos de municipios de la provincia de Santa Cruz,Depósitos por tipo de titular,En miles de ARS
553,Total de préstamos a municipios de la provincia de Santa Fe,Préstamos por tipo de titular,En miles de ARS
554,Total de depósitos de municipios de la provincia de Santa Fe,Depósitos por tipo de titular,En miles de ARS
555,Total de préstamos a municipios de la provincia de Santiago del Estero,Préstamos por tipo de titular,En miles de ARS
556,Total de depósitos de municipios de la provincia de Santiago del Estero,Depósitos por tipo de titular,En miles de ARS
557,Total de préstamos a municipios de la provincia de Tierra del Fuego,Préstamos por tipo de titular,En miles de ARS
558,Total de depósitos de municipios de la provincia de Tierra del Fuego,Depósitos por tipo de titular,En miles de ARS
559,Total de préstamos a municipios de la provincia de Tucumán,Préstamos por tipo de titular,En miles de ARS
560,Total de depósitos de municipios de la provincia de Tucumán,Depósitos por tipo de titular,En miles de ARS
561,Depósitos en cuentas corrientes de municipios de la PBA,Depósitos por tipo de titular,En miles de ARS
562,Depósitos en caja de ahorros de municipios de la PBA,Depósitos por tipo de titular,En miles de ARS
563,Depósitos en plazo fijo de municipios de la PBA,Depósitos por tipo de titular,En miles de ARS
564,Depósitos en cuentas corrientes de municipios del GBA,Depósitos por tipo de titular,En miles de ARS
565,Depósitos en caja de ahorros de municipios del GBA,Depósitos por tipo de titular,En miles de ARS
566,Depósitos en plazo fijo de municipios del GBA,Depósitos por tipo de titular,En miles de ARS
567,Depósitos en cuentas corrientes de municipios de la PBA no incluidos en GBA,Depósitos por tipo de titular,En miles de ARS
568,Depósitos en caja de ahorros de municipios no incluidos en GBA,Depósitos por tipo de titular,En miles de ARS
569,Depósitos a plazo fijo de municipios no incluidos en el GBA,Depósitos por tipo de titular,En miles de ARS
570,Depósitos en cuentas corrientes de municipios de la provincia de Catamarca,Depósitos por tipo de titular,En miles de ARS
571,Depósitos en caja de ahorros de municipios de la provincia de Catamarca,Depósitos por tipo de titular,En miles de ARS
572,Depósitos a plazo fijo de municipios de la provincia de Catamarca,Depósitos por tipo de titular,En miles de ARS
573,Depósitos en cuentas corrientes de municipios de la provincia de Córdoba,Depósitos por tipo de titular,En miles de ARS
574,Depósitos en caja de ahorros de municipios de la provincia de Córdoba,Depósitos por tipo de titular,En miles de ARS
575,Depósitos a plazo fijo de municipios de la provincia de Córdoba,Depósitos por tipo de titular,En miles de ARS
576,Depósitos en cuentas corrientes de municipios de la provincia de Corrientes,Depósitos por tipo de titular,En miles de ARS
577,Depósitos en caja de ahorros de municipios de la provincia de Corrientes,Depósitos por tipo de titular,En miles de ARS
578,Depósitos a plazo fijo de municipios de la provincia de Corrientes,Depósitos por tipo de titular,En miles de ARS
579,Depósitos en cuentas corrientes de municipios de la provincia de Chaco,Depósitos por tipo de titular,En miles de ARS
580,Depósitos en caja de ahorros de municipios de la provincia de Chaco,Depósitos por tipo de titular,En miles de ARS
581,Depósitos a plazo fijo de municipios de la provincia de Chaco,Depósitos por tipo de titular,En miles de ARS
582,Depósitos en cuentas corrientes de municipios de la provincia de Chubut,Depósitos por tipo de titular,En miles de ARS
583,Depósitos en caja de ahorros de municipios de la provincia de Chubut,Depósitos por tipo de titular,En miles de ARS
584,Depósitos a plazo fijo de municipios de la provincia de Chubut,Depósitos por tipo de titular,En miles de ARS
585,Depósitos en cuentas corrientes de municipios de la provincia de Entre Ríos,Depósitos por tipo de titular,En miles de ARS
586,Depósitos en caja de ahorros de municipios de la provincia de Entre Ríos,Depósitos por tipo de titular,En miles de ARS
587,Depósitos a plazo fijo de municipios de la provincia de Entre Ríos,Depósitos por tipo de titular,En miles de ARS
588,Depósitos en cuentas corrientes de municipios de la provincia de Formosa,Depósitos por tipo de titular,En miles de ARS
589,Depósitos en caja de ahorros de municipios de la provincia de Formosa,Depósitos por tipo de titular,En miles de ARS
590,Depósitos a plazo fijo de municipios de la provincia de Formosa,Depósitos por tipo de titular,En miles de ARS
591,Depósitos en cuentas corrientes de municipios de la provincia de Jujuy,Depósitos por tipo de titular,En miles de ARS
592,Depósitos en caja de ahorros de municipios de la provincia de Jujuy,Depósitos por tipo de titular,En miles de ARS
593,Depósitos a plazo fijo de municipios de la provincia de Jujuy,Depósitos por tipo de titular,En miles de ARS
594,Depósitos en cuentas corrientes de municipios de la provincia de la Pampa,Depósitos por tipo de titular,En miles de ARS
595,Depósitos en caja de ahorros de municipios de la provincia de la Pampa,Depósitos por tipo de titular,En miles de ARS
596,Depósitos a plazo fijo de municipios de la provincia de la Pampa,Depósitos por tipo de titular,En miles de ARS
597,Depósitos en cuentas corrientes de municipios de la provincia de la Rioja,Depósitos por tipo de titular,En miles de ARS
598,Depósitos en caja de ahorros de municipios de la provincia de la Rioja,Depósitos por tipo de titular,En miles de ARS
599,Depósitos a plazo fijo de municipios de la provincia de la Rioja,Depósitos por tipo de titular,En miles de ARS
600,Depósitos en cuentas corrientes de municipios de la provincia de Mendoza,Depósitos por tipo de titular,En miles de ARS
601,Depósitos en caja de ahorros de municipios de la provincia de Mendoza,Depósitos por tipo de titular,En miles de ARS
602,Depósitos a plazo fijo de municipios de la provincia de Mendoza,Depósitos por tipo de titular,En miles de ARS
603,Depósitos en cuentas corrientes de municipios de la provincia de Misiones,Depósitos por tipo de titular,En miles de ARS
604,Depósitos en caja de ahorros de municipios de la provincia de Misiones,Depósitos por tipo de titular,En miles de ARS
605,Depósitos a plazo fijo de municipios de la provincia de Misiones,Depósitos por tipo de titular,En miles de ARS
606,Depósitos en cuentas corrientes de municipios de la provincia de Neuquén,Depósitos por tipo de titular,En miles de ARS
607,Depósitos en caja de ahorros de municipios de la provincia de Neuquén,Depósitos por tipo de titular,En miles de ARS
608,Depósitos a plazo fijo de municipios de la provincia de Neuquén,Depósitos por tipo de titular,En miles de ARS
609,Depósitos en cuentas corrientes de municipios de la provincia de Rio Negro,Depósitos por tipo de titular,En miles de ARS
610,Depósitos en caja de ahorros de municipios de la provincia de Rio Negro,Depósitos por tipo de titular,En miles de ARS
611,Depósitos a plazo fijo de municipios de la provincia de Rio Negro,Depósitos por tipo de titular,En miles de ARS
612,Depósitos en cuentas corrientes de municipios de la provincia de Salta,Depósitos por tipo de titular,En miles de ARS
613,Depósitos en caja de ahorros de municipios de la provincia de Salta,Depósitos por tipo de titular,En miles de ARS
614,Depósitos a plazo fijo de municipios de la provincia de Salta,Depósitos por tipo de titular,En miles de ARS
615,Depósitos en cuentas corrientes de municipios de la provincia de San Juan,Depósitos por tipo de titular,En miles de ARS
616,Depósitos en caja de ahorros de municipios de la provincia de San Juan,Depósitos por tipo de titular,En miles de ARS
617,Depósitos a plazo fijo de municipios de la provincia de San Juan,Depósitos por tipo de titular,En miles de ARS
618,Depósitos en cuentas corrientes de municipios de la provincia de San Luis,Depósitos por tipo de titular,En miles de ARS
619,Depósitos en caja de ahorros de municipios de la provincia de San Luis,Depósitos por tipo de titular,En miles de ARS
620,Depósitos a plazo fijo de municipios de la provincia de San Luis,Depósitos por tipo de titular,En miles de ARS
621,Depósitos en cuentas corrientes de municipios de la provincia de Santa Cruz,Depósitos por tipo de titular,En miles de ARS
622,Depósitos en caja de ahorros de municipios de la provincia de Santa Cruz,Depósitos por tipo de titular,En miles de ARS
623,Depósitos a plazo fijo de municipios de la provincia de Santa Cruz,Depósitos por tipo de titular,En miles de ARS
624,Depósitos en cuentas corrientes de municipios de la provincia de Santa Fe,Depósitos por tipo de titular,En miles de ARS
625,Depósitos en caja de ahorros de municipios de la provincia de Santa Fe,Depósitos por tipo de titular,En miles de ARS
626,Depósitos a plazo fijo de municipios de la provincia de Santa Fe,Depósitos por tipo de titular,En miles de ARS
627,Depósitos en cuentas corrientes de municipios de la provincia de Santiago del Estero,Depósitos por tipo de titular,En miles de ARS
628,Depósitos en caja de ahorros de municipios de la provincia de Santiago del Estero,Depósitos por tipo de titular,En miles de ARS
629,Depósitos a plazo fijo de municipios de la provincia de Santiago del Estero,Depósitos por tipo de titular,En miles de ARS
630,Depósitos en cuentas corrientes de municipios de la provincia de Tierra del Fuego,Depósitos por tipo de titular,En miles de ARS
631,Depósitos en caja de ahorros de municipios de la provincia de Tierra del Fuego,Depósitos por tipo de titular,En miles de ARS
632,Depósitos a plazo fijo de municipios de la provincia de Tierra del Fuego,Depósitos por tipo de titular,En miles de ARS
633,Depósitos en cuentas corrientes de municipios de la provincia de Tucumán,Depósitos por tipo de titular,En miles de ARS
634,Depósitos en caja de ahorros de municipios de la provincia de Tucumán,Depósitos por tipo de titular,En miles de ARS
635,Depósitos a plazo fijo de municipios de la provincia de Tucumán,Depósitos por tipo de titular,En miles de ARS
636,Total de préstamos a municipios de la PBA,Préstamos por tipo de titular,En miles de ARS
637,Total de depósitos de municipios de la provincia de Buenos Aires,Depósitos por tipo de titular,En miles de ARS
638,Total de préstamos a municipios de GBA,Préstamos por tipo de titular,En miles de ARS
639,Total de depósitos de municipios de GBA,Depósitos por tipo de titular,En miles de ARS
640,Total de préstamos a municipios de la PBA no incluidos en el GBA,Préstamos por tipo de titular,En miles de ARS
641,Total de depósitos de municipios de la PBA no incluidos en GBA,Depósitos por tipo de titular,En miles de ARS
642,Total de préstamos a municipios de Catamarca,Préstamos por tipo de titular,En miles de ARS
643,Total de depósitos de municipios de la provincia de Catamarca,Depósitos por tipo de titular,En miles de ARS
644,Total de préstamos a municipios de la provincia de Córdoba,Préstamos por tipo de titular,En miles de ARS
645,Total de depósitos de municipios de la provincia de Córdoba,Depósitos por tipo de titular,En miles de ARS
646,Total de préstamos a municipios de la provincia de Corrientes,Préstamos por tipo de titular,En miles de ARS
647,Total de depósitos de municipios de la provincia de Corrientes,Depósitos por tipo de titular,En miles de ARS
648,Total de préstamos a municipios de la provincia de Chaco,Préstamos por tipo de titular,En miles de ARS
649,Total de depósitos de municipios de la provincia de Chaco,Depósitos por tipo de titular,En miles de ARS
650,Total de préstamos a municipios de la provincia de Chubut,Préstamos por tipo de titular,En miles de ARS
651,Total de depósitos de municipios de la provincia de Chubut,Depósitos por tipo de titular,En miles de ARS
652,Total de préstamos a municipios de la provincia de Entre Ríos,Préstamos por tipo de titular,En miles de ARS
653,Total de depósitos de municipios de la provincia de Entre Ríos,Depósitos por tipo de titular,En miles de ARS
654,Total de préstamos a municipios de la provincia de Formosa,Préstamos por tipo de titular,En miles de ARS
655,Total de depósitos de municipios de la provincia de Formosa,Depósitos por tipo de titular,En miles de ARS
656,Total de préstamos a municipios de la provincia de Jujuy,Préstamos por tipo de titular,En miles de ARS
657,Total de depósitos de municipios de la provincia de Jujuy,Depósitos por tipo de titular,En miles de ARS
658,Total de préstamos a municipios de la provincia de La Pampa,Préstamos por tipo de titular,En miles de ARS
659,Total de depósitos de municipios de la provincia de La Pampa,Depósitos por tipo de titular,En miles de ARS
660,Total de préstamos a municipios de la provincia de La Rioja,Préstamos por tipo de titular,En miles de ARS
661,Total de depósitos de municipios de la provincia de La Rioja,Depósitos por tipo de titular,En miles de ARS
662,Total de préstamos a municipios de la provincia de Mendoza,Préstamos por tipo de titular,En miles de ARS
663,Total de depósitos de municipios de la provincia de Mendoza,Depósitos por tipo de titular,En miles de ARS
664,Total de préstamos a municipios de la provincia de Misiones,Préstamos por tipo de titular,En miles de ARS
665,Total de depósitos de municipios de la provincia de Misiones,Depósitos por tipo de titular,En miles de ARS
666,Total de préstamos a municipios de la provincia de Neuquén,Préstamos por tipo de titular,En miles de ARS
667,Total de depósitos de municipios de la provincia de Neuquén,Depósitos por tipo de titular,En miles de ARS
668,Total de préstamos a municipios de la provincia de Rio Negro,Préstamos por tipo de titular,En miles de ARS
669,Total de depósitos de municipios de la provincia de Rio Negro,Depósitos por tipo de titular,En miles de ARS
670,Total de préstamos a municipios de la provincia de Salta,Préstamos por tipo de titular,En miles de ARS
671,Total de depósitos de municipios de la provincia de Salta,Depósitos por tipo de titular,En miles de ARS
672,Total de préstamos a municipios de la provincia de San Juan,Préstamos por tipo de titular,En miles de ARS
673,Total de depósitos de municipios de la provincia de San Juan,Depósitos por tipo de titular,En miles de ARS
674,Total de préstamos a municipios de la provincia de San Luis,Préstamos por tipo de titular,En miles de ARS
675,Total de depósitos de municipios de la provincia de San Luis,Depósitos por tipo de titular,En miles de ARS
676,Total de préstamos a municipios de la provincia de Santa Cruz,Préstamos por tipo de titular,En miles de ARS
677,Total de depósitos de municipios de la provincia de Santa Cruz,Depósitos por tipo de titular,En miles de ARS
678,Total de préstamos a municipios de la provincia de Santa Fe,Préstamos por tipo de titular,En miles de ARS
679,Total de depósitos de municipios de la provincia de Santa Fe,Depósitos por tipo de titular,En miles de ARS
680,Total de préstamos a municipios de la provincia de Santiago del Estero,Préstamos por tipo de titular,En miles de ARS
681,Total de depósitos de municipios de la provincia de Santiago del Estero,Depósitos por tipo de titular,En miles de ARS
682,Total de préstamos a municipios de la provincia de Tierra del Fuego,Préstamos por tipo de titular,En miles de ARS
683,Total de depósitos de municipios de la provincia de Tierra del Fuego,Depósitos por tipo de titular,En miles de ARS
684,Total de préstamos a municipios de la provincia de Tucumán,Préstamos por tipo de titular,En miles de ARS
685,Total de depósitos de municipios de la provincia de Tucumán,Depósitos por tipo de titular,En miles de ARS
686,Total de préstamos a empresas provinciales a la Ciudad Autónoma de Buenos Aires,Préstamos por tipo de titular,En miles de ARS
687,Total de depósitos de empresas provinciales de la Ciudad Autónoma de Buenos Aires,Depósitos por tipo de titular,En miles de ARS
688,Total de préstamos a empresas provinciales de la PBA,Préstamos por tipo de titular,En miles de ARS
689,Total de depósitos de empresas provinciales de la PBA,Depósitos por tipo de titular,En miles de ARS
690,Total de préstamos a empresas provinciales de la provincia de Catamarca,Préstamos por tipo de titular,En miles de ARS
691,Total de depósitos de empresas provinciales de la provincia de Catamarca,Depósitos por tipo de titular,En miles de ARS
692,Total de préstamos a empresas provinciales de la provincia de Córdoba,Préstamos por tipo de titular,En miles de ARS
693,Total de depósitos de empresas provinciales de la provincia de Córdoba,Depósitos por tipo de titular,En miles de ARS
694,Total de préstamos a empresas provinciales de la provincia de Corrientes,Préstamos por tipo de titular,En miles de ARS
695,Total de depósitos de empresas provinciales de la provincia de Corrientes,Depósitos por tipo de titular,En miles de ARS
696,Total de préstamos a empresas provinciales de la provincia de Chaco,Préstamos por tipo de titular,En miles de ARS
697,Total de depósitos de empresas provinciales de la provincia de Chaco,Depósitos por tipo de titular,En miles de ARS
698,Total de préstamos a empresas provinciales de la provincia de Chubut,Préstamos por tipo de titular,En miles de ARS
699,Total de depósitos de empresas provinciales de la provincia de Chubut,Depósitos por tipo de titular,En miles de ARS
700,Total de préstamos a empresas provinciales de la provincia de Entre Ríos,Préstamos por tipo de titular,En miles de ARS
701,Total de depósitos de empresas provinciales de la provincia de Entre Ríos,Depósitos por tipo de titular,En miles de ARS
702,Total de préstamos a empresas provinciales de la provincia de Formosa,Préstamos por tipo de titular,En miles de ARS
703,Total de depósitos de empresas provinciales de la provincia de Formosa,Depósitos por tipo de titular,En miles de ARS
704,Total de préstamos a empresas provinciales de la provincia de Jujuy,Préstamos por tipo de titular,En miles de ARS
705,Total de depósitos de empresas provinciales de la provincia de Jujuy,Depósitos por tipo de titular,En miles de ARS
706,Total de préstamos a empresas provinciales de la provincia de La Pampa,Préstamos por tipo de titular,En miles de ARS
707,Total de depósitos de empresas provinciales de la provincia de La Pampa,Depósitos por tipo de titular,En miles de ARS
708,Total de préstamos a empresas provinciales de la provincia de La Rioja,Préstamos por tipo de titular,En miles de ARS
709,Total de depósitos de empresas provinciales de la provincia de La Rioja,Depósitos por tipo de titular,En miles de ARS
710,Total de préstamos a empresas provinciales de la provincia de Mendoza,Préstamos por tipo de titular,En miles de ARS
711,Total de depósitos de empresas provinciales de la provincia de Mendoza,Depósitos por tipo de titular,En miles de ARS
712,Total de préstamos a empresas provinciales de la provincia de Misiones,Préstamos por tipo de titular,En miles de ARS
713,Total de depósitos de empresas provinciales de la provincia de Misiones,Depósitos por tipo de titular,En miles de ARS
714,Total de préstamos a empresas provinciales de la provincia de Neuquén,Préstamos por tipo de titular,En miles de ARS
715,Total de depósitos de empresas provinciales de la provincia de Neuquén,Depósitos por tipo de titular,En miles de ARS
716,Total de préstamos a empresas provinciales de la provincia de Rio Negro,Préstamos por tipo de titular,En miles de ARS
717,Total de depósitos de empresas provinciales de la provincia de Rio Negro,Depósitos por tipo de titular,En miles de ARS
718,Total de préstamos a empresas provinciales de la provincia de Salta,Préstamos por tipo de titular,En miles de ARS
719,Total de depósitos de empresas provinciales de la provincia de Salta,Depósitos por tipo de titular,En miles de ARS
720,Total de préstamos a empresas provinciales de la provincia de San Juan,Préstamos por tipo de titular,En miles de ARS
721,Total de depósitos de empresas provinciales de la provincia de San Juan,Depósitos por tipo de titular,En miles de ARS
722,Total de préstamos a empresas provinciales de la provincia de San Luis,Préstamos por tipo de titular,En miles de ARS
723,Total de depósitos de empresas provinciales de la provincia de San Luis,Depósitos por tipo de titular,En miles de ARS
724,Total de préstamos a empresas provinciales de la provincia de Santa Cruz,Préstamos por tipo de titular,En miles de ARS
725,Total de depósitos de empresas provinciales de la provincia de Santa Cruz,Depósitos por tipo de titular,En miles de ARS
726,Total de préstamos a empresas provinciales de la provincia de Santa Fe,Préstamos por tipo de titular,En miles de ARS
727,Total de depósitos de empresas provinciales de la provincia de Santa Fe,Depósitos por tipo de titular,En miles de ARS
728,Total de préstamos a empresas provinciales de la provincia de Santiago del Estero,Préstamos por tipo de titular,En miles de ARS
729,Total de depósitos de empresas provinciales de la provincia de Santiago del Estero,Depósitos por tipo de titular,En miles de ARS
730,Total de préstamos a empresas provinciales de la provincia de Tierra del Fuego,Préstamos por tipo de titular,En miles de ARS
731,Total de depósitos de empresas provinciales de la provincia de Tierra del Fuego,Depósitos por tipo de titular,En miles de ARS
732,Total de préstamos a empresas provinciales de la provincia de Tucumán,Préstamos por tipo de titular,En miles de ARS
733,Total de depósitos de empresas provinciales de la provincia de Tucumán,Depósitos por tipo de titular,En miles de ARS
734,Total de préstamos a empresas provinciales a la Ciudad Autónoma de Buenos Aires,Préstamos por tipo de titular,En miles de ARS
735,Total de depósitos de empresas provinciales de la Ciudad Autónoma de Buenos Aires,Depósitos por tipo de titular,En miles de ARS
736,Total de préstamos a empresas provinciales de la PBA,Préstamos por tipo de titular,En miles de ARS
737,Total de depósitos de empresas provinciales de PBA,Depósitos por tipo de titular,En miles de ARS
738,Total de préstamos a empresas provinciales de la provincia de Catamarca,Préstamos por tipo de titular,En miles de ARS
739,Total de depósitos de empresas provinciales de la provincia de Catamarca,Depósitos por tipo de titular,En miles de ARS
740,Total de préstamos a empresas provinciales de la provincia de Córdoba,Préstamos por tipo de titular,En miles de ARS
741,Total de depósitos de empresas provinciales de la provincia de Córdoba,Depósitos por tipo de titular,En miles de ARS
742,Total de préstamos a empresas provinciales de la provincia de Corrientes,Préstamos por tipo de titular,En miles de ARS
743,Total de depósitos de empresas provinciales de la provincia de Corrientes,Depósitos por tipo de titular,En miles de ARS
744,Total de préstamos a empresas provinciales de la provincia de Chaco,Préstamos por tipo de titular,En miles de ARS
745,Total de depósitos de empresas provinciales de la provincia de Chaco,Depósitos por tipo de titular,En miles de ARS
746,Total de préstamos a empresas provinciales de la provincia de Chubut,Préstamos por tipo de titular,En miles de ARS
747,Total de depósitos de empresas provinciales de la provincia de Chubut,Depósitos por tipo de titular,En miles de ARS
748,Total de préstamos a empresas provinciales de la provincia de Entre Ríos,Préstamos por tipo de titular,En miles de ARS
749,Total de depósitos de empresas provinciales de la provincia de Entre Ríos,Depósitos por tipo de titular,En miles de ARS
750,Total de préstamos a empresas provinciales de la provincia de Formosa,Préstamos por tipo de titular,En miles de ARS
751,Total de depósitos de empresas provinciales de la provincia de Formosa,Depósitos por tipo de titular,En miles de ARS
752,Total de préstamos a empresas provinciales de la provincia de Jujuy,Préstamos por tipo de titular,En miles de ARS
753,Total de depósitos de empresas provinciales de la provincia de Jujuy,Depósitos por tipo de titular,En miles de ARS
754,Total de préstamos a empresas provinciales de la provincia de La Pampa,Préstamos por tipo de titular,En miles de ARS
755,Total de depósitos de empresas provinciales de la provincia de La Pampa,Depósitos por tipo de titular,En miles de ARS
756,Total de préstamos a empresas provinciales de la provincia de La Rioja,Préstamos por tipo de titular,En miles de ARS
757,Total de depósitos de empresas provinciales de la provincia de La Rioja,Depósitos por tipo de titular,En miles de ARS
758,Total de préstamos a empresas provinciales de la provincia de Mendoza,Préstamos por tipo de titular,En miles de ARS
759,Total de depósitos de empresas provinciales de la provincia de Mendoza,Depósitos por tipo de titular,En miles de ARS
760,Total de préstamos a empresas provinciales de la provincia de Misiones,Préstamos por tipo de titular,En miles de ARS
761,Total de depósitos de empresas provinciales de la provincia de Misiones,Depósitos por tipo de titular,En miles de ARS
762,Total de préstamos a empresas provinciales de la provincia de Neuquén,Préstamos por tipo de titular,En miles de ARS
763,Total de depósitos de empresas provinciales de la provincia de Neuquén,Depósitos por tipo de titular,En miles de ARS
764,Total de préstamos a empresas provinciales de la provincia de Rio Negro,Préstamos por tipo de titular,En miles de ARS
765,Total de depósitos de empresas provinciales de la provincia de Rio Negro,Depósitos por tipo de titular,En miles de ARS
766,Total de préstamos a empresas provinciales de la provincia de Salta,Préstamos por tipo de titular,En miles de ARS
767,Total de depósitos de empresas provinciales de la provincia de Salta,Depósitos por tipo de titular,En miles de ARS
768,Total de préstamos a empresas provinciales de la provincia de San Juan,Préstamos por tipo de titular,En miles de ARS
769,Total de depósitos de empresas provinciales de la provincia de San Juan,Depósitos por tipo de titular,En miles de ARS
770,Total de préstamos a empresas provinciales de la provincia de San Luis,Préstamos por tipo de titular,En miles de ARS
771,Total de depósitos de empresas provinciales de la provincia de San Luis,Depósitos por tipo de titular,En miles de ARS
772,Total de préstamos a empresas provinciales de la provincia de Santa Cruz,Préstamos por tipo de titular,En miles de ARS
773,Total de depósitos de empresas provinciales de la provincia de Santa Cruz,Depósitos por tipo de titular,En miles de ARS
774,Total de préstamos a empresas provinciales de la provincia de Santa Fe,Préstamos por tipo de titular,En miles de ARS
775,Total de depósitos de empresas provinciales de la provincia de Santa Fe,Depósitos por tipo de titular,En miles de ARS
776,Total de préstamos a empresas provinciales de la provincia de Santiago del Estero,Préstamos por tipo de titular,En miles de ARS
777,Total de depósitos de empresas provinciales de la provincia de Santiago del Estero,Depósitos por tipo de titular,En miles de ARS
778,Total de préstamos a empresas provinciales de la provincia de Tierra del Fuego,Préstamos por tipo de titular,En miles de ARS
779,Total de depósitos de empresas provinciales de la provincia de Tierra del Fuego,Depósitos por tipo de titular,En miles de ARS
780,Total de préstamos a empresas provinciales de la provincia de Tucumán,Préstamos por tipo de titular,En miles de ARS
781,Total de depósitos de empresas provinciales de la provincia de Tucumán,Depósitos por tipo de titular,En miles de ARS
782,Total de préstamos a empresas municipales de la PBA,Préstamos por tipo de titular,En miles de ARS
783,Total de depósitos de empresas municipales de la PBA,Depósitos por tipo de titular,En miles de ARS
784,Total de préstamos a empresas municipales de GBA,Préstamos por tipo de titular,En miles de ARS
785,Total de depósitos de empresas municipales de GBA,Depósitos por tipo de titular,En miles de ARS
786,Total de préstamos a empresas municipales de municipios de la PBA no incluidos en el GBA,Préstamos por tipo de titular,En miles de ARS
787,Total de depósitos de empresas municipales de municipios de la PBA no incluidos en el GBA,Depósitos por tipo de titular,En miles de ARS
788,Total de préstamos a empresas municipales de la provincia de Catamarca,Préstamos por tipo de titular,En miles de ARS
789,Total de depósitos de empresas municipales de la provincia de Catamarca,Depósitos por tipo de titular,En miles de ARS
790,Total de préstamos a empresas municipales de la provincia de Córdoba,Préstamos por tipo de titular,En miles de ARS
791,Total de depósitos de empresas municipales de la provincia de Córdoba,Depósitos por tipo de titular,En miles de ARS
792,Total de préstamos a empresas municipales de la provincia de Corrientes,Préstamos por tipo de titular,En miles de ARS
793,Total de depósitos de empresas municipales de la provincia de Corrientes,Depósitos por tipo de titular,En miles de ARS
794,Total de préstamos a empresas municipales de la provincia de Chaco,Préstamos por tipo de titular,En miles de ARS
795,Total de depósitos de empresas municipales de la provincia de Chaco,Depósitos por tipo de titular,En miles de ARS
796,Total de préstamos a empresas municipales de la provincia de Chubut,Préstamos por tipo de titular,En miles de ARS
797,Total de depósitos de empresas municipales de la provincia de Chubut,Depósitos por tipo de titular,En miles de ARS
798,Total de préstamos a empresas municipales de la provincia de Entre Ríos,Préstamos por tipo de titular,En miles de ARS
799,Total de depósitos de empresas municipales de la provincia de Entre Ríos,Depósitos por tipo de titular,En miles de ARS
800,Total de préstamos a empresas municipales de la provincia de Formosa,Préstamos por tipo de titular,En miles de ARS
801,Total de depósitos de empresas municipales de la provincia de Formosa,Depósitos por tipo de titular,En miles de ARS
802,Total de préstamos a empresas municipales de la provincia de Jujuy,Préstamos por tipo de titular,En miles de ARS
803,Total de depósitos de empresas municipales de la provincia de Jujuy,Depósitos por tipo de titular,En miles de ARS
804,Total de préstamos a empresas municipales de la provincia de La Pampa,Préstamos por tipo de titular,En miles de ARS
805,Total de depósitos de empresas municipales de la provincia de La Pampa,Depósitos por tipo de titular,En miles de ARS
806,Total de préstamos a empresas municipales de la provincia de La Rioja,Préstamos por tipo de titular,En miles de ARS
807,Total de depósitos de empresas municipales de la provincia de La Rioja,Depósitos por tipo de titular,En miles de ARS
808,Total de préstamos a empresas municipales de la provincia de Mendoza,Préstamos por tipo de titular,En miles de ARS
809,Total de depósitos de empresas municipales de la provincia de Mendoza,Depósitos por tipo de titular,En miles de ARS
810,Total de préstamos a empresas municipales de la provincia de Misiones,Préstamos por tipo de titular,En miles de ARS
811,Total de depósitos de empresas municipales de la provincia de Misiones,Depósitos por tipo de titular,En miles de ARS
812,Total de préstamos a empresas municipales de la provincia de Neuquén,Préstamos por tipo de titular,En miles de ARS
813,Total de depósitos de empresas municipales de la provincia de Neuquén,Depósitos por tipo de titular,En miles de ARS
814,Total de préstamos a empresas municipales de la provincia de Rio Negro,Préstamos por tipo de titular,En miles de ARS
815,Total de depósitos de empresas municipales de la provincia de Rio Negro,Depósitos por tipo de titular,En miles de ARS
816,Total de préstamos a empresas municipales de la provincia de Salta,Préstamos por tipo de titular,En miles de ARS
817,Total de depósitos de empresas municipales de la provincia de Salta,Depósitos por tipo de titular,En miles de ARS
818,Total de préstamos a empresas municipales de la provincia de San Juan,Préstamos por tipo de titular,En miles de ARS
819,Total de depósitos de empresas municipales de la provincia de San Juan,Depósitos por tipo de titular,En miles de ARS
820,Total de préstamos a empresas municipales de la provincia de San Luis,Préstamos por tipo de titular,En miles de ARS
821,Total de depósitos de empresas municipales de la provincia de San Luis,Depósitos por tipo de titular,En miles de ARS
822,Total de préstamos a empresas municipales de la provincia de Santa Cruz,Préstamos por tipo de titular,En miles de ARS
823,Total de depósitos de empresas municipales de la provincia de Santa Cruz,Depósitos por tipo de titular,En miles de ARS
824,Total de préstamos a empresas municipales de la provincia de Santa Fe,Préstamos por tipo de titular,En miles de ARS
825,Total de depósitos de empresas municipales de la provincia de Santa Fe,Depósitos por tipo de titular,En miles de ARS
826,Total de préstamos a empresas municipales de la provincia de Santiago del Estero,Préstamos por tipo de titular,En miles de ARS
827,Total de depósitos de empresas municipales de la provincia de Santiago del Estero,Depósitos por tipo de titular,En miles de ARS
828,Total de préstamos a empresas municipales de la provincia de Tierra del Fuego,Préstamos por tipo de titular,En miles de ARS
829,Total de depósitos de empresas municipales de la provincia de Tierra del Fuego,Depósitos por tipo de titular,En miles de ARS
830,Total de préstamos a empresas municipales de la provincia de Tucumán,Préstamos por tipo de titular,En miles de ARS
831,Total de depósitos de empresas municipales de la provincia de Tucumán,Depósitos por tipo de titular,En miles de ARS
832,Total de préstamos a empresas municipales de la PBA,Préstamos por tipo de titular,En miles de ARS
833,Total de depósitos de empresas municipales de la PBA,Depósitos por tipo de titular,En miles de ARS
834,Total de préstamos a empresas municipales de municipios GBA,Préstamos por tipo de titular,En miles de ARS
835,Total de depósitos de empresas municipales de municipios GBA,Depósitos por tipo de titular,En miles de ARS
836,Total de préstamos a empresas municipales de municipios de la PBA no incluidos en el GBA,Préstamos por tipo de titular,En miles de ARS
837,Total de depósitos de empresas municipales de municipios de la PBA no incluidos en el GBA,Depósitos por tipo de titular,En miles de ARS
838,Total de préstamos a empresas municipales de la provincia de Catamarca,Préstamos por tipo de titular,En miles de ARS
839,Total de depósitos de empresas municipales de la provincia de Catamarca,Depósitos por tipo de titular,En miles de ARS
840,Total de préstamos a empresas municipales de la provincia de Córdoba,Préstamos por tipo de titular,En miles de ARS
841,Total de depósitos de empresas municipales de la provincia de Córdoba,Depósitos por tipo de titular,En miles de ARS
842,Total de préstamos a empresas municipales de la provincia de Corrientes,Préstamos por tipo de titular,En miles de ARS
843,Total de depósitos de empresas municipales de la provincia de Corrientes,Depósitos por tipo de titular,En miles de ARS
844,Total de préstamos a empresas municipales de la provincia de Chaco,Préstamos por tipo de titular,En miles de ARS
845,Total de depósitos de empresas municipales de la provincia de Chaco,Depósitos por tipo de titular,En miles de ARS
846,Total de préstamos a empresas municipales de la provincia de Chubut,Préstamos por tipo de titular,En miles de ARS
847,Total de depósitos de empresas municipales de la provincia de Chubut,Depósitos por tipo de titular,En miles de ARS
848,Total de préstamos a empresas municipales de la provincia de Entre Ríos,Préstamos por tipo de titular,En miles de ARS
849,Total de depósitos de empresas municipales de la provincia de Entre Ríos,Depósitos por tipo de titular,En miles de ARS
850,Total de préstamos a empresas municipales de la provincia de Formosa,Préstamos por tipo de titular,En miles de ARS
851,Total de depósitos de empresas municipales de la provincia de Formosa,Depósitos por tipo de titular,En miles de ARS
852,Total de préstamos a empresas municipales a la provincia de Jujuy,Préstamos por tipo de titular,En miles de ARS
853,Total de depósitos de empresas municipales de la provincia de Jujuy,Depósitos por tipo de titular,En miles de ARS
854,Total de préstamos a empresas municipales de la provincia de La Pampa,Préstamos por tipo de titular,En miles de ARS
855,Total de depósitos de empresas municipales de la provincia de La Pampa,Depósitos por tipo de titular,En miles de ARS
856,Total de préstamos a empresas municipales de la provincia de La Rioja,Préstamos por tipo de titular,En miles de ARS
857,Total de depósitos de empresas municipales de la provincia de La Rioja,Depósitos por tipo de titular,En miles de ARS
858,Total de préstamos a empresas municipales de la provincia de Mendoza,Préstamos por tipo de titular,En miles de ARS
859,Total de depósitos de empresas municipales de la provincia de Mendoza,Depósitos por tipo de titular,En miles de ARS
860,Total de préstamos a empresas municipales de la provincia de Misiones,Préstamos por tipo de titular,En miles de ARS
861,Total de depósitos de empresas municipales de la provincia de Misiones,Depósitos por tipo de titular,En miles de ARS
862,Total de préstamos a empresas municipales de la provincia de Neuquén,Préstamos por tipo de titular,En miles de ARS
863,Total de depósitos de empresas municipales de la provincia de Neuquén,Depósitos por tipo de titular,En miles de ARS
864,Total de préstamos a empresas municipales de la provincia de Rio Negro,Préstamos por tipo de titular,En miles de ARS
865,Total de depósitos de empresas municipales de la provincia de Rio Negro,Depósitos por tipo de titular,En miles de ARS
866,Total de préstamos a empresas municipales de la provincia de Salta,Préstamos por tipo de titular,En miles de ARS
867,Total de depósitos de empresas municipales de la provincia de Salta,Depósitos por tipo de titular,En miles de ARS
868,Total de préstamos a empresas municipales de la provincia de San Juan,Préstamos por tipo de titular,En miles de ARS
869,Total de depósitos de empresas municipales de la provincia de San Juan,Depósitos por tipo de titular,En miles de ARS
870,Total de préstamos a empresas municipales de la provincia de San Luis,Préstamos por tipo de titular,En miles de ARS
871,Total de depósitos de empresas municipales de la provincia de San Luis,Depósitos por tipo de titular,En miles de ARS
872,Total de préstamos a empresas municipales de la provincia de Santa Cruz,Préstamos por tipo de titular,En miles de ARS
873,Total de depósitos de empresas municipales de la provincia de Santa Cruz,Depósitos por tipo de titular,En miles de ARS
874,Total de préstamos a empresas municipales de la provincia de Santa Fe,Préstamos por tipo de titular,En miles de ARS
875,Total de depósitos de empresas municipales de la provincia de Santa Fe,Depósitos por tipo de titular,En miles de ARS
876,Total de préstamos a empresas municipales de la provincia de Santiago del Estero,Préstamos por tipo de titular,En miles de ARS
877,Total de depósitos de empresas municipales de la provincia de Santiago del Estero,Depósitos por tipo de titular,En miles de ARS
878,Total de préstamos a empresas municipales de la provincia de Tierra del Fuego,Préstamos por tipo de titular,En miles de ARS
879,Total de depósitos de empresas municipales de la provincia de Tierra del Fuego,Depósitos por tipo de titular,En miles de ARS
880,Total de préstamos a empresas municipales de la provincia de Tucumán,Préstamos por tipo de titular,En miles de ARS
881,Total de depósitos de empresas municipales de la provincia de Tucumán,Depósitos por tipo de titular,En miles de ARS
882,Total de préstamos al sector privado no financiero,Préstamos por tipo de titular,En miles de ARS
883,Total de préstamos a personas humanas,Préstamos por tipo de titular,En miles de ARS
884,Total de préstamos a personas jurídicas,Préstamos por tipo de titular,En miles de ARS
885,Total de préstamos a las prestadoras de servicios financieros,Préstamos por tipo de titular,En miles de ARS
886,Total de préstamos a las compañías de seguros,Préstamos por tipo de titular,En miles de ARS
887,Total de préstamos a los fondos comunes de inversión,Préstamos por tipo de titular,En miles de ARS
888,Total de préstamos a las administradoras de fondos de jubilaciones y pensiones,Préstamos por tipo de titular,En miles de ARS
889,Total de préstamos a las sociedades autorizadas para actuar como fiduciario financiero,Préstamos por tipo de titular,En miles de ARS
890,Total de préstamos a empresas que no son prestadoras de servicios financieros,Préstamos por tipo de titular,En miles de ARS
891,Total de préstamos a pequeños y medianos emprendimientos,Préstamos por tipo de titular,En miles de ARS
892,Total de préstamos a las empresas no constituidas como pequeños y medianos emprendimientos,Préstamos por tipo de titular,En miles de ARS
893,Total de préstamos al sector privado no financiero,Préstamos por tipo de titular,En miles de ARS
894,Total de préstamos a personas humanas,Préstamos por tipo de titular,En miles de ARS
895,Total de préstamos a personas jurídicas,Préstamos por tipo de titular,En miles de ARS
896,Total de préstamos a las prestadoras de servicios financieros,Préstamos por tipo de titular,En miles de ARS
897,Total de préstamos a las compañías de seguros,Préstamos por tipo de titular,En miles de ARS
898,Total de préstamos a los fondos comunes de inversión,Préstamos por tipo de titular,En miles de ARS
899,Total de préstamos a las administradoras de fondos de jubilaciones y pensiones,Préstamos por tipo de titular,En miles de ARS
900,Total de préstamos a las sociedades autorizadas para actuar como fiduciario financiero,Préstamos por tipo de titular,En miles de ARS
901,Total de préstamos a empresas que no son prestadoras de servicios financieros,Préstamos por tipo de titular,En miles de ARS
902,Total de préstamos a pequeños y medianos emprendimientos,Préstamos por tipo de titular,En miles de ARS
903,Total de préstamos a las empresas no constituidas como pequeños y medianos emprendimientos,Préstamos por tipo de titular,En miles de ARS
904,Total de préstamos al sector privado no financiero,Préstamos por tipo de titular,En miles de ARS
905,Total de préstamos a personas humanas,Préstamos por tipo de titular,En miles de ARS
906,Total de préstamos a personas jurídicas,Préstamos por tipo de titular,En miles de ARS
907,Total de préstamos a las prestadoras de servicios financieros,Préstamos por tipo de titular,En miles de ARS
908,Total de préstamos a las compañías de seguros,Préstamos por tipo de titular,En miles de ARS
909,Total de préstamos a los fondos comunes de inversión,Préstamos por tipo de titular,En miles de ARS
910,Total de préstamos a las administradoras de fondos de jubilaciones y pensiones,Préstamos por tipo de titular,En miles de ARS
911,Total de préstamos a las sociedades autorizadas para actuar como fiduciario financiero,Préstamos por tipo de titular,En miles de ARS
912,Total de préstamos a empresas que no son prestadoras de servicios financieros,Préstamos por tipo de titular,En miles de ARS
913,Total de préstamos a pequeños y medianos emprendimientos,Préstamos por tipo de titular,En miles de ARS
914,Total de préstamos a las empresas no constituidas como pequeños y medianos emprendimientos,Préstamos por tipo de titular,En miles de ARS
915,Total de préstamos hipotecaRíos al sector privado,Préstamos por tipo de titular,En miles de ARS
916,Préstamos hipotecarios a personas humanas,Préstamos por tipo de titular,En miles de ARS
917,Préstamos hipotecarios a personas jurídicas,Préstamos por tipo de titular,En miles de ARS
918,Préstamos hipotecarios a las prestadoras de servicios financieros,Préstamos por tipo de titular,En miles de ARS
919,Préstamos hipotecarios a las compañías de seguros,Préstamos por tipo de titular,En miles de ARS
920,Préstamos hipotecarios a los fondos comunes de inversión,Préstamos por tipo de titular,En miles de ARS
921,Préstamos hipotecarios a las administradoras de fondos de jubilaciones y pensiones,Préstamos por tipo de titular,En miles de ARS
922,Préstamos hipotecarios a las sociedades autorizadas para actuar como fiduciario financiero,Préstamos por tipo de titular,En miles de ARS
923,Préstamos hipotecarios a empresas que no son prestadoras de servicios financieros,Préstamos por tipo de titular,En miles de ARS
924,Préstamos hipotecarios a pequeños y medianos emprendimientos,Préstamos por tipo de titular,En miles de ARS
925,Préstamos hipotecarios a las empresas no constituidas como pequeños y medianos emprendimientos,Préstamos por tipo de titular,En miles de ARS
926,Total de préstamos hipotecarios al sector privado,Préstamos por tipo de titular,En miles de ARS
927,Préstamos hipotecarios a personas humanas,Préstamos por tipo de titular,En miles de ARS
928,Préstamos hipotecarios a personas jurídicas,Préstamos por tipo de titular,En miles de ARS
929,Préstamos hipotecarios a las prestadoras de servicios financieros,Préstamos por tipo de titular,En miles de ARS
930,Préstamos hipotecarios a las compañías de seguros,Préstamos por tipo de titular,En miles de ARS
931,Préstamos hipotecarios a los fondos comunes de inversión,Préstamos por tipo de titular,En miles de ARS
932,Préstamos hipotecarios a las administradoras de fondos de jubilaciones y pensiones,Préstamos por tipo de titular,En miles de ARS
933,Préstamos hipotecarios a las sociedades autorizadas para actuar como fiduciario financiero,Préstamos por tipo de titular,En miles de ARS
934,Préstamos hipotecarios a empresas que no son prestadoras de servicios financieros,Préstamos por tipo de titular,En miles de ARS
935,Préstamos hipotecarios a pequeños y medianos emprendimientos,Préstamos por tipo de titular,En miles de ARS
936,Préstamos hipotecarios a las empresas no constituidas como pequeños y medianos emprendimientos,Préstamos por tipo de titular,En miles de ARS
937,Total de préstamos hipotecarios al sector privado,Préstamos por tipo de titular,En miles de ARS
938,Préstamos hipotecarios a personas humanas,Préstamos por tipo de titular,En miles de ARS
939,Préstamos hipotecarios a personas jurídicas,Préstamos por tipo de titular,En miles de ARS
940,Préstamos hipotecarios a las prestadoras de servicios financieros,Préstamos por tipo de titular,En miles de ARS
941,Préstamos hipotecarios a las compañías de seguros,Préstamos por tipo de titular,En miles de ARS
942,Préstamos hipotecarios a los fondos comunes de inversión,Préstamos por tipo de titular,En miles de ARS
943,Préstamos hipotecarios a las administradoras de fondos de jubilaciones y pensiones,Préstamos por tipo de titular,En miles de ARS
944,Préstamos hipotecarios a las sociedades autorizadas para actuar como fiduciario financiero,Préstamos por tipo de titular,En miles de ARS
945,Préstamos hipotecarios a empresas que no son prestadoras de servicios financieros,Préstamos por tipo de titular,En miles de ARS
946,Préstamos hipotecarios a pequeños y medianos emprendimientos,Préstamos por tipo de titular,En miles de ARS
947,Préstamos hipotecarios a las empresas no constituidas como pequeños y medianos emprendimientos,Préstamos por tipo de titular,En miles de ARS
948,Total de préstamos prendarios al sector privado,Préstamos por tipo de titular,En miles de ARS
949,Préstamos prendarios a personas humanas,Préstamos por tipo de titular,En miles de ARS
950,Préstamos prendarios a personas jurídicas,Préstamos por tipo de titular,En miles de ARS
951,Préstamos prendarios a las prestadoras de servicios financieros,Préstamos por tipo de titular,En miles de ARS
952,Préstamos prendarios a las compañías de seguros,Préstamos por tipo de titular,En miles de ARS
953,Préstamos prendarios a los fondos comunes de inversión,Préstamos por tipo de titular,En miles de ARS
954,Préstamos prendarios a las administradoras de fondos de jubilaciones y pensiones,Préstamos por tipo de titular,En miles de ARS
955,Préstamos prendarios a las sociedades autorizadas para actuar como fiduciario financiero,Préstamos por tipo de titular,En miles de ARS
956,Préstamos prendarios a empresas que no son prestadoras de servicios financieros,Préstamos por tipo de titular,En miles de ARS
957,Préstamos prendarios a pequeños y medianos emprendimientos,Préstamos por tipo de titular,En miles de ARS
958,Préstamos prendarios a las empresas no constituidas como pequeños y medianos emprendimientos,Préstamos por tipo de titular,En miles de ARS
959,Total de préstamos prendarios al sector privado,Préstamos por tipo de titular,En miles de ARS
960,Préstamos prendarios a personas humanas,Préstamos por tipo de titular,En miles de ARS
961,Préstamos prendarios a personas jurídicas,Préstamos por tipo de titular,En miles de ARS
962,Préstamos prendarios a las prestadoras de servicios financieros,Préstamos por tipo de titular,En miles de ARS
963,Préstamos prendarios a las compañías de seguros,Préstamos por tipo de titular,En miles de ARS
964,Préstamos prendarios a los fondos comunes de inversión,Préstamos por tipo de titular,En miles de ARS
965,Préstamos prendarios a las administradoras de fondos de jubilaciones y pensiones,Préstamos por tipo de titular,En miles de ARS
966,Préstamos prendarios a las sociedades autorizadas para actuar como fiduciario financiero,Préstamos por tipo de titular,En miles de ARS
967,Préstamos prendarios a empresas que no son prestadoras de servicios financieros,Préstamos por tipo de titular,En miles de ARS
968,Préstamos prendarios a pequeños y medianos emprendimientos,Préstamos por tipo de titular,En miles de ARS
969,Préstamos prendarios a las empresas no constituidas como pequeños y medianos emprendimientos,Préstamos por tipo de titular,En miles de ARS
970,Total de préstamos prendarios al sector privado,Préstamos por tipo de titular,En miles de ARS
971,Préstamos prendarios a personas humanas,Préstamos por tipo de titular,En miles de ARS
972,Préstamos prendarios a personas jurídicas,Préstamos por tipo de titular,En miles de ARS
973,Préstamos prendarios a las prestadoras de servicios financieros,Préstamos por tipo de titular,En miles de ARS
974,Préstamos prendarios a las compañías de seguros,Préstamos por tipo de titular,En miles de ARS
975,Préstamos prendarios a los fondos comunes de inversión,Préstamos por tipo de titular,En miles de ARS
976,Préstamos prendarios a las administradoras de fondos de jubilaciones y pensiones,Préstamos por tipo de titular,En miles de ARS
977,Préstamos prendarios a las sociedades autorizadas para actuar como fiduciario financiero,Préstamos por tipo de titular,En miles de ARS
978,Préstamos prendarios a empresas que no son prestadoras de servicios financieros,Préstamos por tipo de titular,En miles de ARS
979,Préstamos prendarios a pequeños y medianos emprendimientos,Préstamos por tipo de titular,En miles de ARS
980,Préstamos prendarios a las empresas no constituidas como pequeños y medianos emprendimientos,Préstamos por tipo de titular,En miles de ARS
981,Total de depósitos del sector privado no financiero,Depósitos por tipo de titular,En miles de ARS
982,Total de depósitos de personas humanas,Depósitos por tipo de titular,En miles de ARS
983,Total de depósitos de personas jurídicas,Depósitos por tipo de titular,En miles de ARS
984,Total de depósitos de las prestadoras de servicios financieros,Depósitos por tipo de titular,En miles de ARS
985,Total de depósitos de las compañías de seguros,Depósitos por tipo de titular,En miles de ARS
986,Total de depósitos de los fondos comunes de inversión,Depósitos por tipo de titular,En miles de ARS
987,Total de depósitos de las administradoras de fondos de jubilaciones y pensiones,Depósitos por tipo de titular,En miles de ARS
988,Total de depósitos de las sociedades autorizadas para actuar como fiduciario financiero,Depósitos por tipo de titular,En miles de ARS
989,Total de depósitos de empresas que no son prestadoras de servicios financieros,Depósitos por tipo de titular,En miles de ARS
990,Total de depósitos de pequeños y medianos emprendimientos,Depósitos por tipo de titular,En miles de ARS
991,Total de depósitos de las empresas no constituidas como pequeños y medianos emprendimientos,Depósitos por tipo de titular,En miles de ARS
992,Total de depósitos del sector privado no financiero,Depósitos por tipo de titular,En miles de ARS
993,Total de depósitos de personas humanas,Depósitos por tipo de titular,En miles de ARS
994,Total de depósitos de personas jurídicas,Depósitos por tipo de titular,En miles de ARS
995,Total de depósitos de las prestadoras de servicios financieros,Depósitos por tipo de titular,En miles de ARS
996,Total de depósitos de las compañías de seguros,Depósitos por tipo de titular,En miles de ARS
997,Total de depósitos de los fondos comunes de inversión,Depósitos por tipo de titular,En miles de ARS
998,Total de depósitos de las administradoras de fondos de jubilaciones y pensiones,Depósitos por tipo de titular,En miles de ARS
999,Total de depósitos de las sociedades autorizadas para actuar como fiduciario financiero,Depósitos por tipo de titular,En miles de ARS
1000,Total de depósitos de empresas que no son prestadoras de servicios financieros,Depósitos por tipo de titular,En miles de ARS
1001,Total de depósitos de pequeños y medianos emprendimientos,Depósitos por tipo de titular,En miles de ARS
1002,Total de depósitos de las empresas no constituidas como pequeños y medianos emprendimientos,Depósitos por tipo de titular,En miles de ARS
1003,Total de depósitos del sector privado no financiero,Depósitos por tipo de titular,En miles de ARS
1004,Total de depósitos de personas humanas,Depósitos por tipo de titular,En miles de ARS
1005,Total de depósitos de personas jurídicas,Depósitos por tipo de titular,En miles de ARS
1006,Total de depósitos de las prestadoras de servicios financieros,Depósitos por tipo de titular,En miles de ARS
1007,Total de depósitos de las compañías de seguros,Depósitos por tipo de titular,En miles de ARS
1008,Total de depósitos de los fondos comunes de inversión,Depósitos por tipo de titular,En miles de ARS
1009,Total de depósitos de las administradoras de fondos de jubilaciones y pensiones,Depósitos por tipo de titular,En miles de ARS
1010,Total de depósitos de las sociedades autorizadas para actuar como fiduciario financiero,Depósitos por tipo de titular,En miles de ARS
1011,Total de depósitos de empresas que no son prestadoras de servicios financieros,Depósitos por tipo de titular,En miles de ARS
1012,Total de depósitos de pequeños y medianos emprendimientos,Depósitos por tipo de titular,En miles de ARS
1013,Total de depósitos de las empresas no constituidas como pequeños y medianos emprendimientos,Depósitos por tipo de titular,En miles de ARS
1014,Total de depósitos en cuentas corrientes del sector privado,Depósitos por tipo de titular,En miles de ARS
1015,Depósitos en cuentas corrientes de personas humanas,Depósitos por tipo de titular,En miles de ARS
1016,Depósitos en cuentas corrientes de personas jurídicas,Depósitos por tipo de titular,En miles de ARS
1017,Depósitos en cuentas corrientes de las prestadoras de servicios financieros,Depósitos por tipo de titular,En miles de ARS
1018,Depósitos en cuentas corrientes de las compañías de seguros,Depósitos por tipo de titular,En miles de ARS
1019,Depósitos en cuentas corrientes de los fondos comunes de inversión,Depósitos por tipo de titular,En miles de ARS
1020,Depósitos en cuentas corrientes de las administradoras de fondos de jubilaciones y pensiones,Depósitos por tipo de titular,En miles de ARS
1021,Depósitos en cuentas corrientes de las sociedades autorizadas para actuar como fiduciario financiero,Depósitos por tipo de titular,En miles de ARS
