mes,bal001,bal002,bal003,bal004,bal005,bal006,bal007,bal008,bal009,bal010,bal011,bal012,bal013,bal014,bal015,bal016,bal017,bal018,bal019,bal020,bal021,bal023,bal024,bal025,bal026,bal027,bal028,bal029,bal030,bal031,bal032,bal033,bal034,bal035,bal036,bal037,bal038,bal039,bal040,bal041,bal042,bal043,bal044,bal045,bal046,bal047,bal048,bal049,bal050,bal051,bal052,bal053
2003-01,734.99579999999992,1128.9962,1935.2896000000001,806.29340000000002,-31.889100000000042,262.92309999999998,294.81220000000002,-378.78890000000001,-315.28160000000003,20.910599999999999,336.19220000000001,6.1,124.9,205.19220000000001,0,-63.507300000000001,5.2027999999999999,68.710099999999997,16.677599999999998,54.172899999999998,37.4953,0,-1871.1958,44.127400000000002,44.127400000000002,0,36.342400000000005,38.488100000000003,2.1457000000000002,9.427599999999984,486.48599999999999,477.05840000000001,-64.880000000000109,1026.6199999999999,1091.5,-1510.0692208969911,99.472756103008976,1609.5419770000001,-254.66609999999991,565.97310000000004,820.63919999999996,-5.9040999999999997,-112.528227,-0.8964776853199018,0,0.4,-12.549074417689042,0,-1136.2,-1150,-13.8,0
2003-02,407.68150000000009,868.41120000000001,1634.9464,766.53520000000003,-6.5117999999999938,191.91329999999999,198.42509999999999,-470.24349999999993,-442.69289999999995,15.128800000000002,457.82169999999996,176.50299999999999,93.2,118.1187,70,-27.550599999999999,2.2012999999999998,29.751899999999999,16.025600000000001,36.403300000000002,20.377700000000001,-1.4E-3,561.41989999999987,34.641800000000003,34.641800000000003,0,27.036200000000001,29.389900000000001,2.3536999999999999,8.972500000000025,344.21800000000002,335.24549999999999,0,0,0,833.86920000000009,1012.0732,178.20400000000001,-326.94560000000001,484.71339999999998,811.65899999999999,-2.5489999999999999,-112.528227,16.873254070969477,0,-0.89999999999999991,82.949772929030303,0,969.1,963,-6.1,0
2003-03,795.55909999999994,958.69399999999996,1851.4801,892.78610000000003,-12.468799999999987,228.0018,240.47059999999999,-165.99760000000003,-143.26260000000002,18.924999999999997,162.1876,1.1000000000000001,64.2,96.887600000000006,0,-22.734999999999999,8.7233999999999998,31.458400000000001,15.331499999999998,38.095799999999997,22.764299999999999,-0.13189999999999999,-558.72720000000004,39.8354,39.8354,0,19.6294,21.529,1.8996,10.674300000000017,596.03309999999999,585.35879999999997,241.2,307,65.8,-251.9255,46.199100000000001,298.12459999999999,-603.42809999999986,575.02070000000003,1178.4487999999999,0.93869999999999998,-82.248952000000003,55.617422476777996,0,0,10.980129523221741,0,236.7,228,-8.6999999999999993,0
2003-04,850.97039999999981,1134.7326999999998,2103.9391999999998,969.20650000000001,-67.644800000000004,217.82169999999999,285.4665,-234.48439999999999,-144.14920000000001,17.8811,162.03030000000001,0,14.9,147.13030000000001,0,-90.3352,17.792400000000001,108.1276,18.366899999999998,41.307099999999998,22.940200000000001,0,-408.47039999999981,50.418100000000003,50.418100000000003,0,82.857900000000001,91.424599999999998,8.5667000000000009,-7.5274000000000569,714.83529999999996,722.36270000000002,-87.5,0,87.5,163.7501,236.0831,72.332999999999998,-614.34899999999993,581.41030000000001,1195.7592999999999,14.6905,34.073306000000002,17.267350654882577,0,10.6,-72.751256654882326,0,442.5,455,12.5,0
2003-05,965.29390000000024,1445.4277000000002,2437.0378000000001,991.61009999999999,-10.589699999999993,262.56200000000001,273.15170000000001,-491.67829999999998,-414.46709999999996,19.960600000000003,434.42769999999996,166,83.635000000000005,177.39269999999999,7.4,-77.211200000000005,2.5790000000000002,79.790199999999999,22.1342,60.469799999999999,38.335599999999999,0,-592.89390000000026,147.9014,147.9014,0,98.5779,108.9623,10.384399999999999,-28.600699999999961,685.91600000000005,714.51670000000001,-148.30000000000001,0,148.30000000000001,-86.412399999999934,638.72919999999999,725.14159999999993,-383.48069999999996,779.21420000000001,1162.6949,9.9008000000000003,-17.892195000000001,-63.783375116285505,0,-266,145.19537011628509,0,372.4,402,29.6,0
2003-06,1141.0484000000001,1463.5754000000002,2434.6012000000001,971.0258,-44.629100000000022,210.23159999999999,254.86070000000001,-296.10720000000003,-206.66180000000003,17.666499999999999,224.32830000000001,0,109.05,115.2783,0,-89.445400000000006,6.3278999999999996,95.773300000000006,18.209300000000002,45.462400000000002,27.2531,0,-303.94840000000011,79.812700000000007,79.812700000000007,0,49.753300000000003,52.8337,3.0804,-116.15729999999996,707.75,823.90729999999996,302.09999999999997,332.29999999999995,30.2,-470.32740000000001,235.03499999999997,705.36239999999998,-60.000900000000001,806.68539999999996,866.68629999999996,8.1767000000000003,39.513910000000003,-153.25949515816814,0,0,16.440085158168046,0,837.1,810,-27.1,0
2003-07,977.79460000000017,1234.8250000000003,2363.4385000000002,1128.6134999999999,-4.7373000000000047,252.57089999999999,257.3082,-274.32370000000003,-74.565600000000018,17.8765,92.442100000000011,3.7,5.9,82.842100000000002,0,-199.75810000000001,4.7744,204.5325,22.030600000000003,50.393900000000002,28.363299999999999,-5.9999999999999995E-4,360.8059999999997,69.553100000000001,69.553100000000001,0,-29.076799999999999,22.3613,51.438099999999999,-99.485199999999992,83.506799999999998,182.99199999999999,19.100000000000136,1048.9000000000001,1029.8,629.70299999999997,746.8424,117.13940000000001,-250.95940000000007,663.78689999999995,914.74630000000002,4.3773,5.9667479999999999,-48.932553775734419,0,0,60.559805775734119,0,1338.6,1301,-37.6,0
2003-08,398.28301699999997,916.89660000000003,1954.0595000000001,1037.1629,-54.63360000000003,214.0377,268.67130000000003,-484.78628300000003,-416.90258300000005,22.8887,439.79128300000002,164.1,59.6,137.3698,78.721483000000006,-67.883700000000005,5.3617999999999997,73.245500000000007,20.8063,47.336500000000001,26.530200000000001,-3.5000000000000001E-3,-246.679517,108.32429999999999,108.32429999999999,0,-31.124899999999997,12.780900000000001,43.905799999999999,-327.03449999999998,144.51759999999999,471.5521,311.5,311.5,0,-74.258999999999986,38.895699999999998,113.15469999999999,-366.39480000000003,700.32870000000003,1066.7235000000001,10.5084,40.233986999999999,-1.1274776552703079,0,-1.2999999999999998,83.994473655270312,0,151.6,99,-52.6,0
2003-09,516.1613000000001,754.54269999999997,1960.6033,1206.0606,-48.187099999999958,246.07689999999999,294.26399999999995,-210.99279999999996,-183.15829999999997,20.574400000000001,203.73269999999997,79.099999999999994,55.3,69.332700000000003,0,-27.834499999999998,8.6266999999999996,36.461199999999998,20.798500000000004,46.343200000000003,25.544699999999999,0,-770.49130000000014,58.834400000000002,58.834400000000002,0,30.896800000000002,33.279600000000002,2.3828,-171.0822,67.070899999999995,238.15309999999999,-316.40000000000009,2591.6,2908,2.3606000000000193,117.91570000000002,115.5551,-592.59580000000005,606.04899999999998,1198.6448,2.1276999999999999,111.43677099999999,0.15313401237023749,0,0,103.77729498762986,0,-254.32999999999998,-178,76.33,0
2003-10,797.51919999999973,1044.0343999999998,2195.7305999999999,1151.6962000000001,-35.420200000000023,300.41289999999998,335.8331,-233.63430000000002,-172.72410000000002,23.601600000000001,196.32570000000001,0,101.935,85.090699999999998,9.3000000000000007,-60.910200000000003,7.8087,68.718900000000005,22.539300000000001,52.363500000000002,29.824200000000001,0,-1295.9591999999998,63.669400000000003,63.669400000000003,0,27.4254,29.277999999999999,1.8526,-147.87469999999999,84.469300000000004,232.34399999999999,-92,0,92,-685.76149999999984,113.65840000000001,799.41989999999987,-227.58409999999992,679.68010000000004,907.26419999999996,-7.2474999999999996,-103.017825,-0.29087721115891013,0,-3.5,-119.77749778884109,0,-498.44,-503.9,-5.46,0
2003-11,407.34312499999993,673.57259999999997,1794.2131999999999,1120.6405999999999,-22.29000000000002,269.54599999999999,291.83600000000001,-264.10427500000003,-217.27457500000003,24.916599999999999,242.19117500000002,148.30000000000001,25,63.972700000000003,4.9184749999999999,-46.829700000000003,5.9676,52.7973,20.164800000000003,46.839100000000002,26.674299999999999,-1E-3,152.33787500000011,55.156999999999996,55.156999999999996,0,27.447099999999999,28.328499999999998,0.88139999999999996,67.085900000000009,218.4948,151.40889999999999,-152.9,0,152.9,337.78190000000006,517.05950000000007,179.27760000000001,-113.02610000000004,632.79129999999998,745.81740000000002,-9.5117999999999991,-25.303021000000001,-14.524804603311896,0,0,-19.868299396688005,0,559.68000000000006,581.1,21.42,4.7199999999999999E-2
2003-12,633.01530000000025,873.17230000000018,2305.1543000000001,1431.982,-16.403399999999976,324.99790000000002,341.40129999999999,-254.15940000000001,-156.3776,27.912299999999998,184.28989999999999,0,82.55,101.73990000000001,0,-97.781800000000004,14.3774,112.1592,30.405800000000006,88.232200000000006,57.8264,-3.3300000000000003E-2,-70.312000000000239,145.1165,145.6541,0.53759999999999997,89.424799999999991,91.46,2.0352000000000001,-147.0301,282.73950000000002,429.76960000000003,-31.4,0,31.4,16.683700000000158,705.91590000000019,689.23220000000003,-62.675700000000006,826.83150000000001,889.50720000000001,7.6543000000000001,-44.122979000000001,1.2230875125661436,0,-13.3,-31.885608512566499,0,562.66999999999996,636.5,73.83,0.12970000000000001
2004-01,924.38869999999997,1170.6727000000001,2320.9476,1150.2748999999999,-51.212500000000034,290.06259999999997,341.27510000000001,-239.41290000000001,-158.94560000000001,21.945799999999998,180.8914,0.89,14.41,165.59139999999999,0,-80.467299999999994,7.4181999999999997,87.885499999999993,44.341399999999993,71.839799999999997,27.4984,-4.07E-2,-107.48799999999994,55.991,56.3399,0.34889999999999999,42.388100000000001,45.301400000000001,2.9133,-59.298000000000002,118.7568,178.0548,357,357,0,-14.740899999999996,65.8048,80.545699999999997,-302.90009999999995,633.34410000000003,936.24419999999998,-20.645099999999999,-29.516368,0.26950911239960801,0,0,-136.03614111239958,0,816.86,801,-15.86,0.1207
2004-02,220.75234000000017,537.47310000000016,1731.9554000000001,1194.4822999999999,-1.4562999999999988,259.12880000000001,260.58510000000001,-339.63596000000001,-339.73815999999999,27.8293,367.56745999999998,145.30000000000001,102.2,58.6554,61.412060000000004,0.10219999999999985,5.1577000000000002,5.0555000000000003,24.371499999999997,52.284799999999997,27.9133,0,-127.62234000000018,80.33959999999999,80.384699999999995,4.5100000000000001E-2,33.462899999999998,37.587299999999999,4.1243999999999996,-80.476199999999992,103.765,184.24119999999999,0,0,0,-93.316700000000012,53.835899999999995,147.15260000000001,-79.079499999999939,755.10580000000004,834.18529999999998,-6.3574000000000002,-128.40262899999999,-129.82989449409985,0,-3.4,279.43748349409964,0,93.13,82.7,-10.43,0.17119999999999999
2004-03,893.87789999999984,1008.0031999999999,2474.2226999999998,1466.2194999999999,-9.4166999999999916,330.39690000000002,339.81360000000001,-130.3109,-115.58799999999999,25.3339,140.92189999999999,8.4,56,76.521900000000002,0,-14.722900000000001,8.9229000000000003,23.645800000000001,25.602300000000003,56.615900000000003,31.0136,-0.1774,-919.56049999999982,79.305099999999996,79.316199999999995,1.11E-2,24.704899999999999,44.7729,20.068000000000001,-489.82150000000001,101.8809,591.70240000000001,-347.5,3093,3440.5,-96.253699999999995,96.557900000000004,192.8116,-473.34930000000008,690.16930000000002,1163.5186000000001,-4.1120999999999999,307.58464800000002,3.7349524481994743,0,0,76.146499551800773,0,-25.86,1,26.86,0.20530000000000001
2004-04,1379.3587,1529.7855999999999,2938.8314,1409.0458000000001,-13.131799999999998,287.7509,300.8827,-160.30170000000001,-98.624099999999999,22.947099999999999,121.57119999999999,0,33.03,79.941199999999995,8.6,-61.677600000000005,6.8452000000000002,68.522800000000004,23.006599999999999,49.3827,26.376100000000001,0,-456.90811995685658,109.85029999999999,110.17829999999999,0.32800000000000001,53.255400000000002,56.497900000000001,3.2425000000000002,-124.8793,144.3528,269.2321,-233.33,0,233.33,-38.857800000000012,56.024199999999993,94.882000000000005,-288.22950000000003,725.54939999999999,1013.7789,4.6271000000000004,-3.4117280000000001,-315.53748600419999,0,-1.42,381.02489404734348,0,922.45058004314342,759.70058004314342,-162.75,0.1666
2004-05,1267.1843999999999,1723.6984999999997,3140.4373999999998,1416.7389000000001,-15.126100000000008,288.6191,303.74520000000001,-466.52919999999995,-192.65419999999997,36.229600000000005,228.88379999999998,122.71,20.170000000000002,82.053799999999995,3.95,-273.875,5.5674999999999999,279.4425,25.141200000000001,52.9846,27.843399999999999,-0.01,-383.2743999999999,75.595500000000001,76.359800000000007,0.76429999999999998,30.419499999999999,33.5259,3.1063999999999998,-62.045999999999992,275.88729999999998,337.93329999999997,0,0,0,-96.923900000000017,70.241699999999994,167.16560000000001,-213.98309999999992,849.46839999999997,1063.4514999999999,7.7736000000000001,1.028597,-399.42554472780029,0,-275.35000000000002,549.63694772780036,0,883.9,941.5,57.6,0.2019
2004-06,1317.4874,1452.9323999999999,3046.1010999999999,1593.1686999999999,-13.993100000000027,321.94459999999998,335.93770000000001,-146.733,-83.295400000000001,26.255400000000002,109.5508,0,38.159999999999997,71.390799999999999,0,-63.437599999999996,7.4997999999999996,70.937399999999997,25.281099999999995,95.006699999999995,69.7256,0,-555.10739999999998,80.756900000000002,82.021799999999999,1.2648999999999999,22.075199999999999,23.672599999999999,1.5973999999999999,-75.103599999999972,224.91370000000001,300.01729999999998,-320.64999999999998,0,320.64999999999998,74.816300000000041,234.86170000000004,160.0454,-319.72889999999995,809.05409999999995,1128.7829999999999,1.9637,60.771155,-362.74460732090023,0,-1.43,284.16645232090008,0,762.38,738,-24.38,0.26190000000000002
2004-07,888.59690000000001,977.84140000000002,2577.3289,1599.4875,-14.377499999999998,329.1447,343.5222,-120.41630000000001,-82.626000000000005,27.888500000000001,110.5145,0,10.75,99.764499999999998,0,-37.790300000000002,7.6630000000000003,45.453299999999999,45.549300000000002,76.966800000000006,31.4175,-0.14849999999999999,-219.85353285954068,67.086100000000002,71.3005,4.2144000000000004,14.1349,23.9831,9.8482000000000003,1.8392000000000053,249.6413,247.8021,-140.9,0,140.9,-3.784000000000006,67.372099999999989,71.156099999999995,-286.9796,757.63909999999998,1044.6187,-8.8200000000000001E-2,69.780668000000006,-142.85508124669977,0,-1.82,203.73248038715911,0,668.59486714045931,625.66486714045936,-42.93,0.31929999999999997
2004-08,285.60799999999995,665.86259999999993,2270.3878,1604.5252,-32.640699999999981,336.9443,369.58499999999998,-371.1207,-340.0711,34.154499999999999,374.22559999999999,140.32,105.98,73.435599999999994,54.49,-31.049600000000002,5.0528000000000004,36.102400000000003,23.506800000000002,53.530700000000003,30.023900000000001,-5.0999999999999997E-2,-344.38695785805186,101.15559999999999,103.00109999999999,1.8454999999999999,30.720899999999997,34.455199999999998,3.7343000000000002,-13.777800000000013,189.94309999999999,203.7209,-140.94999999999999,0,140.94999999999999,-35.902500000000003,94.985800000000012,130.88830000000002,-349.05569999999989,780.0009,1129.0565999999999,-8.5806000000000004,23.765201000000001,0.41929626369964706,0,-1.41,49.228644878248389,0,-58.829957858051905,7.520042141948089,66.349999999999994,0.34610000000000002
2004-09,691.72509999999988,857.38089999999988,2662.6003999999998,1805.2194999999999,-44.921800000000019,331.54829999999998,376.4701,-146.35219999999998,-77.453399999999988,34.313500000000005,111.76689999999999,4.54,51.85,55.376899999999999,0,-68.898800000000008,10.1425,79.041300000000007,25.618199999999998,54.754199999999997,29.135999999999999,-4.0000000000000002E-4,-581.72469999999987,68.820499999999996,70.167699999999996,1.3472,22.333399999999997,32.208599999999997,9.8751999999999995,43.711700000000008,331.03320000000002,287.32150000000001,-353.41,0,353.41,-132.88200000000001,65.73429999999999,198.6163,-335.18389999999999,851.85789999999997,1187.0418,-2.4401999999999999,47.146306000000003,-2.1784711432998516,0,0,62.357965143300028,0,110.00000000000001,147.80000000000001,37.799999999999997,0.32779999999999998
2004-10,605.60810000000026,732.13940000000025,2406.6134000000002,1674.4739999999999,-32.591399999999965,313.91980000000001,346.51119999999997,-117.54640000000001,-91.016599999999997,29.6343,120.65089999999999,0,34.409999999999997,86.240899999999996,0,-26.529800000000002,7.1547999999999998,33.684600000000003,23.606499999999997,57.598999999999997,33.9925,-2.0000000000000001E-4,-346.83790000000033,63.680700000000002,64.597200000000001,0.91649999999999998,32.343699999999998,34.924199999999999,2.5804999999999998,-6.6120999999999981,220.6652,227.2773,-242,0,242,-12.535700000000006,97.016999999999996,109.5527,-224.39740000000006,831.35500000000002,1055.7524000000001,2.0276999999999998,108.417846,-58.08159502000008,0,-4.87,-4.8110509800001893,0,258.77,363,104.23,0.31119999999999998
2004-11,427.87689999999998,676.45569999999998,2345.6684,1669.2127,-4.5264000000000237,359.60939999999999,364.13580000000002,-275.72719999999998,-220.96289999999999,47.589700000000001,268.55259999999998,149.88999999999999,18.48,100.18259999999999,0,-54.764300000000006,7.3018999999999998,62.066200000000002,31.674799999999998,64.346199999999996,32.671399999999998,0,-221.98689999999999,85.291499999999999,87.702100000000002,2.4106000000000001,81.552899999999994,85.243099999999998,3.6901999999999999,-64.282600000000002,225.1266,289.4092,-145.15,0,145.15,-58.851299999999952,109.8229,168.67419999999996,64.330500000000029,1086.1285,1021.798,-0.41139999999999999,-100.47527100000001,-31.02784739259948,0,-7.31,-45.653381607400519,0,205.89,357,151.11000000000001,0.4083
2004-12,1262.2969000000001,1436.6588000000002,3297.0758000000001,1860.4169999999999,21.890699999999981,456.209,434.31830000000002,-240.93580000000003,-113.2123,40.562600000000003,153.7749,0,57.5,96.274900000000002,0,-127.72350000000002,10.327299999999999,138.05080000000001,44.683199999999999,105.7081,61.024900000000002,0,-580.09690000000001,108.3245,110.6687,2.3441999999999998,110.07729999999999,121.63339999999999,11.556100000000001,-259.98379999999997,316.51139999999998,576.49519999999995,-483.5,0,483.5,-46.537300000000016,152.86420000000001,199.40150000000003,54.672600000000102,1173.9697000000001,1119.2971,-10.160600000000001,107.94174700000001,-9.3118104219001125,0,0,-151.61953657810002,0,682.2,702,19.8,0.42480000000000001
2005-01,694.08730000000003,766.36860000000001,2424.8449000000001,1658.4763,-21.314300000000003,360.1551,381.46940000000001,-96.972100000000012,-78.460800000000006,40.021699999999996,118.4825,0,10.7,107.7825,0,-18.511299999999999,6.6172000000000004,25.128499999999999,46.005099999999999,78.594899999999996,32.589799999999997,0,-75.087300000000027,72.699100000000001,74.815700000000007,2.1166,148.26219999999998,149.99029999999999,1.7281,-37.687900000000013,266.70359999999999,304.39150000000001,-146.4,0,146.4,-17.13300000000001,55.520199999999988,72.653199999999998,-116.41880000000003,841.50419999999997,957.923,-20.017099999999999,30.571003000000001,-409.54945124239964,0,0,420.58664824239975,0,619,491.6,-127.4,0.53800000000000003
2005-02,542.52060000000006,897.30269999999996,2453.2129,1555.9102,-22.868200000000002,351.06689999999998,373.93509999999998,-359.39479999999998,-347.7654,42.669399999999996,390.4348,140.30000000000001,119.8,40.2348,90.1,-11.629399999999997,22.7575,34.386899999999997,27.480899999999998,57.959299999999999,30.478400000000001,0,44.77940000000001,83.763199999999998,86.491,2.7277999999999998,182.8742,187.411,4.5368000000000004,-48.96429999999998,344.61130000000003,393.57560000000001,-290.8,0,290.8,102.18789999999998,222.262,120.07410000000002,6.8899000000000115,885.14980000000003,878.25990000000002,0.83440000000000003,31.553104000000001,-793.62437162240008,0,-0.4,770.46536762240009,0,587.30000000000007,655.20000000000005,67.900000000000006,6.5115999999999996
2005-03,1141.0557000000003,1378.5108000000002,3236.4421000000002,1857.9313,73.806899999999985,472.34370000000001,398.53680000000003,-342.53460000000001,-89.355300000000014,43.454899999999995,132.81020000000001,0,51.4,81.410200000000003,0,-253.17930000000001,12.5192,265.69850000000002,31.272600000000001,62.8508,31.578199999999999,0,-1494.6557000000003,47.834599999999995,85.598699999999994,37.764099999999999,230.27609999999999,232.33279999999999,2.0567000000000002,-734.28110000000015,453.54379999999998,1187.8249000000001,-662.4,0,662.4,-151.85799999999998,41.536900000000003,193.39489999999998,51.302400000000034,923.57010000000002,872.26769999999999,-10.2224,-146.92731599999999,-418.65422134550022,9.1119000000000003,0,291.16233734550008,0,-353.6,-453.8,-100.2,0.51319999999999999
2005-04,1218.1790999999996,1411.6035999999997,3359.5614999999998,1947.9579000000001,26.125699999999995,450.26549999999997,424.13979999999998,-250.6361,-89.793599999999998,41.082600000000006,130.87620000000001,0,48.51,82.366200000000006,0,-160.8425,7.6246999999999998,168.46719999999999,31.085899999999995,85.998999999999995,54.9131,0,-688.82909999999958,72.362799999999993,73.699799999999996,1.337,39.112700000000004,49.789000000000001,10.676299999999999,-155.33870000000002,118.9873,274.32600000000002,-382.18,0,382.18,-17.596599999999995,79.211600000000004,96.808199999999999,-262.46889999999996,832.44230000000005,1094.9112,-8.3877000000000006,36.525053999999997,-557.86897835300033,-12.1739,-0.3,559.48512435300074,0,529.35,565.9,36.549999999999997,0.63849999999999996
2005-05,1430.4391000000001,1739.4384,3830.7539999999999,2091.3155999999999,-6.7175000000000296,414.3109,421.02840000000003,-339.79669999999999,-182.35409999999999,66.827799999999996,249.18189999999998,133.30000000000001,19.2,70.681899999999999,26,-157.44260000000003,10.256399999999999,167.69900000000001,37.514899999999997,69.722499999999997,32.207599999999999,0,-21.969100000000026,117.14660000000001,120.8502,3.7035999999999998,73.229600000000005,78.420299999999997,5.1906999999999996,47.253899999999987,181.70079999999999,134.4469,-141.80000000000001,0,141.80000000000001,-85.871499999999983,69.430999999999997,155.30249999999998,156.75840000000005,1111.6049,954.84649999999999,-6.2154999999999996,-41.737608000000002,-426.60450044009991,63.616900000000001,-270,492.25460844009984,0,1408.47,1198,-210.47,1.6144000000000001
2005-06,1079.3212999999996,1671.9182999999998,3798.1831999999999,2126.2649000000001,67.048000000000002,462.29590000000002,395.24790000000002,-695.62840000000006,-653.01800000000003,67.116799999999998,720.13480000000004,0,52,97.034800000000004,571.1,-42.610399999999998,12.190099999999999,54.8005,35.983399999999996,67.738799999999998,31.755400000000002,3.4700000000000002E-2,-83.755999999999517,109.64019999999999,113.2593,3.6191,27.5182,32.0259,4.5076999999999998,-266.43949999999995,68.282499999999999,334.72199999999998,-465.7,0,465.7,-67.005499999999984,98.4709,165.47639999999998,454.12710000000004,1394.2899,940.16279999999995,-1.4295,77.919595999999999,-481.21450718450006,46.263800000000003,171,311.56411118450046,0,995.6,949,-46.6,0.89780000000000004
2005-07,1351.7461000000001,1380.4486000000002,3419.5799000000002,2039.1313,43.937599999999975,435.83949999999999,391.90190000000001,-117.53090000000003,-82.391200000000026,50.789199999999994,133.18040000000002,0,11,122.18040000000001,0,-35.139700000000005,9.3411000000000008,44.480800000000002,44.890799999999992,86.598299999999995,41.707500000000003,6.9463999999999997,734.70749999999998,92.027600000000007,97.695400000000006,5.6677999999999997,424.10539999999997,426.93369999999999,2.8283,292.49230000000006,540.14700000000005,247.65469999999999,-141.1,0,141.1,-17.811000000000007,71.04679999999999,88.857799999999997,-328.60489999999993,895.13,1223.7348999999999,0,-140.56581,-1589.7686012741985,4.9317000000000002,602.90000000000009,1536.1008112741983,0,2093.4,2053.4,-40,15.210100000000001
2005-08,367.97820000000002,967.29719999999998,3213.1322,2245.835,62.20780000000002,460.25810000000001,398.05029999999999,-714.97969999999998,-659.90769999999998,76.329499999999996,736.23720000000003,129,140.5,314.43720000000002,152.30000000000001,-55.072000000000003,10.160600000000001,65.232600000000005,53.452900000000007,86.854600000000005,33.401699999999998,8.7312999999999992,-271.20949999999999,77.064700000000002,78.613900000000001,1.5491999999999999,0.91819999999999991,2.8586999999999998,1.9404999999999999,-858.08069999999998,337.43759999999997,1195.5183,-140.30000000000001,0,140.30000000000001,18.181900000000013,157.95510000000002,139.7732,1321.8804,2133.1419000000001,811.26149999999996,0,-97.478829000000005,-89.504818145499229,-38.026699999999998,-1052.3,586.43634714549921,0,105.5,146.6,41.1,0.33510000000000001
2005-09,268.31989999999996,392.24119999999994,2592.3606,2200.1194,45.509900000000016,476.66239999999999,431.15249999999997,-203.1748,-161.5103,53.6248,215.13509999999999,0,53.1,89.135099999999994,72.900000000000006,-41.664499999999997,8.7856000000000005,50.450099999999999,33.743599999999994,65.557599999999994,31.814,3.9626999999999999,88.9174000000001,226.72969999999998,229.86879999999999,3.1391,-2.1427,2.6225000000000001,4.7652000000000001,6.8012999999999977,135.8699,129.0686,-497.1,0,497.1,-51.698200000000014,136.28830000000002,187.98650000000004,250.64689999999996,1025.4603,774.8134,0,-51.463054,36.848581915300322,46.813699999999997,0,123.48117208469989,0,361.20000000000005,362.1,0.9,0.53939999999999999
2005-10,472.38200000000006,697.29860000000008,2751.9193,2054.6206999999999,67.850300000000004,466.49529999999999,398.64499999999998,-328.55630000000002,-119.2972,62.677300000000002,181.97450000000001,0,56.6,79.974500000000006,45.4,-209.25910000000002,7.9954999999999998,217.25460000000001,35.789400000000001,75.262799999999999,39.473399999999998,1.4538,498.16419999999994,177.11619999999999,180.62899999999999,3.5127999999999999,-0.61589999999999989,2.2475000000000001,2.8633999999999999,-62.548000000000002,79.231300000000005,141.77930000000001,-138.6,0,138.6,-36.423800000000028,113.47459999999998,149.89840000000001,123.63940000000002,982.01319999999998,858.37379999999996,0,-120.164838,97.783955854200343,-262.09030000000001,725,-4.9325178542004267,0,972,934,-38,0.3427
2005-11,269.03679999999991,484.55259999999998,2720.0016999999998,2235.4490999999998,53.60209999999995,493.35199999999998,439.74990000000003,-302.73680000000002,-211.24629999999999,102.49870000000001,313.745,122.3,32.700000000000003,92.745000000000005,66,-91.490499999999997,8.6541999999999994,100.1447,33.618899999999996,67.231399999999994,33.612499999999997,1.0138,-241.8805999999999,155.51069999999999,157.41319999999999,1.9025000000000001,1.5515999999999996,4.1620999999999997,2.6105,136.1728,326.4753,190.30250000000001,-135.69999999999999,0,135.69999999999999,-58.8078,86.434899999999985,145.24269999999999,-244.33880000000011,822.87180000000001,1067.2106000000001,0,-40.928741000000002,7.2453570305002195,73.509100000000004,-136,-9.481603049995968E-2,0,28.17,-23.18,-51.35,0.4985
2005-12,620.61610000000019,905.5318000000002,3187.2883999999999,2281.7565999999997,114.91219999999998,585.9932,471.08100000000002,-436.76119999999997,-230.45429999999999,62.294799999999995,292.7491,0,50.8,107.6491,134.30000000000001,-206.30689999999998,10.642300000000001,216.94919999999999,36.933299999999996,92.873999999999995,55.9407,2.7134,877.77049999999974,197.99689999999998,226.60749999999999,28.610600000000002,8.8149999999999995,10.2189,1.4038999999999999,-238.22270000000003,520.57659999999998,758.79930000000002,-453.1,0,453.1,935.75769999999989,1103.6813999999999,167.9237,-252.46360000000004,1033.3153,1285.7789,0,106.31856399999999,0.8620060003003096,-48.261400000000002,600,20.068029999699437,0,1501.1,1552.3,51.2,1.3058000000000001
2006-01,772.2863000000001,826.42950000000019,2842.0911000000001,2015.6615999999999,55.381999999999948,510.78789999999998,455.40590000000003,-142.71260000000001,-94.965300000000013,57.739799999999995,152.70510000000002,0,13.9,110.86169,27.94341,-47.747300000000003,8.7932000000000006,56.540500000000002,33.187399999999997,72.890699999999995,39.703299999999999,1.6282000000000001,-9279.8145000000004,71.671900000000008,76.813500000000005,5.1416000000000004,11.5571,12.688800000000001,1.1316999999999999,-5.9436000000000035,255.0403,260.98390000000001,-9530,0,9530,61.326899999999966,144.55129999999997,83.224400000000003,-274.54629999999997,796.45640000000003,1071.0027,0,183.73440299999999,-1.5511968318998051,-119.06789999999999,216.7,106.30419383190059,0,-8505.9,-8389,116.89999999999999,0.45729999999999998
2006-02,350.06689999999986,702.05009999999993,2545.4679999999998,1843.4178999999999,96.810800000000029,460.84840000000003,364.0376,-484.66440000000006,-464.67280000000005,79.216899999999995,543.88970000000006,81.3,153.69999999999999,54.638678000000006,254.25102200000001,-19.991599999999998,4.8734000000000002,24.864999999999998,35.870399999999989,64.623099999999994,28.752700000000001,2.7517999999999998,533.08130000000006,119.05030000000001,120.1293,1.079,-8.1400000000000139E-2,1.8209,1.9023000000000001,18.735300000000009,122.4342,103.69889999999999,0,0,0,-426.88599999999991,110.27200000000001,537.1579999999999,-115.97159999999997,774.20960000000002,890.18119999999999,0,42.504595999999999,-238.0843433657999,99.195800000000006,750,284.6186473657998,0,885.9,842.4,-43.5,0.60699999999999998
2006-03,1041.3488,1236.3912,3526.1608999999999,2289.7696999999998,52.047999999999945,492.09309999999999,440.04510000000005,-285.98419999999999,-154.0857,67.858699999999999,221.9444,0,58.4,86.676333,76.868066999999996,-131.89850000000001,5.6231,137.52160000000001,38.893800000000006,73.644800000000004,34.750999999999998,4.5922000000000001,-99.941000000000031,92.95259999999999,93.848699999999994,0.89610000000000001,67.185699999999997,76.102400000000003,8.9167000000000005,46.838599999999985,228.50409999999999,181.66550000000001,0,0,0,-436.428,370.2201,806.6481,-280.78289999999993,932.20389999999998,1212.9867999999999,0,-26.459647,-301.57668692839979,70.204499999999996,465.6,202.52483392839974,0,946,1017.4,71.400000000000006,0.39839999999999998
2006-04,1179.8351000000002,1351.1656000000003,3531.9279000000001,2180.7622999999999,82.557999999999993,491.62299999999999,409.065,-288.62990000000002,-149.67830000000001,65.573700000000002,215.25200000000001,0,66.7,126.27713200000001,22.274868000000001,-138.95159999999998,4.8616999999999999,143.8133,34.741399999999999,75.704499999999996,40.963099999999997,0.70099999999999996,-489.43610000000024,157.61270000000002,158.28200000000001,0.66930000000000001,-3.3809999999999998,2.286,5.6669999999999998,297.49869999999999,833.75810000000001,536.25940000000003,0,0,0,-463.75239999999997,149.0779,612.83029999999997,-351.4692,1035.6442,1387.1134,0,-18.668061999999999,-74.373487178899794,-0.75419999999999998,0,-32.14915082110052,0,691.1,850.9,159.79999999999998,0.39610000000000001
2006-05,1602.8469000000002,1805.8387000000002,4265.4237000000003,2459.585,23.99309999999997,497.4194,473.42630000000003,-270.39769999999999,-98.300900000000013,95.062399999999997,193.36330000000001,0,21,140.78013100000001,31.583168999999998,-172.0968,6.5765000000000002,178.67330000000001,43.412799999999997,76.8108,33.398000000000003,1.9652000000000001,142.58789999999976,92.692300000000003,93.851100000000002,1.1588000000000001,1.9312,3.7031000000000001,1.7719,-127.1705,159.4248,286.59530000000001,0,0,0,0.90460000000001628,123.9538,123.04919999999998,-86.850200000000086,984.54179999999997,1071.3920000000001,0,-225.51765700000001,1.991892237400456,31.883199999999999,436.8,15.923064762599331,0,1747.4,1761.7,14.3,0.40620000000000001
2006-06,1015.0286000000002,1452.4477000000002,3938.4457000000002,2485.998,25.525900000000036,485.44170000000003,459.91579999999999,-509.22739999999999,-275.89859999999999,86.389099999999999,362.28769999999997,0,53,180.01999099999998,129.267709,-233.3288,8.3036999999999992,241.63249999999999,46.282400000000003,76.184600000000003,29.902200000000001,2.0158,312.85559999999987,93.5745,94.853499999999997,1.2789999999999999,2.6000999999999999,5.4573999999999998,2.8573,-99.573700000000031,311.91899999999998,411.49270000000001,0,0,0,187.48720000000003,352.55930000000001,165.07209999999998,-109.26060000000007,1000.6514,1109.912,0,-36.976443000000003,-9.698708169948124E-2,-12.675000000000001,372.8,-85.023469918300563,0,1329.9,1328,-1.9000000000000057,0.91220000000000001
2006-07,1139.9323999999999,1126.8002999999999,3475.1333,2348.3330000000001,73.258299999999963,510.03769999999997,436.77940000000001,-104.15989999999999,-54.546899999999994,93.848399999999998,148.39529999999999,0,11.4,123.06792499999999,13.927375,-49.613,8.3117000000000001,57.924700000000001,44.033700000000003,89.520300000000006,45.486600000000003,9.4672000000000001,-484.4896,161.70930000000001,167.23580000000001,5.5265000000000004,-5.1348000000000003,2.3784999999999998,7.5133000000000001,23.670999999999992,360.63470000000001,336.96370000000002,0,0,0,62.478399999999993,148.15109999999999,85.672699999999992,-289.13739999999996,856.95249999999999,1146.0898999999999,0,187.30197000000001,-2.0662131854997901,75.873500000000007,888.4,-1587.5853568145003,0,664.91,733.4,68.489999999999995,0.47099999999999997
2006-08,659.85929999999985,1094.0202999999997,3657.0511999999999,2563.0309000000002,59.939500000000066,556.64610000000005,496.70659999999998,-536.0406999999999,-454.19999999999993,275.00819999999999,729.20819999999992,4.4000000000000004,145.69999999999999,66.949584999999999,512.15861499999994,-81.840699999999998,8.4926999999999992,90.333399999999997,41.940199999999997,74.042199999999994,32.101999999999997,13.809699999999999,481.53100000000018,151.65279999999998,153.5025,1.8496999999999999,1.5385000000000002,3.0788000000000002,1.5403,68.086099999999988,397.49279999999999,329.4067,0,0,0,100.40170000000001,772.84510000000012,672.44340000000011,-204.54200000000003,939.14430000000004,1143.6863000000001,0,141.33963800000001,-0.27878109539995527,33.3596,-1973,2162.9734430954004,0,1155.2,1173.4000000000001,18.2,0.45590000000000003
2006-09,452.08259999999979,843.63949999999977,3460.0545999999999,2616.4151000000002,51.989300000000014,509.81130000000002,457.822,-484.5215,-196.18709999999999,92.693100000000001,288.8802,0,59.199999999999996,102.261433,127.418767,-288.33440000000002,8.4270999999999994,296.76150000000001,40.975300000000004,70.251900000000006,29.276599999999998,10.400399999999999,245.31700000000029,85.216999999999999,86.446100000000001,1.2291000000000001,-0.76,1.2407999999999999,2.0007999999999999,289.35920000000004,778.82,489.46080000000001,0,0,0,-283.02209999999997,111.78610000000002,394.8082,-292.83929999999998,889.64710000000002,1182.4864,0,-4.9130240000000001,-1.3701172519005034,-42.650599999999997,463.5,32.795941251900707,0,707.80000000000007,651.20000000000005,-56.6,0.71840000000000004
2006-10,933.14020000000005,867.52629999999999,3526.1455000000001,2658.6192000000001,47.030600000000049,564.15809999999999,517.12749999999994,-27.637999999999977,-157.03649999999999,106.806,263.84249999999997,0,53.5,146.733879,63.608620999999999,129.39850000000001,219.1591,89.760599999999997,46.221300000000006,87.644000000000005,41.422699999999999,5.7447999999999997,51.214999999999804,101.9563,102.9721,1.0158,-0.62069999999999981,1.6595,2.2801999999999998,372.99459999999999,934.08280000000002,561.08820000000003,0,0,0,-46.862500000000068,527.12969999999996,573.99220000000003,-641.42880000000014,1025.2167999999999,1666.6456000000001,0,-125.010209,16.681972339500252,62.738100000000003,0,310.76623666049977,0,990.09999999999991,1033.5999999999999,43.5,0.60919999999999996
2006-11,892.91110000000026,825.75890000000027,3563.1102000000001,2737.3512999999998,125.69200000000001,600.55830000000003,474.86630000000002,-105.65210000000002,-18.940200000000019,113.4072,132.34740000000002,4.7,26.5,94.362153000000006,6.785247,-86.7119,6.9419000000000004,93.653800000000004,47.112300000000005,67.110900000000001,19.9986,3.1882999999999999,143.17315656888718,130.69800000000001,131.9127,1.2146999999999999,0.75619999999999976,4.2744999999999997,3.5183,661.1028,873.87099999999998,212.76820000000001,0,0,0,-59.93210000000002,83.531599999999997,143.46370000000002,-205.95939999999996,934.30600000000004,1140.2654,0,-190.03514999999999,0.72096026759978937,72.888099999999994,300,-567.06625369871267,0,1039.2725565688875,1246.8725565688874,207.6,0.80789999999999995
2006-12,754.5477000000003,1180.4120000000003,4002.8775000000001,2822.4654999999998,108.97109999999998,677.54579999999999,568.57470000000001,-586.54459999999995,-590.71370000000002,113.18680000000001,703.90049999999997,0,48.7,210.834846,444.36565400000001,4.1691000000000145,159.5814,155.41229999999999,51.709199999999996,120.9635,69.254300000000001,10.3253,997.32699999999977,238.73239999999998,240.19,1.4576,105.111,107.7308,2.6198000000000001,-236.83049999999992,751.80460000000005,988.63509999999997,0,0,0,-31.955600000000004,163.57749999999999,195.53309999999999,-141.73910000000001,1292.8893,1434.6284000000001,0,88.304250999999994,23.744225228799611,33.049500000000002,194.89999999999998,724.01082377120008,0,1762.2,1708.3,-53.9,1.1698999999999999
2007-01,1250.1563000000001,1408.3442,4030.2311,2621.8869,177.4708,670.6739,493.20310000000001,-381.27679999999998,-59.932299999999998,307.1232,367.05549999999999,0,11.7,135.02251000000001,220.33299,-321.34449999999998,10.2781,331.62259999999998,45.618100000000005,95.227500000000006,49.609400000000001,18.6004,413.33068167401598,182.12739999999999,210.3921,28.264700000000001,5.286900000000001,8.9677000000000007,3.6808000000000001,19.759500000000003,374.30520000000001,354.54570000000001,0,0,0,263.70339999999999,350.7867,87.083299999999994,-130.77359999999999,1106.1238000000001,1236.8974000000001,0,62.561473999999997,-163.17222068579986,32.7012,495,-353.86337164018414,0,1682.0873816740161,1702.3873816740161,20.3,1.4579
2007-02,408.9427,722.65200000000004,3193.3656000000001,2470.7136,139.28969999999998,579.31470000000002,440.02500000000003,-494.10930000000002,-453.43780000000004,114.54900000000001,567.98680000000002,4.9000000000000004,148.9,38.331826999999997,375.85497300000003,-40.671500000000002,6.1018999999999997,46.773400000000002,41.110300000000002,71.942700000000002,30.8324,4.6605999999999996,646.06894350198081,88.972200000000001,89.763999999999996,0.79179999999999995,29.822300000000002,33.328600000000002,3.5063,-55.709900000000005,307.59570000000002,363.30560000000003,0,0,0,-524.4541999999999,41.184700000000007,565.63889999999992,39.566300000000183,1264.0169000000001,1224.4505999999999,0,-134.40036699999999,-337.6922409999998,231.41569999999999,1247.3,61.24915150198018,0,1059.6722435019808,1196.3722435019808,136.70000000000002,1.5416000000000001
2007-03,881.1110000000001,1136.4947000000002,3987.5428000000002,2851.0481,98.139999999999986,616.48239999999998,518.3424,-415.25480000000005,-284.36590000000001,135.22040000000001,419.58629999999999,0,66.3,145.17095899999998,208.115341,-130.88890000000001,6.0155000000000003,136.90440000000001,61.731099999999991,94.821299999999994,33.090200000000003,2.0733000000000001,975.53609577793895,191.38130000000001,193.16390000000001,1.7826,2.7578,5.7606000000000002,3.0028000000000001,90.365200000000016,352.90660000000003,262.54140000000001,0,0,0,-106.63240000000002,209.25319999999999,315.88560000000001,87.962899999999991,1299.0382999999999,1211.0753999999999,0,271.91427800000002,-123.39999571650026,41.744100000000003,0,519.44291349443915,0,1858.7203957779391,1913.9203957779391,55.2,1.3594999999999999
2007-04,1305.9244999999999,1543.6324,4120.2148999999999,2576.5825,12.476699999999937,581.57159999999999,569.09490000000005,-289.92560000000003,-175.32380000000006,148.56779999999998,323.89160000000004,0,79.2,153.57781500000002,91.113784999999993,-114.6018,5.3354999999999997,119.93729999999999,39.741000000000007,83.334100000000007,43.5931,2.7561,348.07321091107133,215.03899999999999,218.32,3.2810000000000001,5.6703000000000001,6.3475000000000001,0.67720000000000002,155.30769999999998,400.00409999999999,244.69640000000001,0,0,0,-328.66379999999998,74.169799999999995,402.83359999999999,-33.877500000000055,1259.4594999999999,1293.337,0,-68.2273,-91.154936808399498,29.167200000000001,406.8,58.012547719470888,0,1656.7538109110712,1756.7538109110712,100,1.5482
2007-05,1759.5467999999998,1817.0306999999998,4930.0934999999999,3113.0628000000002,47.99210000000005,625.09339999999997,577.10129999999992,-175.25429999999997,2.1119000000000199,167.4135,165.30159999999998,5,29.8,128.43346399999999,2.068136,-177.36619999999999,57.872799999999998,235.239,69.778300000000002,80.837699999999998,11.0594,4.3227000000000002,345.88362276987482,187.91679999999999,189.20650000000001,1.2897000000000001,1.9735000000000005,4.7910000000000004,2.8174999999999999,186.08530000000007,1128.4036000000001,942.31830000000002,0,0,0,8.3568999999999676,168.74489999999997,160.38800000000001,-105.45399999999995,1752.3069,1857.7609,0,-252.09123399999999,-127.37137525399972,34.8172,681.8,-270.14946797612555,0,2109.7531227698746,1974.7531227698748,-135,2.0108999999999999
2007-06,1454.3836000000001,1825.6579999999999,4886.9760999999999,3061.3181,90.117600000000039,657.10670000000005,566.98910000000001,-531.37159999999994,-235.30009999999996,161.10650000000001,396.40659999999997,0,61.6,187.89123799999999,146.91536199999999,-296.07150000000001,8.4385999999999992,304.51010000000002,69.979600000000005,79.388900000000007,9.4093,2.7254,1125.9411219170081,194.3501,198.0155,3.6654,3.575499999999999,8.9354999999999993,5.36,488.88710000000015,1139.1608000000001,650.27369999999996,0,0,0,-18.127199999999959,166.28810000000004,184.4153,-121.28089999999997,1415.0174,1536.2982999999999,0,-126.157831,-108.69309266820021,12.521699999999999,318,482.865745585208,0,2583.0501219170083,2576.2501219170081,-6.7999999999999989,2.8555999999999999
2007-07,1414.0750000000003,1309.3272000000002,4684.4021000000002,3375.0749000000001,137.08030000000008,691.19600000000003,554.11569999999995,-105.7697,24.321500000000015,391.10090000000002,366.77940000000001,0,26.5,123.12051799999999,217.15888199999998,-130.09120000000001,8.2386999999999997,138.32990000000001,73.437200000000004,97.489800000000002,24.052600000000002,28.491499999999998,-563.3217119494841,161.45230000000001,166.56010000000001,5.1078000000000001,6.8176999999999985,15.131399999999999,8.3137000000000008,625.46590000000003,1460.4888000000001,835.02290000000005,0,0,0,64.99430000000001,205.5367,140.54239999999999,-1235.1289000000002,792.50019999999995,2027.6291000000001,0,29.543721000000001,-165.33642525419984,-177.1429,0,126.01259230471592,0,879.24478805051626,1045.0447880505162,165.8,3.3412999999999999
2007-08,489.6234,912.36920000000009,4729.8386,3817.4694,21.846699999999942,672.63469999999995,650.78800000000001,-518.70140000000004,-394.78710000000001,175.1191,569.90620000000001,5.2,151.9,59.706692999999994,353.09950700000002,-123.9143,28.0532,151.9675,74.108900000000006,85.519199999999998,11.410299999999999,58.469299999999997,-1635.5715909350215,199.15729999999999,202.4829,3.3256000000000001,1.3521000000000001,2.3391000000000002,0.98699999999999999,210.4581,716.61990000000003,506.16180000000003,0,0,0,642.23100000000022,1582.8609000000001,940.62989999999991,-2326.5675000000001,872.99609999999996,3199.5636,0,-211.85549700000001,-101.91743624900002,-8.3131000000000004,-1680,1639.8834423139783,0,-1087.4788909350216,-1042.6788909350216,44.8,5.6364999999999998
2007-09,613.58750000000009,838.44570000000022,4338.0817999999999,3499.6360999999997,18.746700000000033,604.64390000000003,585.8972,-312.72150000000011,-257.28300000000007,153.97719999999998,411.26020000000005,0,73.7,126.508793,211.05140700000001,-55.438500000000005,5.3803000000000001,60.818800000000003,69.116600000000005,78.631900000000002,9.5152999999999999,16.3383,-1251.6422390567573,184.7833,197.08150000000001,12.2982,4.5974000000000004,6.6725000000000003,2.0750999999999999,232.84830000000005,546.25390000000004,313.40559999999999,0,0,0,-92.826799999999935,573.27729999999997,666.1040999999999,-1802.5881000000002,956.14329999999995,2758.7314000000001,0,197.243244,-6.7569646387990785,0.51829999999999998,0,30.539081582041533,0,-621.71643905675728,-268.11643905675737,353.59999999999997,9.5180000000000007
2007-10,865.85980000000006,1108.8054999999999,4806.7453999999998,3697.9398999999999,-4.1268999999998641,723.44640000000004,727.5732999999999,-323.17959999999999,-236.69800000000001,176.12789999999998,412.82589999999999,0,81.2,188.02122199999999,143.60467799999998,-86.481599999999986,7.6021000000000001,94.083699999999993,84.360799999999998,110.8676,26.506799999999998,4.2864000000000004,-919.0644623688961,213.33659999999998,216.74529999999999,3.4087000000000001,1.2793999999999999,3.5049999999999999,2.2256,-64.894800000000032,837.27419999999995,902.16899999999998,0,0,0,803.86920000000009,2148.5612000000001,1344.692,-1869.4530999999999,1284.0062,3153.4593,0,-24.486723000000001,16.256053607499762,-131.7013,0,136.73020702360429,0,-48.918262368896109,108.9817376311039,157.9,9.1390999999999991
2007-11,1171.1431000000002,1098.2668000000003,4652.0491000000002,3553.7822999999999,138.32579999999996,804.94659999999999,666.62080000000003,-145.90019999999998,-28.219099999999997,170.85159999999999,199.07069999999999,5.0999999999999996,24.6,168.09264200000001,1.2780579999999999,-117.6811,6.6447000000000003,124.3258,80.450699999999998,90.870999999999995,10.420299999999999,4.7759,564.6804713839656,307.60900000000004,310.57220000000001,2.9632000000000001,-0.52139999999999986,2.9782999999999999,3.4996999999999998,343.33320000000003,784.89200000000005,441.55880000000002,0,0,0,175.59519999999998,847.15869999999995,671.56349999999998,-857.41369999999984,1210.5817,2067.9953999999998,0,165.246477,13.511300999999941,-79.260499999999993,800.8,-304.21910661603459,0,1740.5994713839659,1859.3994713839659,118.8,11.905200000000001
2007-12,1019.2980000000005,1675.9933000000005,5071.0891000000001,3395.0957999999996,207.56809999999996,858.77919999999995,651.21109999999999,-973.15570000000002,-824.93740000000003,169.96020000000001,994.89760000000001,0,82.9,288.01020999999997,623.98739,-148.2183,12.7288,160.94710000000001,108.89229999999999,119.67149999999999,10.779199999999999,2.3927,251.43973069791843,365.95010000000002,368.495,2.5449000000000002,2.8954000000000004,4.8376000000000001,1.9421999999999999,18.389499999999998,656.91549999999995,638.52599999999995,0,0,0,585.59029999999984,2552.3519999999999,1966.7617,-654.64350000000013,1213.8145,1868.4580000000001,0,-355.291291,25.309872000000091,-2.9058999999999999,0,266.14524969791859,0,1273.1304306979189,1306.3304306979189,33.200000000000003,8.5198999999999998
2008-01,1710.9126000000003,1468.2639000000004,5172.9084000000003,3704.6444999999999,168.65829999999994,905.08849999999995,736.43020000000001,-0.80719999999995196,21.52290000000005,375.35040000000004,353.82749999999999,0,11.4,110.33227299999999,232.09522699999999,-22.330100000000002,12.209099999999999,34.539200000000001,74.797600000000003,101.1932,26.395600000000002,23.825399999999998,-638.54940949014258,313.23289999999997,314.93049999999999,1.6976,2.9336999999999995,6.1125999999999996,3.1789000000000001,288.26720000000006,711.46360000000004,423.19639999999998,0,0,0,-559.5788,443.28169999999994,1002.8605,-600.59519999999998,1075.8036999999999,1676.3988999999999,0,154.76821100000001,-156.13617500000004,-83.956999999999994,0,2.5157545098574019,0,1096.1885905098577,1493.8885905098577,397.7,9.1356999999999999
2008-02,1263.6400999999996,1377.7659999999996,4832.5474999999997,3454.7815000000001,145.42759999999998,827.23479999999995,681.80719999999997,-331.1234,-312.06630000000001,167.8689,479.93520000000001,4.4000000000000004,91.6,74.446922999999998,309.48827700000004,-19.057099999999998,8.6857000000000006,27.742799999999999,71.56989999999999,83.088899999999995,11.519,14.7035,100.22341927389539,628.55250000000001,634.90099999999995,6.3484999999999996,-0.97650000000000015,3.2299000000000002,4.2064000000000004,263.33410000000003,597.43790000000001,334.10379999999998,0,0,0,129.35770000000002,792.1875,662.82979999999998,-879.13310000000001,1005.3661,1884.4992,0,-100.94073299999999,-1043.21821,-123.2556,0,1226.5032622738954,0,1378.5670192738951,1601.2670192738951,222.7,13.558199999999999
2008-03,589.23300000000052,1184.2039000000004,4557.8851000000004,3373.6812,96.821599999999989,765.85739999999998,669.03579999999999,-765.46039999999994,-276.14659999999998,155.54649999999998,431.69309999999996,0,97.600000000000009,101.188748,232.90435199999999,-489.31380000000001,6.5342000000000002,495.84800000000001,73.667900000000003,81.135900000000007,7.468,8.4422999999999995,456.10772858232576,286.67739999999998,287.67439999999999,0.997,26.171799999999998,27.590199999999999,1.4184000000000001,171.74609999999996,641.18219999999997,469.43610000000001,0,0,0,215.11169999999993,2051.5102999999999,1836.3986,-832.40800000000013,1206.5264999999999,2038.9345000000001,0,113.466559,-481.82301234999989,-295.72103800000002,0,1252.8862199323257,0,1053.7830285823263,1202.4830285823264,148.69999999999999,13.046099999999999
2008-04,1361.6151,1780.1316999999999,6184.29,4404.1583000000001,15.448400000000106,834.67370000000005,819.22529999999995,-518.19749999999999,-326.10799999999995,140.8099,466.91789999999997,0,60.9,204.37733499999999,201.64056499999998,-192.08950000000002,9.0812000000000008,201.17070000000001,84.232500000000002,110.61020000000001,26.377700000000001,10.250299999999999,-1271.4189693719268,164.23169999999999,167.5273,3.2955999999999999,5.9283999999999999,8.1334999999999997,2.2050999999999998,-53.700899999999933,604.37800000000004,658.07889999999998,0,0,0,1007.9979000000001,1241.4709,233.47299999999998,-1907.8252,1559.3354999999999,3467.1606999999999,0,53.912331000000002,-124.04039400000023,-163.67525000000001,-244.5,-9.7475563719266205,0,100.44643062807302,-216.65356937192701,-317.10000000000002,12.6021
2008-05,1698.0162999999998,2145.2714999999998,6063.3456999999999,3918.0742,-71.970000000000027,769.58299999999997,841.553,-451.61,-62.528300000000002,140.69749999999999,203.22579999999999,3.6,40.300000000000004,158.01733499999997,1.308465,-389.08170000000001,8.7324000000000002,397.8141,76.32480000000001,86.313900000000004,9.9891000000000005,6.6544999999999996,-3272.5071409963261,196.238,204.3999,8.1618999999999993,-2.5624000000000002,1.5888,4.1512000000000002,-149.74009999999998,706.71680000000003,856.45690000000002,0,0,0,-321.07240000000013,384.49599999999998,705.56840000000011,-3443.8071,1359.6868999999999,4803.4939999999997,0,65.818036000000006,-16.040390000000372,-499.29499930999992,984.9,-86.945787686325815,0,-1567.8363409963263,-1659.4363409963262,-91.600000000000009,13.5284
2008-06,1242.7103999999999,1701.9486999999999,5665.9858999999997,3964.0371999999998,136.92790000000002,816.3682,679.44029999999998,-672.3614,-333.22439999999995,126.91029999999999,460.13469999999995,0,63.900000000000006,215.88327799999999,180.35142199999999,-339.137,11.867100000000001,351.00409999999999,76.1952,87.501499999999993,11.3063,6.9432,-2403.0456783079021,406.476,408.79860000000002,2.3226,5.5564,10.7819,5.2255000000000003,347.8449,818.01729999999998,470.17239999999998,0,0,0,184.44200000000046,2931.3588000000004,2746.9168,-2851.3847999999998,1114.2732000000001,3965.6579999999999,0,-671.17123700000002,-10.020039000000462,-1080.96146843,-1.3,1267.4725661220975,0,-1153.3920783079022,-1071.7920783079023,81.599999999999994,12.1058
2008-07,1999.0169000000003,1925.3222000000005,6950.7183000000005,5025.3960999999999,191.76529999999991,977.83479999999997,786.06950000000006,-205.52730000000008,-41.640900000000101,259.15279999999996,300.79370000000006,0,9.6,134.24028600000003,156.95341400000001,-163.88639999999998,15.472099999999999,179.35849999999999,87.456699999999998,112.5457,25.088999999999999,30.801400000000001,-1949.3384267902875,330.31560000000002,333.9871,3.6715,2.0728999999999997,5.7793999999999999,3.7065000000000001,297.81029999999998,958.12350000000004,660.31320000000005,0,0,0,32.165400000000005,199.02760000000001,166.8622,-1998.0692000000001,1599.2171000000001,3597.2863000000002,0,267.15864900000003,-8.729485000000178,-1195.21514686,996.2,-673.04744393028716,0,80.479873209712906,28.879873209712901,-51.6,13.273400000000001
2008-08,1336.0720999999994,1692.4416999999994,6099.9696999999996,4407.5280000000002,16.729100000000017,785.82330000000002,769.0942,-458.13979999999998,-197.97539999999998,114.11259999999999,312.08799999999997,3.8,68,65.081359999999989,175.20663999999999,-260.1644,7.2019000000000002,267.36630000000002,85.0411,95.936499999999995,10.8954,28.9361,-1589.2685893360799,221.5444,262.9966,41.452199999999998,-2.5256000000000003,1.9666999999999999,4.4923000000000002,28.274200000000064,776.00260000000003,747.72839999999997,0,0,0,518.32320000000016,1346.6287000000002,828.30550000000005,-1576.8766999999998,1476.6628000000001,3053.5394999999999,0,-142.96839299999999,-11.851709999999985,-643.68654086000004,-2406.1889999999999,2426.6875545239191,0,-224.26038933608066,-455.06038933608068,-230.8,13.093500000000001
2008-09,1459.9707000000005,1783.4868000000006,6093.0420000000004,4309.5551999999998,75.671999999999912,849.7758,774.10380000000009,-470.06009999999998,-293.79359999999997,115.1297,408.92329999999998,0,74,127.946181,206.97711899999999,-176.26650000000001,9.9512999999999998,186.21780000000001,70.872,81.480199999999996,10.6082,11.343999999999999,-1377.3585133921154,204.40090000000001,232.80340000000001,28.4025,16.122699999999998,21.517199999999999,5.3944999999999999,242.44719999999995,971.28,728.83280000000002,0,0,0,918.15100000000029,3984.8568,3066.7057999999997,-2236.5525000000002,1234.9105,3471.4630000000002,0,-202.17754300000001,-11.606798999999866,-935.39817309,-14.5538524,641.80855409788467,0,93.956186607885257,31.756186607885262,-62.2,14.151400000000001
2008-10,620.52250000000015,1389.2393000000002,5809.6597000000002,4420.4204,-19.863500000000045,894.50049999999999,914.36400000000003,-822.82479999999998,-410.79039999999998,140.273,551.0634,0,51.9,203.81644699999998,295.34695299999998,-412.03440000000001,8.3010000000000002,420.33539999999999,73.971499999999992,98.274199999999993,24.302700000000002,4.8173000000000004,-2429.0811856798891,414.77249999999998,442.43029999999999,27.657800000000002,16.147300000000001,21.0336,4.8863000000000003,-556.09100000000001,841.9624,1398.0534,0,0,0,2173.1023999999998,5132.66,2959.5576000000001,-4367.7065999999995,1297.7433000000001,5665.4498999999996,0,91.502626000000006,-22.92661499999976,-469.00704999999999,-10.9,302.0252533201101,0,-1803.7413856798892,-2179.9413856798892,-376.20000000000005,19.041399999999999
2008-11,1453.6971999999996,2070.7385999999997,5466.2960999999996,3395.5574999999999,207.12819999999999,1014.2277,807.09950000000003,-890.90380000000005,-108.74430000000001,83.21350000000001,191.95780000000002,3.2,29.5,157.78476800000001,1.4730319999999999,-782.15950000000009,8.0617999999999999,790.22130000000004,66.734200000000001,75.825900000000004,9.0916999999999994,7.6307999999999998,-451.94242360390888,218.61969999999999,246.77289999999999,28.153199999999998,-4.3767999999999994,1.7761,6.1528999999999998,63.679100000000062,736.70730000000003,673.02819999999997,0,0,0,-356.55010000000038,1083.0488999999998,1439.5990000000002,-1226.8949,1745.2744,2972.1693,0,-60.851968999999997,-21.353351999999912,-79.382099999999994,-77.900000000000006,1093.0679973960914,0,1009.3855763960906,1130.2855763960906,120.89999999999998,15.050800000000001
2008-12,525.69680000000005,1539.3301999999999,5059.1205,3519.7903000000001,133.76750000000004,983.21050000000002,849.44299999999998,-1252.8559999999998,-1058.5067999999999,97.196200000000005,1155.703,0,67,187.812363,900.89063699999997,-194.3492,18.138000000000002,212.4872,105.4551,117.4495,11.994400000000001,6.2092999999999998,-583.7122965048037,247.81759999999997,331.77499999999998,83.957400000000007,1.4714999999999998,5.7785000000000002,4.3070000000000004,-15.763400000000047,709.13689999999997,724.90030000000002,0,0,0,-199.41889999999967,4893.5208000000002,5092.9396999999999,-1087.4405999999999,1323.6718000000001,2411.1124,0,54.918177999999997,-18.432187000000059,-73.948899999999995,-124.69999999999999,631.78441249519597,0,-51.806196504803665,314.19380349519633,366,17.0441
2009-01,1367.9867000000004,1464.8927000000003,4326.0375000000004,2861.1448,55.344799999999964,845.40689999999995,790.06209999999999,-217.57479999999998,-149.33569999999997,178.28200000000004,327.61770000000001,0,18.600000000000001,134.00890900000002,175.008791,-68.239100000000008,7.3426999999999998,75.581800000000001,65.324000000000012,91.468100000000007,26.144100000000002,7.5438000000000001,-561.89984194646627,198.92410000000001,249.8586,50.9345,0.52039999999999997,3.3748999999999998,2.8544999999999998,52.616999999999962,729.87909999999999,677.26210000000003,0,0,0,11.498199999999997,329.2312,317.733,-1211.4551999999999,996.95569999999998,2208.4108999999999,0,441.37994500000002,-10.039874000000149,48.938717780000005,-4.2,-90.083130726466166,0,813.63065805353403,623.43065805353399,-190.2,35.9039
2009-02,909.99440000000004,1146.6464000000001,3901.5169000000001,2754.8705,17.213300000000004,730.49710000000005,713.28380000000004,-311.84990000000005,-284.20050000000003,43.009399999999999,327.2099,1.2,73.3,51.871975000000006,200.83792499999998,-27.649399999999996,5.8948,33.544199999999996,57.9846,68.3185,10.3339,10.255100000000001,-836.10119726900496,136.89320000000001,138.77379999999999,1.8806,-5.5078000000000005,1.0408999999999999,6.5487000000000002,-51.293700000000058,612.88589999999999,664.17960000000005,0,0,0,587.78810000000021,3903.4653000000003,3315.6772000000001,-1699.5045,1048.0916999999999,2747.5962,0,-51.463383999999998,-14.05701700000018,-100.46368616000001,-3.2,364.70758989099517,0,84.148302730995056,15.648302730995056,-68.5,21.8095
2009-03,516.52879999999982,970.73849999999993,3923.3154,2952.5769,38.922399999999925,785.99779999999998,747.07540000000006,-555.92619999999999,-315.69600000000003,60.031500000000001,375.72750000000002,0,54.800000000000004,112.39715,208.53035000000003,-240.2302,18.347300000000001,258.57749999999999,62.7941,71.248599999999996,8.4544999999999995,3.6461000000000001,-1151.3346636721662,209.98429999999999,230.35329999999999,20.369,0.93249999999999966,4.0640999999999998,3.1316000000000002,-263.80340000000001,467.9479,731.75130000000001,0,0,0,879.69679999999971,7129.1781999999994,6249.4813999999997,-2806.4277000000002,1078.1548,3884.5825,0,-58.651330999999999,-97.620815999999252,-115.67507069999999,0,1100.2300540278336,0,-631.15976367216649,-515.95976367216645,115.2,27.288399999999999
2009-04,1550.7140999999999,2108.0783999999999,5012.1376,2904.0592000000001,-69.167400000000043,760.3999,829.56730000000005,-552.55289999999991,-455.34929999999997,83.584699999999998,538.93399999999997,0,57.7,183.87438599999999,297.35961399999997,-97.203599999999994,7.4786000000000001,104.68219999999999,64.355999999999995,87.831199999999995,23.475200000000001,1.3053999999999999,-1694.4521012412972,85.078499999999991,163.65809999999999,78.579599999999999,-1.4565000000000001,1.5044,2.9609000000000001,-447.26919999999996,501.34550000000002,948.61469999999997,0,0,0,-317.01679999999942,3495.0220000000004,3812.0387999999998,-1621.9262000000001,1363.5698,2985.4960000000001,0,-32.193387999999999,80.939193999999944,-182.71751662999998,-238.29999999999998,980.40980938870223,0,-142.43260124129739,-141.13260124129738,1.3000000000000043,18.439800000000002
2009-05,1859.7395999999997,2752.6232999999997,5561.2966999999999,2808.6734000000001,-21.990500000000111,674.60249999999996,696.59300000000007,-933.35270000000003,-225.89059999999995,40.600500000000004,266.49109999999996,0.6,90.2,170.97837799999999,4.7127220000000003,-707.46210000000008,20.290400000000002,727.75250000000005,62.459500000000006,71.870800000000003,9.4113000000000007,0.44500000000000001,-1928.903803020821,105.98840000000001,188.78550000000001,82.7971,-2.2725,2.282,4.5545,-173.56849999999997,417.30160000000001,590.87009999999998,0,0,0,-291.20939999999973,3534.1196,3825.3289999999997,-1424.9474,1106.7071000000001,2531.6545000000001,0,88.439373000000003,14.286434000000089,-98.167462499999999,-0.5,-146.95274752082139,0,-68.719203020821425,177.58079697917856,246.29999999999998,20.364899999999999
2009-06,1171.9477999999995,1746.7532999999994,4874.6891999999998,3127.9359000000004,-19.849199999999996,746.80129999999997,766.65049999999997,-617.37699999999995,-438.14589999999998,45.561400000000006,483.70729999999998,0,50.3,159.01733299999998,274.38996700000001,-179.2311,17.575600000000001,196.80670000000001,62.420699999999997,72.9542,10.5335,3.4458000000000002,-1662.8645675121088,186.51990000000001,190.4967,3.9767999999999999,-3.3976999999999995,1.8741000000000001,5.2717999999999998,-212.49720000000002,550.63400000000001,763.13120000000004,0,0,0,518.7450000000008,4752.7427000000007,4233.9976999999999,-2570.4760999999999,1028.3031000000001,3598.7791999999999,0,-104.896182,34.480012999999765,-110.009525,-88.9,687.56722648789037,0,-487.47096751210944,-519.17096751210943,-31.699999999999996,19.6342
2009-07,1089.2138000000004,1291.1519000000003,4232.2878000000001,2941.1358999999998,-59.790299999999888,734.43880000000001,794.2290999999999,-228.41720000000001,-101.8409,92.823900000000009,194.66480000000001,0,7.3,128.459889,58.904910999999998,-126.5763,11.8195,138.39580000000001,86.269400000000005,109.3751,23.105699999999999,17.783300000000001,-1161.3233309381351,130.143,175.4409,45.297899999999998,-3.9224000000000001,3.4632999999999998,7.3856999999999999,44.089699999999993,455.86079999999998,411.77109999999999,0,0,0,-249.92309999999998,2820.2087999999999,3070.1318999999999,-1544.4509,1059.6895999999999,2604.1405,0,-9.4811829999999997,6.2936250000001195,5.2177500000000023,-0.9,461.61017706186465,0,-54.326230938134543,20.37376906186546,74.7,21.764800000000001
2009-08,737.67819999999938,1142.0367999999994,4130.2371999999996,2988.2004000000002,-85.526100000000042,649.71420000000001,735.24030000000005,-386.14350000000002,-155.69300000000001,34.932099999999998,190.6251,0.5,47.9,66.864238,75.360861999999997,-230.45050000000001,25.2347,255.68520000000001,67.311000000000007,77.488,10.177,15.2371,-1801.6577236969597,62.939899999999994,140.19499999999999,77.255099999999999,0.97250000000000014,3.8502000000000001,2.8776999999999999,-86.324800000000039,490.46679999999998,576.79160000000002,0,0,0,60.743800000000192,3547.9094,3487.1655999999998,-770.45119999999997,1094.6949999999999,1865.1461999999999,0,-130.59900400000001,28.32172000000012,125.42049999999999,-1994.6,901.91886030303976,0,-1048.7424236969603,-1025.5009974277402,23.24142626921995,17.515499999999999
2009-09,228.74239999999941,724.02339999999958,3967.8087999999998,3243.7854000000002,-2.6618000000000848,670.74680000000001,673.40860000000009,-555.66910000000007,-391.29990000000004,49.948599999999999,441.24850000000004,0,45.5,100.347948,295.400552,-164.36920000000001,7.7114000000000003,172.0806,63.049899999999994,73.081699999999998,10.0318,10.906599999999999,12.648169890837551,93.752300000000005,169.98390000000001,76.2316,-2.0454999999999997,0.59750000000000003,2.6429999999999998,-19.995900000000006,543.70079999999996,563.69669999999996,0,0,0,143.0283000000004,3948.1043,3805.0759999999996,-714.87580000000003,1211.8161,1926.6919,0,157.64296899999999,20.018984000000177,63.09675,-4.3,276.32606689083707,0,252.29716989083695,327.15836828338701,74.861198392550051,21.179200000000002
2009-10,587.77,1118.4486999999999,4445.2505000000001,3326.8018000000002,-3.1388000000000602,803.53409999999997,806.67290000000003,-594.50209999999993,-425.1096,71.910499999999999,497.02010000000001,0,45.300000000000011,166.38731300000001,285.332787,-169.39249999999998,8.9069000000000003,178.29939999999999,66.96220000000001,92.202200000000005,25.24,10.2697,297.96213216765614,196.17440000000002,199.61850000000001,3.4441000000000002,-2.0505000000000004,0.83279999999999998,2.8833000000000002,-299.19619999999998,497.75630000000001,796.95249999999999,74.886506000000196,74.886506000000196,0,251.13620000000037,3057.75,2806.6137999999996,102.22810000000004,1600.2229,1497.9947999999999,0,41.777374999999999,1.1180269999999701,95.431902072922398,-2,-161.54367790526692,0,896.00183216765618,929.30592694981624,33.304094782160043,21.083600000000001
2009-11,75.227199999999925,1058.9148,4415.1992,3356.2844,-25.379599999999982,827.55039999999997,852.93,-1023.3447000000001,-206.4605,23.326500000000003,229.78700000000001,1.6,37,189.54490800000002,1.6420920000000001,-816.88420000000008,9.3873999999999995,826.27160000000003,65.036699999999996,73.556100000000001,8.5193999999999992,2.6377999999999999,604.25440827940315,165.83539999999999,168.39699999999999,2.5615999999999999,3.4528999999999996,4.6792999999999996,1.2263999999999999,200.43389999999999,658.3732,457.9393,135.86639748709999,135.86639748709999,0,117.41519999999946,3233.8658999999998,3116.4507000000003,122.78140000000008,1492.135,1369.3535999999999,0,-85.525461000000007,8.4913449999999706,188.52588666934176,-211.5,-41.522559877038077,0,682.11940827940305,794.67732580007316,112.55791752067013,21.413900000000002
2009-12,-728.30899999999974,842.38220000000001,4398.3301000000001,3555.9479000000001,21.294800000000009,927.95540000000005,906.66060000000004,-1692.7618,-1479.3055999999999,46.594099999999997,1525.8996999999999,0,52.100000000000016,137.07525400000003,1336.7244459999999,-213.4562,14.314,227.77019999999999,100.7758,112.78870000000001,12.0129,1.4556,1806.7233034051249,281.0591,290.80849999999998,9.7493999999999996,-2.0349999999999993,6.4781000000000004,8.5130999999999997,-83.210299999999961,747.84950000000003,831.0598,2480.67310571076,2480.67310571076,0,-827.52520000000004,2404.2416000000003,3231.7668000000003,-175.18219999999997,1591.8974000000001,1767.0796,0,-162.255833,1275.895411,78.074269110105021,-6.1,-1052.6700494157401,0,1079.8699034051251,894.10654398715269,-185.76335941797245,23.478999999999999
2010-01,968.05630000000042,1065.1438000000003,4207.0312000000004,3141.8874000000001,112.40070000000014,898.00840000000005,785.60769999999991,-288.70510000000002,-134.6583,49.921800000000005,184.58010000000002,0.2,11.2,81.878120999999993,91.301979000000003,-154.04679999999999,8.7568999999999999,162.80369999999999,79.216899999999995,89.306100000000001,10.0892,2.7803,-710.30496601116556,136.31790000000001,150.7235,14.4056,-3.4275000000000002,2.1695000000000002,5.5970000000000004,-143.22069999999997,431.65859999999998,574.87929999999994,0,0,0,90.818699999999808,2992.8651,2902.0464000000002,-1074.0964999999999,1083.3954000000001,2157.4919,0,332.806196,31.095298999999912,176.25142708999999,-1,-255.84978810116542,0,260.53163398883481,162.7316339888348,-97.8,24.5349
2010-02,622.55530000000033,875.39790000000039,3903.4589000000001,3028.0609999999997,13.721699999999942,773.55089999999996,759.82920000000001,-325.10640000000001,-158.84169999999997,12.2555,171.09719999999999,1.9,52.1,81.077270999999996,36.019928999999998,-166.2647,11.0342,177.2989,58.542100000000005,68.099500000000006,9.5573999999999995,2.8338000000000001,-921.04817864700749,91.644599999999997,96.151899999999998,4.5072999999999999,-3.6497000000000002,3.6589,7.3086000000000002,110.13669999999996,521.13289999999995,410.99619999999999,0,0,0,592.53420000000006,4030.0691000000002,3437.5349000000001,-1591.5218,931.92639999999994,2523.4481999999998,0,-31.92043,252.09903700000001,-54.201599999999999,-0.30000000000000004,-285.8691856470075,0,-295.65907864700711,-370.95907864700712,-75.300000000000011,28.594899999999999
2010-03,599.05460000000005,1252.7894000000001,4813.62,3560.8305999999998,-63.151500000000055,889.49159999999995,952.6431,-651.83389999999997,-389.35589999999996,39.075400000000002,428.43129999999996,0,58.999999999999993,86.115103000000005,283.31619699999999,-262.47800000000001,6.1844999999999999,268.66250000000002,61.250600000000006,72.094300000000004,10.8437,4.2442000000000002,-870.3249882485112,197.6361,201.34389999999999,3.7078000000000002,-4.4348999999999998,0.81830000000000003,5.2531999999999996,35.646600000000035,426.02800000000002,390.38139999999999,0,0,0,-157.78430000000026,3832.4330999999997,3990.2174,-1180.3329999999999,1131.1886999999999,2311.5216999999998,0,-99.932237999999998,-40.681325000000122,47.406300000000002,0.1,332.05177475148889,0,-267.02618824851118,-298.32618824851119,-31.299999999999997,32.698799999999999
2010-04,1992.0427,2401.1662000000001,5798.0167000000001,3396.8505,52.065500000000043,841.31870000000004,789.25319999999999,-530.90330000000006,-364.52660000000003,221.29990000000001,585.82650000000001,0,39.699999999999996,138.73498500000002,407.39151499999997,-166.3767,8.8629999999999995,175.2397,69.714300000000009,80.203900000000004,10.489599999999999,0.86119999999999997,-1368.7149877466286,176.73610000000002,185.37620000000001,8.6401000000000003,0.19460000000000033,3.7833000000000001,3.5886999999999998,-23.619699999999966,651.30840000000001,674.92809999999997,0,0,0,-927.04799999999932,2615.1672000000003,3542.2151999999996,-1405.0691999999999,1136.2873,2541.3564999999999,0,-104.514686,61.374277999999762,-41.325699999999998,-229.6,1124.1573202533707,0,624.18891225337143,607.48891225337138,-16.7,30.112500000000001
2010-05,1250.2089000000001,2546.7489,6185.3777,3638.6288,-47.595000000000027,743.08759999999995,790.68259999999998,-1307.1289999999999,-218.60239999999999,13.9696,232.572,1.8,37.199999999999996,190.65506300000001,2.9169369999999999,-1088.5265999999999,7.3768000000000002,1095.9033999999999,58.184000000000005,68.275800000000004,10.091799999999999,3.0131000000000001,18.840849375040989,203.97460000000001,223.60400000000001,19.6294,-21.3948,3.0137,24.4085,250.83140000000003,880.53970000000004,629.70830000000001,0,0,0,-268.75440000000026,2447.6313999999998,2716.3858,-273.60429999999997,1862.6277,2136.232,0,-30.369954,102.95579499999988,-35.552900000000001,-7.5,98.255408375041327,0,1272.062849375041,932.56284937504097,-339.49999999999994,29.111699999999999
2010-06,1438.1914999999995,2617.8755999999994,6975.1787999999997,4357.3032000000003,89.732900000000086,904.7482,815.01529999999991,-1327.8033,-478.17779999999999,60.799599999999998,538.97739999999999,0,47.7,129.64479700000001,361.63260299999996,-849.62549999999999,8.3475000000000001,857.97299999999996,58.386299999999999,69.682699999999997,11.2964,2.8774999999999999,-1233.1095462999897,177.36579999999998,278.1875,100.82170000000001,-6.4662000000000006,2.7058,9.1720000000000006,-234.44110000000001,576.92319999999995,811.36429999999996,0,0,0,33.252100000000155,2802.2757000000001,2769.0236,-1135.4780000000001,1173.2575999999999,2308.7356,0,-91.475030000000004,258.99006599999973,-52.139299999999999,0,-182.71788229998947,0,207.9594537000099,240.35945370000991,32.4,29.409300000000002
2010-07,1939.5934,2060.1469999999999,6414.8932000000004,4354.7462000000005,63.42349999999999,946.22749999999996,882.80399999999997,-262.44400000000002,-117.9025,19.143700000000003,137.0462,0,13.4,106.02654099999999,17.619658999999999,-144.54150000000001,8.1435999999999993,152.68510000000001,78.46690000000001,88.134600000000006,9.6677,21.030200000000001,-382.27330483533819,181.05090000000001,208.67750000000001,27.6266,-3.3906000000000001,3.5838000000000001,6.9744000000000002,294.67650000000003,985.8954,691.21889999999996,0,0,0,136.79199999999992,2364.2268999999997,2227.4348999999997,-1015.8865000000001,1123.5864999999999,2139.473,0,201.421696,-55.433526999999884,-11.393000000000001,9.9,-120.0107738353382,0,1578.3502951646617,1833.1502951646617,254.8,35.368200000000002
2010-08,920.92250000000081,1164.6110000000008,5794.6746000000003,4630.0635999999995,14.576000000000022,895.2808,880.70479999999998,-314.16520000000003,-140.28620000000001,16.287700000000001,156.57390000000001,2.1,52.1,87.814867000000007,14.559032999999999,-173.87899999999999,9.5114999999999998,183.3905,55.900699999999993,68.066599999999994,12.165900000000001,25.078600000000002,-1641.0733687444281,101.15949999999999,216.9948,115.8353,-13.825800000000001,0.7944,14.620200000000001,523.61930000000007,1050.4807000000001,526.8614,0,0,0,-362.54370000000017,2247.7109,2610.2546000000002,-785.48050000000012,1135.3352,1920.8157000000001,0,-49.716037,71.799131000000003,-10.3911,-1903.0100000000002,787.31583725557243,0,-695.07226874442711,-725.67226874442713,-30.6,29.060500000000001
2010-09,268.65989999999988,1054.8741,5823.9598999999998,4769.0857999999998,2.2434000000000651,869.96010000000001,867.71669999999995,-839.85060000000021,-586.74930000000018,66.318699999999993,653.06800000000021,0,51.599999999999994,86.818831000000003,514.64916900000014,-253.10130000000001,6.1178999999999997,259.2192,51.393000000000001,61.408700000000003,10.015700000000001,8.3071000000000002,118.36514272974154,127.67360000000001,208.4393,80.765699999999995,-5.4166000000000007,0.95289999999999997,6.3695000000000004,257.41679999999997,775.19709999999998,517.78030000000001,0,0,0,-240.88689999999997,2233.2181,2474.105,-716.74250000000006,1161.7085999999999,1878.4511,0,-88.686942000000002,165.35546800000049,8.0812000000000008,0,611.57101672974113,0,395.33214272974141,777.33214272974146,382.00000000000006,27.804099999999998
2010-10,641.95889999999918,1365.0629999999992,5794.5016999999998,4429.4387000000006,-52.341999999999985,851.10649999999998,903.44849999999997,-740.81150000000002,-412.17060000000004,204.21969999999999,616.39030000000002,0,43.199999999999996,144.53371300000001,428.656587,-328.64090000000004,5.7260999999999997,334.36700000000002,70.049399999999991,80.760199999999998,10.710800000000001,5.1946000000000003,-4.1051325392927538,253.15800000000002,289.68650000000002,36.528500000000001,-5.8061999999999996,0.68240000000000001,6.4885999999999999,617.23940000000005,1172.7155,555.47609999999997,0,0,0,-1436.1469000000002,729.89610000000005,2166.0430000000001,-844.08549999999991,1071.7953,1915.8807999999999,0,12.488080999999999,-79.818556000000001,11.492699999999999,0,1467.3738424607072,0,643.04836746070646,793.2483674607065,150.19999999999999,34.768099999999997
2010-11,-105.79449999999974,423.36160000000018,5631.6059999999998,5208.2443999999996,-88.496899999999982,955.71500000000003,1044.2119,-497.82319999999999,-198.88569999999999,14.1493,213.035,2.6,41.1,165.165527,4.169473,-298.9375,10.6647,309.60219999999998,57.164000000000001,68.314300000000003,11.1503,6.2305000000000001,387.90338852694236,142.5111,184.0538,41.542700000000004,-6.932900000000001,1.1354,8.0683000000000007,572.87310000000002,1588.3140000000001,1015.4409000000001,0,0,0,-51.16050000000007,750.01949999999999,801.18000000000006,-706.07639999999992,1365.4043999999999,2071.4807999999998,0,248.72916000000001,332.64157999999975,-11.907400000000001,0,-132.77435147305741,0,288.33938852694263,-22.360611473057361,-310.7,33.597900000000003
2010-12,417.94639999999981,1102.3446999999996,6140.5309999999999,5038.1863000000003,26.086800000000039,1083.7402,1057.6533999999999,-794.20569999999987,-536.62689999999986,14.265699999999999,550.8925999999999,0,45.6,123.165509,382.12709099999995,-257.5788,12.349299999999999,269.92809999999997,83.72059999999999,97.243899999999996,13.523300000000001,4.2057000000000002,-275.50484616455259,242.8527,294.7808,51.928100000000001,-5.0115000000000007,4.2900999999999998,9.3016000000000005,447.72070000000008,1365.0349000000001,917.31420000000003,0,0,0,341.39879999999982,1090.1936999999998,748.79489999999998,-731.61519999999996,1480.4739999999999,2212.0891999999999,0,-184.807759,382.59425299999964,-6.9551999999999996,-106.2,-655.48164016455212,0,146.6472538354472,293.84725383544719,147.19999999999999,36.314900000000002
2011-01,696.7320999999996,825.6283999999996,5281.2237999999998,4455.5954000000002,-28.033500000000004,1024.8043,1052.8378,-166.57820000000001,-133.9282,36.565600000000003,170.49379999999999,0,12.8,104.99802299999999,52.695777000000007,-32.65,6.2457000000000003,38.895699999999998,65.715400000000002,78.491500000000002,12.7761,7.3452999999999999,-299.49729877727128,283.74490000000003,294.38220000000001,10.6373,-11.4582,1.1364000000000001,12.5946,211.07459999999992,758.62239999999997,547.54780000000005,0,0,0,-73.955799999999982,231.6448,305.60059999999999,-1094.4032999999999,980.99789999999996,2075.4011999999998,0,-72.746015999999997,338.18588199999999,-28.610099999999999,-62,210.67073522272858,0,404.58010122272827,428.28010122272826,23.7,29.637
2011-02,61.643899999999803,329.6266999999998,4503.2718999999997,4173.6451999999999,-110.36019999999996,879.976,990.33619999999996,-213.00990000000002,-159.07910000000001,11.032,170.11110000000002,2.9,47.2,99.793861000000007,20.217238999999999,-53.930800000000005,20.6005,74.531300000000002,55.387300000000003,63.712200000000003,8.3248999999999995,8.7113999999999994,-514.35371571516134,226.45020000000002,229.68450000000001,3.2343000000000002,-12.239199999999999,0.65059999999999996,12.889799999999999,1021.5553999999998,1710.3780999999999,688.82270000000005,0,0,0,69.108400000000017,385.2921,316.18369999999999,-1316.4006000000002,950.52440000000001,2266.9250000000002,0,-117.12056,518.86658799999964,-41.401000000000003,-53.4,-809.77294371516086,0,-443.99841571516151,-300.09841571516154,143.9,38.736899999999999
2011-03,775.08289999999954,1259.0186999999996,5953.8131000000003,4694.7944000000007,93.698899999999867,1055.2539999999999,961.55510000000004,-633.17689999999993,-392.47949999999997,60.0197,452.49919999999997,0,50.5,90.893831000000006,311.105369,-240.69739999999999,6.9264999999999999,247.62389999999999,55.542200000000001,67.507300000000001,11.9651,3.6857000000000002,-1899.0425805359314,217.8672,233.8519,15.9847,-6.1549999999999994,0.88319999999999999,7.0381999999999998,550.91550000000007,1223.1384,672.22289999999998,0,0,0,106.40919999999997,352.09299999999996,245.68379999999999,-1297.6742000000002,941.6404,2239.3146000000002,0,7.5672459999999999,439.05136400000009,-36.872199999999999,-1273.5,-606.65169053593149,0,-1120.273980535932,-1019.6739805359321,100.60000000000001,51.011899999999997
2011-04,1422.3188000000005,2398.0111000000006,6829.6984000000002,4431.6872999999996,12.888299999999958,949.226,936.33770000000004,-1056.3044,-529.51429999999993,162.51129999999998,692.02559999999994,0,39.200000000000003,219.66773199999997,433.15786800000001,-526.79009999999994,6.5968999999999998,533.38699999999994,67.723799999999997,79.551400000000001,11.8276,2.6743000000000001,-1078.0138094681583,189.98490000000001,200.59180000000001,10.6069,-5.2180999999999997,0.70530000000000004,5.9234,356.43320000000006,1071.5222000000001,715.08900000000006,0,0,0,-42.584799999999973,514.61609999999996,557.20089999999993,-1682.6241999999997,867.94899999999996,2550.5731999999998,0,-165.16129799999999,-8.3457840000000001,-22.829699999999999,5.4999999999999991,296.83197253184164,0,346.97929053184197,712.77929053184198,365.8,39.315199999999997
2011-05,1625.1389000000006,2588.2611000000006,8199.6743000000006,5611.4132,-163.37909999999999,962.93089999999995,1126.31,-846.72530000000006,-177.42240000000001,12.2392,189.66160000000002,3.6,30.900000000000002,152.13274200000001,3.0288580000000001,-669.30290000000002,6.6765999999999996,675.97950000000003,46.982199999999999,60.7393,13.757099999999999,4.9444999999999997,-1439.8531227171468,260.97119999999995,263.59789999999998,2.6267,-12.2669,1.9392,14.206099999999999,667.74710000000005,1492.0134,824.2663,0,0,0,-81.427000000000021,265.46829999999994,346.89529999999996,-2169.1754000000001,1079.3318999999999,3248.5073000000002,0,43.189450999999998,121.09001400000042,-54.843200000000003,-226.79999999999998,11.661612282852843,0,190.23027728285379,48.830277282853785,-141.4,42.6357
2011-06,867.88380000000052,1878.3846000000003,7829.6189000000004,5951.2343000000001,-44.24389999999994,968.06140000000005,1012.3053,-1021.3536999999999,-575.53649999999993,146.63029999999998,722.16679999999997,0,40.299999999999997,115.654557,566.21224299999994,-445.81720000000001,7.0659000000000001,452.88310000000001,55.096799999999995,71.891499999999994,16.794699999999999,4.5450999999999997,-1184.3063420068142,396.18299999999999,434.70749999999998,38.524500000000003,-10.206,5.0224000000000002,15.228400000000001,366.79779999999994,1224.6497999999999,857.85199999999998,49.3,49.3,0,160.90740000000011,423.29100000000005,262.38359999999994,-2272.5133000000001,1075.7692999999999,3348.2826,0,14.265034999999999,337.48297499999978,-53.723500000000001,20.8,-193.59975200681436,0,-311.87744200681379,-364.87744200681379,-53,43.027099999999997
2011-07,892.12480000000005,1382.4690000000001,6987.3579,5604.8888999999999,-112.10760000000005,974.56,1086.6676,-458.46619999999996,-154.3391,12.497499999999999,166.8366,0,12.9,139.72830300000001,14.208297,-304.12709999999998,9.6583000000000006,313.78539999999998,80.229599999999991,95.111099999999993,14.881500000000001,11.701000000000001,-877.93999270888446,275.2758,278.11130000000003,2.8355000000000001,-11.056799999999999,1.6797,12.736499999999999,431.80079999999998,1271.2212,839.42039999999997,0,0,0,824.39800000000014,929.70060000000012,105.30259999999998,-2329.1399000000001,1019.7827,3348.9225999999999,0,-58.033275000000003,476.22200699999962,-24.697299999999998,2.6,-465.30932470888399,0,25.885807291115611,227.98580729111563,202.10000000000002,49.155900000000003
2011-08,268.27660000000037,820.90210000000025,7407.1261000000004,6586.2240000000002,-117.33019999999988,992.89229999999998,1110.2224999999999,-487.22439999999995,-169.29459999999997,7.7568999999999999,177.05149999999998,4.5,44.3,115.164615,13.086885000000001,-317.9298,9.0701000000000001,326.99990000000003,51.929099999999991,66.799499999999995,14.8704,25.381900000000002,-2531.3719306783328,149.89500000000001,321.10430000000002,171.20930000000001,-12.4618,3.3365999999999998,15.798400000000001,420.92910000000006,1276.3114,855.38229999999999,0,0,0,979.90449999999987,1705.2226999999998,725.31819999999993,-2881.2391000000002,924.67259999999999,3805.9117000000001,0,-49.922820999999999,874.15289600000051,4.7093500000000006,-1910.5,-106.8390556783329,0,-2237.7134306783323,-1933.3134306783322,304.39999999999998,40.183100000000003
2011-09,-542.44509999999946,682.2498000000005,6927.4362000000001,6245.1863999999996,-244.24409999999989,1004.6511,1248.8951999999999,-1031.9898000000001,-381.7573000000001,44.154999999999994,425.91230000000007,0,50.7,116.21914100000001,258.99315900000005,-650.23249999999996,24.659400000000002,674.89189999999996,51.539000000000001,66.453900000000004,14.914899999999999,18.853300000000001,-418.10736054051335,158.142,212.21600000000001,54.073999999999998,-13.296799999999999,1.208,14.504799999999999,160.23820000000001,970.44880000000001,810.2106,0,0,0,1585.7537000000002,2508.2091,922.45539999999994,-3267.2486000000004,1098.5428999999999,4365.7915000000003,0,189.871714,726.65997199999981,-48.785350000000001,-17,107.55780345948676,0,-941.69916054051282,-1400.1991605405128,-458.5,47.458399999999997
2011-10,-447.69540000000029,612.49089999999978,6524.4085999999998,5911.9177,-266.20349999999996,960.42439999999999,1226.6279,-851.44500000000016,-536.72600000000011,151.28909999999999,688.01510000000007,0,37.800000000000004,214.843434,435.371666,-314.71900000000005,6.7098000000000004,321.42880000000002,57.46220000000001,72.882900000000006,15.4207,9.0265000000000004,-908.61689566127257,496.75630000000001,573.86900000000003,77.112700000000004,-14.896799999999999,1.0508,15.9476,200.5598,1049.9636,849.40380000000005,0,0,0,1385.4677999999997,2855.2361999999998,1469.7684000000002,-2974.0798,989.78750000000002,3963.8672999999999,0,193.57950600000001,119.318338,-30.9895,1.1000000000000001,-285.4325396612723,0,-1347.2857956612729,-1066.185795661273,281.10000000000002,45.414099999999998
2011-11,-27.798100000000431,1054.4646999999995,5986.7581,4932.2934000000005,-73.337800000000016,934.45960000000002,1007.7974,-1059.4489000000001,-252.06309999999999,5.0887000000000002,257.15179999999998,2.9,37.9,213.28611699999999,3.0656829999999999,-807.38580000000002,4.3800999999999997,811.76589999999999,50.523899999999998,62.402299999999997,11.878399999999999,3.5672999999999999,-1376.1968745924401,342.42530000000005,351.04610000000002,8.6207999999999991,-0.26569999999999983,2.6069,2.8725999999999998,105.26729999999998,992.19870000000003,886.93140000000005,0,0,0,938.68309999999929,4518.108299999999,3579.4251999999997,-439.34489999999983,1342.0847000000001,1781.4295999999999,0,-434.75895100000002,-29.008804999999882,-38.181000000000004,0,-1821.0132185924392,0,-1400.4276745924406,-1461.1276745924406,-60.7,49.971499999999999
2011-12,-1195.3235000000004,1261.3411999999998,6768.0555999999997,5506.7143999999998,43.042399999999816,1152.4313,1109.3889000000001,-2582.5313000000001,-2538.8371000000002,42.076000000000001,2580.9131000000002,0,42.6,113.52190900000001,2424.7911910000003,-43.694199999999995,9.0812000000000008,52.775399999999998,82.82419999999999,99.032399999999996,16.208200000000001,5.1102999999999996,1917.3063969548607,517.26409999999998,531.55759999999998,14.2935,-7.5888999999999998,1.7746999999999999,9.3635999999999999,18.509800000000041,974.83150000000001,956.32169999999996,0,0,0,250.37800000000152,6020.2125000000005,5769.834499999999,150.28980000000001,1415.1510000000001,1264.8612000000001,0,382.10613599999999,71.356706999999886,-51.183500000000002,0,586.1742539548593,0,727.09319695486045,313.78365575528733,-413.30954119957312,62.523099999999999
2012-01,958.74630000000025,1262.0761000000002,6404.6508999999996,5142.5747999999994,-113.82780000000002,1108.6431,1222.4709,-243.21430000000001,-241.20000000000002,131.0676,372.26760000000002,0,13.7,122.12603799999999,236.441562,-2.0143000000000004,11.542899999999999,13.5572,53.712299999999999,70.052899999999994,16.340599999999998,8.8613,-1100.2551739408709,203.3707,210.51730000000001,7.1466000000000003,18.160299999999999,26.316700000000001,8.1563999999999997,154.75490000000002,819.05799999999999,664.30309999999997,0,0,0,-205.30619999999999,4650.0279,4855.3341,-837.11359999999991,465.70549999999997,1302.8190999999999,0,103.674032,62.948880000000088,-54.685299999999998,0,-546.05888594087105,0,-132.64757394087064,218.35242605912936,351,64.526499999999999
2012-02,677.36999999999898,1041.4990999999991,5359.5618999999997,4318.0628000000006,-224.51290000000006,831.56830000000002,1056.0812000000001,-181.0625,-188.66839999999999,4.7816000000000001,193.45,1.2,45.2,125.85110399999999,21.198895999999998,7.6058999999999992,11.440799999999999,3.8349000000000002,41.446299999999994,54.414299999999997,12.968,1.224,-620.19597706754314,310.93189999999998,315.1918,4.2599,-1.4222000000000001,1.4333,2.8555000000000001,-68.024799999999914,888.00620000000004,956.03099999999995,0,0,0,-463.14049999999997,3726.0107999999996,4189.1512999999995,-305.68240000000014,728.49649999999997,1034.1789000000001,0,-215.07566800000001,18.88592800000006,-34.724757499999996,0,138.05652043245689,0,58.39802293245593,73.598022932455933,15.2,75.023499999999999
2012-03,664.71520000000078,1352.2297000000008,6846.1881000000003,5493.9583999999995,-269.47919999999999,1042.9141,1312.3933,-466.88110000000006,-437.71360000000004,28.204499999999999,465.91810000000004,0,57.999999999999993,166.39295700000002,241.52514300000001,-29.1675,5.4027000000000003,34.5702,48.845799999999997,65.219399999999993,16.3736,7.7256999999999998,72.00537919087401,514.59089999999992,527.79409999999996,13.203200000000001,-10.090000000000002,1.7144999999999999,11.804500000000001,484.49600000000009,1537.8683000000001,1053.3723,0,0,0,-356.69830000000093,4155.3949999999995,4512.0933000000005,-498.4135,791.053,1289.4665,0,135.12758500000001,-3.3892549999997614,-54.993099999999998,0,-138.62495080912541,0,744.44627919087475,622.84627919087472,-121.6,102.3082
2012-04,1880.6761999999999,2403.4611999999997,6627.7282999999998,4224.2671,48.925600000000031,798.63430000000005,749.70870000000002,-620.79300000000001,-620.88549999999998,121.9742,742.85969999999998,0,41.800000000000004,256.49792500000001,444.56177500000001,9.2499999999999805E-2,3.9994999999999998,3.907,49.082400000000007,63.814300000000003,14.7319,0.68930000000000002,-1322.2159221051252,387.35550000000001,390.6121,3.2566000000000002,-7.8312999999999997,2.3906000000000001,10.2219,-201.19530000000009,830.13509999999997,1031.3304000000001,0,0,0,-609.18290000000025,2263.6704,2872.8533000000002,-1037.3658,294.34640000000002,1331.7121999999999,0,7.6386820000000002,-5.8508179999998067,-59.473700000000001,0,203.68971389487496,0,559.14957789487482,553.44957789487478,-5.7,76.948400000000007
2012-05,2898.0209000000004,3290.0526000000009,8907.6362000000008,5617.5835999999999,-182.91140000000019,871.69740000000002,1054.6088000000002,-253.58060000000003,-256.23310000000004,158.8629,415.096,1.2,37.700000000000003,219.928235,156.267765,2.6524999999999999,5.1539999999999999,2.5015000000000001,44.460300000000004,63.094700000000003,18.634399999999999,3.5156999999999998,-3415.4769237004462,334.61520000000002,358.15530000000001,23.540099999999999,-8.3668000000000013,10.1814,18.548200000000001,-355.89189999999996,842.1019,1197.9938,0,0,0,-507.29169999999976,2467.4358999999999,2974.7275999999997,-842.56949999999995,242.81299999999999,1085.3824999999999,0,-146.039525,198.87111399999989,-79.807599999999994,-226.89999999999998,-1782.0962127004466,0,-513.94032370044579,-866.64032370044583,-352.7,89.427099999999996
2012-06,609.17740000000038,1325.0236000000004,7077.3856999999998,5752.3620999999994,-281.70370000000003,841.17679999999996,1122.8805,-462.23290000000003,-466.32190000000003,5.1672000000000002,471.48910000000001,0,40.300000000000004,161.541213,269.64788699999997,4.0890000000000004,5.4131,1.3241000000000001,28.090400000000002,50.254600000000003,22.164200000000001,2.7124999999999999,-1356.1387458035779,453.01049999999998,460.0068,6.9962999999999997,-11.777899999999999,0.35639999999999999,12.1343,-735.76019999999994,726.59699999999998,1462.3571999999999,0,0,0,56.108099999999922,2327.8200999999999,2271.712,-84.908499999999975,188.4179,273.32639999999998,0,-106.686334,168.61212900000001,-48.849899999999998,0,-1045.8866408035776,0,-744.24884580357764,-629.64884580357761,114.6,110.0849
2012-07,155.72250000000042,888.21380000000045,7124.4214000000002,6236.2075999999997,-469.60550000000001,797.08100000000002,1266.6865,-311.14490000000001,-303.16250000000002,134.96069999999997,438.1232,0,16.100000000000001,153.411922,268.61127799999997,-7.9824000000000011,1.861,9.8434000000000008,48.259100000000004,72.024799999999999,23.765699999999999,12.8371,307.36020258531983,144.21770000000001,193.23490000000001,49.017200000000003,-12.843,0.4128,13.255800000000001,-663.40239999999994,446.9538,1110.3561999999999,0,0,0,129.65740000000005,2496.5248000000001,2366.8674000000001,-0.5146000000000015,128.3014,128.816,0,52.742927000000002,147.24291600000001,-0.53110000000000002,0,510.79035958531972,0,475.91980258532021,470.51980258532024,-5.4,113.4623
2012-08,-124.48109999999951,742.53480000000036,7201.3978999999999,6458.8630999999996,-634.73889999999983,791.97170000000006,1426.7105999999999,-264.03210000000001,-229.5147,5.7836000000000007,235.29830000000001,0.9,42.699999999999996,182.93434300000001,8.7639569999999996,-34.517399999999995,3.2229000000000001,37.740299999999998,31.755099999999999,47.555999999999997,15.8009,6.6090999999999998,-1716.6063184269935,215.8681,280.51949999999999,64.651399999999995,-11.8711,1.1418999999999999,13.013,-424.33389999999997,511.88729999999998,936.22119999999995,0,0,0,52.817399999999907,2546,2493.1826000000001,1.9624000000000024,98.486699999999999,96.524299999999997,0,240.776374,15.761736000000001,-0.7631,-2149.3000000000002,342.47577157300674,0,-1834.4783184269932,-1666.2783184269931,168.2,120.7837
2012-09,-294.73880000000077,468.47119999999904,5937.1198999999997,5468.6487000000006,-463.15899999999988,703.75710000000004,1166.9160999999999,-324.30339999999995,-324.09289999999993,75.7547,399.84759999999994,0,54.1,136.20685999999998,209.54074,-0.21050000000000013,1.718,1.9285000000000001,24.252399999999998,41.395099999999999,17.142700000000001,4.3529999999999998,-77.8355890405183,216.72229999999999,245.4007,28.6784,-11.6655,0.4274,12.0929,-344.80470000000003,528.36519999999996,873.16989999999998,0,0,0,-159.5881000000004,2130.6390999999999,2290.2272000000003,-4.2618999999999971,79.135000000000005,83.396900000000002,0,-55.183729,2.013359000000015,0,0,278.93268095948213,0,-368.22138904051906,-141.72138904051903,226.5,148.78540000000001
2012-10,-568.98379999999952,527.35170000000016,6682.3984,6155.0466999999999,-436.85519999999985,768.33219999999994,1205.1873999999998,-706.75369999999987,-706.39979999999991,121.5244,827.92419999999993,0,35.300000000000004,281.24273499999998,511.38146499999999,-0.35389999999999988,2.3422000000000001,2.6960999999999999,47.273400000000002,67.719200000000001,20.445799999999998,3.8614000000000002,926.32978900429487,222.53029999999998,230.45769999999999,7.9273999999999996,-13.417300000000001,0.22109999999999999,13.638400000000001,-429.1567,567.3329,996.4896,0,0,0,132.70209999999997,2496.3878999999997,2363.6857999999997,19.901100000000014,95.753200000000007,75.852099999999993,0,57.147370000000002,100.767582,0,-15,850.8553370042946,0,361.20738900429535,263.90738900429534,-97.3,109.44880000000001
2012-11,-272.2045999999998,369.90250000000015,6218.3387000000002,5848.4362000000001,-373.49119999999994,807.53980000000001,1181.0309999999999,-331.28640000000001,-286.94830000000002,159.59,446.53830000000005,0.6,35.700000000000003,215.64695799999998,194.59134200000003,-44.338099999999997,1.9393,46.2774,62.670500000000004,81.453800000000001,18.783300000000001,6.3E-3,263.33128628367001,244.65790000000001,252.51240000000001,7.8544999999999998,-10.2066,1.4518,11.6584,-227.4674,514.95330000000001,742.42070000000001,0,0,0,-79.722200000000157,2373,2452.7222000000002,68.607300000000009,75.260400000000004,6.6531000000000002,0,-125.537659,29.365952,0,-5.4,369.03399328367016,0,-8.8670137163297724,-36.767013716329771,-27.9,116.386
2012-12,-2668.4186000000004,1012.5443999999998,6539.6301999999996,5527.0857999999998,-305.84419999999989,845.79280000000006,1151.6369999999999,-3421.6270000000004,-3302.0154000000002,361.43079999999992,3663.4462000000003,0,38.200000000000003,191.70678900000001,3433.5394110000002,-119.6116,2.0583,121.6699,46.508199999999995,69.621399999999994,23.113199999999999,5.6890000000000001,760.97229687036042,495.77210000000002,511.33080000000001,15.5587,-2.0454000000000003,0.9385,2.9839000000000002,-287.63649999999996,507.5684,795.20489999999995,0,0,0,252.57839999999965,2267.5740999999998,2014.9957000000002,73.481499999999997,84.025300000000001,10.543799999999999,0,-138.58677900000001,-0.71067499999999995,0,0,368.11965087036066,0,-1901.7573031296401,-1947.269874024234,-45.512570894593956,85.2483
2013-01,-620.57469999999978,400.22320000000036,6109.3045000000002,5709.0812999999998,-656.21130000000016,901.327,1557.5383000000002,-397.76859999999999,-333.86079999999998,10.1265,343.9873,0,15.6,157.08329099999997,171.30400900000001,-63.907800000000002,3.1741000000000001,67.081900000000005,33.182000000000002,54.548299999999998,21.366299999999999,4.5465,-157.86292199595118,201.12289999999999,204.29339999999999,3.1705000000000001,6.2307000000000006,8.4082000000000008,2.1775000000000002,-205.47939999999994,345.36270000000002,550.84209999999996,0,0,0,-248.77279999999951,1951.2,2199.9727999999996,34.411299999999997,54.121600000000001,19.7103,0,534.27620000000002,282.76987000000003,0,0,-762.42169199595173,0,-773.89112199595093,-759.59112199595097,14.3,82.903599999999997
2013-02,-831.46630000000027,94.923899999999776,4779.4346999999998,4684.5108,-714.21950000000004,753.25239999999997,1467.4719,-233.17309999999998,-190.01239999999999,7.4626999999999999,197.4751,0.5,46.5,144.731629,5.7434710000000004,-43.160700000000006,0.9798,44.140500000000003,21.002399999999998,41.6496,20.647200000000002,9.0999999999999998E-2,184.9918435671899,244.21019999999999,248.45079999999999,4.2405999999999997,-1.4486999999999999,0.82440000000000002,2.2730999999999999,-226.79709999999994,313.9649,540.76199999999994,0,0,0,50.08410000000049,2573.2031999999999,2523.1190999999994,45.208300000000001,52.066600000000001,6.8582999999999998,0,-103.362612,381.51684599999999,0,-36.6,-167.81919043281064,0,-646.38345643281036,-921.48345643281039,-275.10000000000002,144.30090000000001
2013-03,-785.96330000000034,442.99209999999948,5797.4255999999996,5354.4335000000001,-786.65569999999991,700.78599999999994,1487.4416999999999,-462.72210000000001,-414.51859999999999,75.186599999999999,489.70519999999999,0,74.299999999999983,134.840193,280.56500699999998,-48.203499999999998,1.7292000000000001,49.932699999999997,20.4224,44.3035,23.8811,3.2585000000000002,-380.23175794126735,217.75789999999998,227.11859999999999,9.3606999999999996,-1.5760000000000001,1.8940999999999999,3.4701,-556.73469999999998,330.43200000000002,887.16669999999999,0,0,0,-348.67950000000019,2312.8163,2661.4958000000001,34.936599999999991,71.611999999999995,36.675400000000003,0,185.14876000000001,235.29981699999999,0,0,-146.38463494126711,0,-1162.9365579412677,-1163.3365579412678,-0.39999999999999858,189.70189999999999
2013-04,-2.0383999999994558,1490.1535000000003,7510.1198000000004,6019.9663,-791.90099999999984,728.45640000000003,1520.3573999999999,-720.66570000000002,-623.32429999999999,125.197,748.5213,0,37.20000000000001,265.95772099999999,445.36357900000002,-97.341400000000007,1.2182999999999999,98.559700000000007,20.374799999999997,46.500599999999999,26.125800000000002,0.27010000000000001,-694.3599254154044,229.98089999999999,237.43299999999999,7.4520999999999997,-3.2490999999999999,0.29099999999999998,3.5400999999999998,-256.43329999999997,475.28969999999998,731.72299999999996,0,0,0,-875.0890000000004,3438.2276999999999,4313.3167000000003,47.882300000000001,49.730899999999998,1.8486,0,53.210082,-1.207986,0,-229.7,340.2461785845959,0,-696.1282254154039,-913.82822541540395,-217.7,174.20359999999999
2013-05,32.997499999999491,1340.7925999999998,8038.7170999999998,6697.9245000000001,-900.43990000000008,707.15030000000002,1607.5902000000001,-424.54250000000008,-270.23250000000007,156.15360000000001,426.38610000000006,0.7,41.300000000000004,187.026186,197.35991400000003,-154.31,2.4047999999999998,156.7148,17.1873,47.317700000000002,30.130400000000002,0.36109999999999998,-820.73158025048247,155.42880000000002,200.32400000000001,44.895200000000003,-3.9649000000000001,0.2969,4.2618,-204.59350000000006,660.30319999999995,864.89670000000001,0,0,0,-739.51500000000033,4475.8999999999996,5215.415,64.6083,70.983500000000006,6.3752000000000004,0,-159.32779099999999,-0.66911500000000002,0,0,67.301625749517953,0,-787.37298025048301,-980.87298025048301,-193.5,213.23089999999999
2013-06,-65.32930000000124,1189.9482999999991,6776.1256999999996,5586.1774000000005,-622.88830000000007,655.11159999999995,1277.9999,-645.83710000000019,-526.98950000000013,2.9712000000000001,529.96070000000009,0,43.599999999999994,121.920326,364.44037400000002,-118.8476,1.093,119.9406,13.447799999999997,44.582299999999996,31.134499999999999,0.31740000000000002,-1162.3709991927944,260.2688,267.61189999999999,7.3430999999999997,-2.2880000000000003,0.42709999999999998,2.7151000000000001,-376.75389999999999,357.82130000000001,734.5752,0,0,0,-1212.2660000000001,2107.7499000000003,3320.0159000000003,60.983699999999999,64.559799999999996,3.5760999999999998,0,-112.145337,-0.70888899999999999,-1.5E-3,0,220.5401268072055,0,-1227.3828991927958,-1545.9828991927959,-318.60000000000002,164.89660000000001
2013-07,-593.23639999999955,485.33380000000034,7411.6225000000004,6926.2887000000001,-770.01289999999995,787.69370000000004,1557.7066,-337.78949999999998,-179.2535,137.679,316.9325,0,32.100000000000009,127.88936899999999,156.94313099999999,-158.536,1.573,160.10900000000001,29.232199999999999,58.82,29.587800000000001,12.1211,423.20450441293224,151.68860000000001,175.1763,23.4877,-1.0252000000000001,1.7665,2.7917000000000001,-215.14369999999997,374.1232,589.26689999999996,0,0,0,-27.381799999999998,310.00050000000005,337.38230000000004,35.690300000000001,50.354100000000003,14.6638,0,-21.584854,48.347717000000017,0,6.9533757281294521,445.6600656848027,0,-157.91079558706735,43.489204412932658,201.4,165.42599999999999
2013-08,-676.36760000000083,209.77029999999922,6856.4552999999996,6646.6850000000004,-586.95460000000003,667.35709999999995,1254.3117,-316.81110000000001,-192.31,3.1718999999999999,195.4819,0.5,44.5,149.65282299999998,0.82907699999999995,-124.50110000000001,1.3272999999999999,125.8284,17.627800000000001,45.542999999999999,27.915199999999999,11.626300000000001,124.85312900727024,144.73599999999999,152.29259999999999,7.5566000000000004,-2.8935000000000004,0.26419999999999999,3.1577000000000002,-269.18349999999998,374.91539999999998,644.09889999999996,0,0,0,-65.150800000000004,375.2654,440.4162,30.9998,34.75,3.7502,0,23.833238000000001,120.475874,0.1721,37.2510113363141,104.61290567095617,0,-539.88817099273058,-370.48817099273055,169.4,222.75299999999999
2013-09,-2396.2955999999995,-1008.5906999999997,5744.6993000000002,6753.29,-871.15609999999981,685.99040000000002,1557.1464999999998,-524.67259999999999,-411.7353,72.156999999999996,483.89229999999998,0,74.900000000000006,112.10797700000001,296.88432299999999,-112.93730000000001,2.8580999999999999,115.7954,8.1238000000000028,38.199100000000001,30.075299999999999,6.6776,502.50465322909008,438.02549999999997,452.90129999999999,14.8758,-3.1707000000000001,0.11559999999999999,3.2863000000000002,-452.42640000000006,339.35199999999998,791.77840000000003,0,0,0,916.44659999999999,1299.8,383.35340000000002,30.8659,59.517800000000001,28.651900000000001,0,-141.847611,229.90067500000001,6.0199999999999997E-2,-1051.5522240975247,536.20271332661491,0,-1887.1133467709094,-1936.9133467709094,-49.8,297.84129999999999
2013-10,-2642.2948000000001,-888.98840000000018,5957.6080000000002,6846.5964000000004,-1015.7744000000001,666.42359999999996,1682.1980000000001,-750.76819999999987,-618.40679999999986,111.78030000000001,730.18709999999987,0,36.700000000000003,251.77332999999999,441.71376999999995,-132.3614,0.93899999999999995,133.3004,13.236199999999997,44.615299999999998,31.379100000000001,1.7230000000000001,1135.7150087770131,113.86129999999999,139.27539999999999,25.414100000000001,-3.9349000000000003,0.65149999999999997,4.5864000000000003,-429.21649999999994,489.63200000000001,918.84849999999994,0,0,0,764.78440000000001,1212.4000000000001,447.61560000000003,-17.698599999999999,37.749299999999998,55.447899999999997,0,226.20344499999999,73.335499999999996,-0.25369999999999998,59.326151804083132,349.30791197292979,0,-1504.8567912229871,-1509.3567912229871,-4.5,249.33519999999999
2013-11,-2322.0249999999996,-1070.3477999999996,5182.0347000000002,6252.3824999999997,-889.68369999999982,611.8134,1501.4970999999998,-370.36610000000002,-247.38310000000001,155.0421,402.42520000000002,0.6,41.8,164.701064,195.32413600000001,-122.98299999999999,1.647,124.63,8.372600000000002,37.984200000000001,29.611599999999999,1.0585,17.859270613885201,70.535799999999995,88.159499999999994,17.623699999999999,-14.475899999999999,0.27189999999999998,14.7478,-507.98449999999997,320.5659,828.55039999999997,0,0,0,69.49369999999999,398.0752,328.58150000000001,31.572600000000001,37.663800000000002,6.0911999999999997,0,-50.050857000000001,169.325354,-64.299499999999995,48.461348037476924,265.28122557640819,0,-2303.1072293861143,-2433.1072293861143,-130,363.9796
2013-12,-2322.3454000000002,-964.51040000000012,5196.9381000000003,6161.4485000000004,-680.1617,691.38250000000005,1371.5442,-705.59720000000004,-519.99360000000001,2.0822000000000003,522.07579999999996,0,41.2,105.90177799999999,374.97402199999999,-185.6036,1.0141,186.61770000000001,27.923900000000003,62.304000000000002,34.380099999999999,6.93E-2,2184.0860585060054,210.78539999999998,218.67169999999999,7.8863000000000003,-4.1554000000000002,0.85699999999999998,5.0124000000000004,270.82690000000014,1041.0386000000001,770.21169999999995,0,0,0,-172.67099999999994,659.90000000000009,832.57100000000003,33.572800000000001,57.665700000000001,24.0929,0,-364.77948199999997,204.43721500000001,-24.953900000000001,105.30000000000001,1925.723525506005,0,-138.19004149399478,-198.26363258021593,-60.073591086221128,339.50729999999999
2014-01,-2193.1916000000006,-1017.0560000000005,4954.4053999999996,5971.4614000000001,-844.57300000000009,693.20579999999995,1537.7788,-349.12399999999997,-186.44159999999997,132.0472,318.48879999999997,0,23.3,132.51775699999999,162.671043,-162.6824,1.6277999999999999,164.31020000000001,17.561399999999999,46.011099999999999,28.4497,1.7394000000000001,-693.34443616484987,64.789299999999997,87.003799999999998,22.214500000000001,-1.3015999999999996,4.5206,5.8221999999999996,227.2038,959.22609999999997,732.02229999999997,0,0,0,-576.01700000000005,243.25,819.26700000000005,-515.77240000000006,99.691299999999998,615.46370000000002,0,314.68986000000001,169.32303200000001,11.7,-40.116919038056963,-347.84250912679283,0,-2884.7966361648505,-2852.2966361648505,32.5,231.5693
2014-02,77.758899999999471,871.59959999999955,4989.2151000000003,4117.6155000000008,-528.5100000000001,637.95680000000004,1166.4668000000001,-278.98009999999999,-192.70290000000003,1.7746000000000002,194.47750000000002,0.9,49.400000000000006,143.20368500000001,0.97381499999999999,-86.277199999999993,0.54339999999999999,86.820599999999999,13.649399999999996,37.612499999999997,23.963100000000001,3.3915000000000002,-471.99170944590509,51.0655,58.050800000000002,6.9852999999999996,-1.2812999999999999,3.6471,4.9283999999999999,-342.05719999999997,283.31529999999998,625.37249999999995,0,0,0,-254.22199999999998,419.29250000000002,673.5145,-178.47239999999999,111.7586,290.23099999999999,0,147.893719,-0.71840499999999996,107,-17.799999999999997,16.600376554094847,0,-390.84130944590561,-202.24130944590559,188.60000000000002,262.81040000000002
2014-03,20.945300000000316,699.14170000000013,5197.8359,4498.6941999999999,-292.83929999999987,669.05600000000004,961.89529999999991,-403.60860000000002,-346.2448,46.923999999999992,393.16879999999998,0,69.400000000000006,94.210048999999998,229.55875099999997,-57.363799999999998,5.4675000000000002,62.831299999999999,18.2515,40.786000000000001,22.534500000000001,-6.9099999999999995E-2,-478.06277867426769,91.574200000000005,95.173500000000004,3.5992999999999999,1.9668000000000001,6.1066000000000003,4.1398000000000001,10.442399999999907,604.06129999999996,593.61890000000005,0,0,0,-452.93259999999987,241.40750000000003,694.34009999999989,-306.91519999999991,590.12800000000004,897.04319999999996,0,24.375083,-0.75298700000002983,548.5,16.495875800934062,-410.81635047520189,0,-457.18657867426737,-538.58657867426734,-81.400000000000006,258.10520000000002
2014-04,499.94799999999952,1493.4700999999995,7299.9261999999999,5806.4561000000003,-169.7559,920.20699999999999,1089.9629,-844.07260000000008,-673.12970000000007,67.944400000000002,741.07410000000004,0,38.300000000000004,253.257992,449.51610799999997,-170.94290000000001,1.7077,172.6506,20.306399999999996,42.171999999999997,21.865600000000001,3.0369000000000002,675.69777934806598,401.5539,407.12220000000002,5.5682999999999998,-2.8106,0.2621,3.0727000000000002,530.26559999999995,1137.0507,606.78510000000006,0,0,0,-43.950800000000015,296.89999999999998,340.85079999999999,82.65979999999999,224.86269999999999,142.2029,0,-200.242954,57.585813999999971,0.85210000000000008,-13.499999999999998,-136.71508065193387,0,1178.6826793480654,1212.6826793480654,34,164.71600000000001
2014-05,719.25430000000028,1319.6481000000003,7016.2635,5696.6153999999997,-236.7124,756.86249999999995,993.57489999999996,-382.12780000000004,-219.52470000000005,152.62819999999999,372.15290000000005,1,38.1,138.26734300000001,194.78555700000001,-162.60309999999998,1.9625999999999999,164.56569999999999,18.446400000000001,39.892099999999999,21.445699999999999,6.9615,-282.14688383784255,178.1337,186.02340000000001,7.8897000000000004,-5.2648999999999999,1.5088999999999999,6.7737999999999996,205.64029999999991,941.34079999999994,735.70050000000003,0,0,0,-213.1985,124.6636,337.8621,-603.13959999999997,41.040100000000002,644.17970000000003,0,234.49868699999999,63.962736,0,-8.7999999999999989,-133.97930683784247,0,444.06891616215773,321.76891616215772,-122.3,171.84540000000001
2014-06,-22.290199999999004,1398.5481000000009,6607.9390000000003,5209.3908999999994,-422.01959999999997,626.30200000000002,1048.3216,-1012.0329999999999,-812.47429999999997,179.94320000000002,992.41750000000002,0,39,120.27766899999999,833.13983100000007,-199.55869999999999,1.1131,200.67179999999999,13.214300000000005,38.576300000000003,25.361999999999998,4.6710000000000003,578.67816295335342,256.63640000000004,262.28250000000003,5.6460999999999997,-2.2473000000000001,0.53300000000000003,2.7803,-171.68459999999999,431.58,603.26459999999997,0,0,0,139.85099999999994,414.50269999999995,274.65170000000001,-129.46,51.979300000000002,181.4393,0,-272.21797299999997,44.042827000000003,13.401300000000001,77.7,622.6565089533533,0,561.05896295335447,736.55896295335447,175.5,171.96119999999999
2014-07,656.52489999999966,1590.6913999999997,7221.4989999999998,5630.8076000000001,-529.94470000000001,620.40869999999995,1150.3534,-431.24510000000004,-164.29419999999999,2.7141000000000002,167.00829999999999,0,22.7,139.703676,4.6046240000000003,-266.95090000000005,0.83230000000000004,267.78320000000002,27.023299999999999,51.7089,24.685600000000001,18.4802,-812.15713553478588,70.566300000000012,78.946700000000007,8.3803999999999998,-1.6122000000000001,3.3542000000000001,4.9664000000000001,-142.95130000000006,525.08249999999998,668.03380000000004,0,0,0,-536.26819999999998,275.7,811.96819999999991,-189.14829999999998,38.014000000000003,227.16229999999999,0,48.495171999999997,53.858400000000032,5.5500000000000001E-2,-35.5,-79.65250753478594,0,-137.15203553478625,-275.45203553478626,-138.30000000000001,150.37350000000001
2014-08,-206.65090000000032,323.42389999999978,5238.0331999999999,4914.6093000000001,-314.86290000000008,706.49429999999995,1021.3572,-233.00060000000002,-153.26090000000002,1.4958,154.75670000000002,0.7,38.000000000000007,110.71911800000001,5.3375820000000003,-79.739699999999999,19.280799999999999,99.020499999999998,17.788700000000002,39.549900000000001,21.761199999999999,11.642300000000001,-160.02208080094945,121.3202,124.7822,3.4620000000000002,-1.9795,4.4900000000000002E-2,2.0244,-179.70399999999995,357.59050000000002,537.29449999999997,0,0,0,-49.312099999999987,260.3,309.6121,-202.81479999999996,63.477200000000003,266.29199999999997,0,-55.352007999999998,29.739305000000002,0,-25.6,203.68082219905043,0,-355.03068080094977,-383.23068080094976,-28.2,181.98150000000001
2014-09,-882.98159999999905,77.729800000000978,5103.5874000000003,5025.8575999999994,-517.83680000000004,663.596,1181.4328,-449.47899999999998,-361.40780000000001,88.046499999999995,449.45429999999999,0,76.499999999999986,106.69099,266.26330999999999,-88.07119999999999,2.3054000000000001,90.376599999999996,6.6044000000000018,32.716200000000001,26.111799999999999,9.3375000000000004,383.31068488681393,92.942400000000006,100.7239,7.7815000000000003,-1.6062999999999996,2.6511,4.2573999999999996,-365.45909999999998,441.68779999999998,807.14689999999996,0,0,0,371.42540000000002,614.6,243.1746,-347.6635,36.2194,383.88290000000001,0,54.880152000000002,97.866055000000003,-15.8987,-27.569361069164891,524.39363895597876,0,-490.33341511318514,-754.13341511318515,-263.8,176.54150000000001
2014-10,-839.99970000000076,595.58879999999954,5639.4027999999998,5043.8140000000003,-673.80070000000012,631.39350000000002,1305.1942000000001,-777.43560000000002,-739.7088,42.776699999999998,782.4855,0,34.5,266.49363,481.49186999999995,-37.726799999999997,1.2451000000000001,38.971899999999998,15.6478,43.172499999999999,27.524699999999999,8.0063999999999993,1163.387523383014,200.79070000000002,203.65450000000001,2.8637999999999999,-3.1496,7.3499999999999996E-2,3.2231000000000001,-297.17260000000005,416.74759999999998,713.92020000000002,0,0,0,1147.8598000000002,1456.3159000000001,308.45609999999999,-513.89359999999999,63.065199999999997,576.9588,0,11.156845000000001,80.37213199999988,0.33900000000000002,-16.2,553.28484638301404,0,331.39422338301335,245.89422338301333,-85.5,249.44139999999999
2014-11,-38.849599999999896,806.33770000000004,4984.1183000000001,4177.7806,-534.47499999999991,572.21559999999999,1106.6905999999999,-319.4554,-318.4939,10.6616,329.15550000000002,0,40.700000000000003,145.481325,142.974175,-0.96150000000000002,0.95930000000000004,1.9208000000000001,8.7430999999999983,33.630699999999997,24.887599999999999,1.9474,891.18056961601155,17.643599999999999,18.224499999999999,0.58089999999999997,-2.391,0.1431,2.5341,-363.54760000000005,209.27510000000001,572.82270000000005,0,0,0,1380.2559000000001,1542.6823000000002,162.4264,-349.09190000000001,110.63339999999999,459.7253,0,-323.03880099999998,1.3769540000000895,0,-2.4000000000000004,532.37341661601147,0,854.27836961601167,799.3783696160117,-54.9,239.3844
2014-12,-69.6456000000004,771.15139999999974,5369.0078000000003,4597.8564000000006,-632.45080000000007,719.8306,1352.2814000000001,-229.51660000000004,-226.48590000000004,155.61440000000002,382.10030000000006,0,38.400000000000006,143.61531099999999,200.08498900000004,-3.0307000000000004,1.5126999999999999,4.5434000000000001,21.170400000000001,54.2012,33.030799999999999,3.0421999999999998,2608.2601909914802,124.59320000000001,125.459,0.86580000000000001,-3.8712,4.7300000000000002E-2,3.9184999999999999,26.335699999999974,738.88149999999996,712.54579999999999,0,0,0,1805.2470999999996,2043.2315999999996,237.98449999999997,31.18670000000003,495.56990000000002,464.38319999999999,0,-244.894338,24.464845000000061,0,-2.7999999999999865,847.99818399148069,0,2541.6567909914797,2496.7567909914796,-44.9,208.3741
2015-01,-873.69360000000006,695.83329999999978,4546.6302999999998,3850.797,-685.5705999999999,663.87549999999999,1349.4460999999999,-891.92259999999987,-876.13799999999992,184.48390000000001,1060.6218999999999,0,29.899999999999995,127.323244,903.39865599999996,-15.784600000000001,1.7914000000000001,17.576000000000001,7.9663000000000004,33.292200000000001,25.325900000000001,14.827999999999999,900.72672843283055,91.395800000000008,95.724400000000003,4.3285999999999998,-2.8498999999999999,0.88919999999999999,3.7391000000000001,-315.98029999999994,312.02120000000002,628.00149999999996,0,0,0,697.1803000000001,824.42800000000011,127.24769999999998,-454.39650000000006,96.767700000000005,551.16420000000005,0,572.72142199999996,-0.61000000000005961,-1.2999999999999999E-3,-4.4000000000000004,317.6672064328306,0,41.861128432830448,43.761128432830446,1.9,253.62360000000001
2015-02,-217.18469999999991,531.06910000000016,3812.0010000000002,3280.9319,-577.66160000000002,559.04499999999996,1136.7066,-179.76740000000004,-164.32550000000003,2.1369000000000002,166.46240000000003,0.4,36.500000000000007,127.039675,2.5227249999999999,-15.4419,0.53849999999999998,15.980399999999999,9.1752000000000038,33.187800000000003,24.012599999999999,7.0134999999999996,374.97658563945305,40.133800000000001,40.634799999999998,0.501,-2.8525,0.18090000000000001,3.0333999999999999,300.82039999999995,859.2645,558.44410000000005,0,0,0,308.90279999999996,662.3,353.3972,-911.4701,74.887600000000006,986.35770000000002,0,-381.55504300000001,14.35670700000003,0,17.2,989.4405216394531,0,164.80538563945314,18.305385639453124,-146.5,270.48860000000002
2015-03,-730.9672999999998,468.76890000000049,4534.9943000000003,4066.2253999999998,-734.67520000000013,610.9248,1345.6000000000001,-473.77190000000002,-453.50620000000004,91.448499999999996,544.9547,0,81.5,212.60080599999998,250.85389400000003,-20.265699999999999,1.2024999999999999,21.4682,8.7109000000000023,35.994700000000002,27.283799999999999,5.8900000000000001E-2,863.11182588507245,280.5702,281.983,1.4128000000000001,-3.8796000000000004,0.16719999999999999,4.0468000000000002,-85.026600000000144,1200.8797999999999,1285.9064000000001,0,0,0,1027.6585,1812.1,784.44149999999991,-558.0773999999999,189.46850000000001,747.54589999999996,0,51.341386999999997,13.98348399999994,0,48.6,87.94185488507253,0,132.2034258850727,19.703425885072704,-112.5,347.50189999999998
2015-04,-166.75750000000062,1131.5369999999994,5844.8141999999998,4713.2772000000004,-667.04540000000009,595.16549999999995,1262.2109,-640.03359999999998,-626.39750000000004,39.2973,665.69479999999999,0,36.009999999999991,173.28479999999999,456.4,-13.636099999999999,1.4037999999999999,15.039899999999999,8.7845000000000013,36.285400000000003,27.500900000000001,2.7841999999999998,2473.8902803700812,113.1948,113.7047,0.50990000000000002,-7.2322999999999995,1.9433,9.1755999999999993,1347.3773000000001,2050.3294000000001,702.95209999999997,0,0,0,506.43090000000007,1290.6893,784.25839999999994,-869.3051999999999,581.11620000000005,1450.4213999999999,0,-23.624659999999999,66.534199999999913,41.867100000000001,1135,163.64814037008105,0,2309.9169803700806,2419.3169803700807,109.4,229.27670000000001
2015-05,130.5653999999995,1106.2902999999997,5482.4616999999998,4376.1714000000002,-369.38390000000015,764.39700000000005,1133.7809000000002,-608.58690000000001,-588.99130000000002,190.8563,779.84760000000006,0,289.90000000000003,105.0476,384.9,-19.595600000000001,1.1445000000000001,20.740100000000002,2.2458999999999989,28.1084,25.862500000000001,5.2481,-718.84784754278382,66.837299999999999,67.897499999999994,1.0602,-7.8665000000000003,0.4415,8.3079999999999998,-246.28210000000001,389.23090000000002,635.51300000000003,-0.3,0,0.3,-242.81249999999989,775.30000000000007,1018.1125,10.917099999999948,498.63619999999997,487.71910000000003,0,11.816050000000001,30.156985999999911,-5.4828999999999999,35.180740387413714,-371.01202393019764,0,-583.0343475427843,-625.63434754278433,-42.6,291.1404
2015-06,-249.65529999999967,1169.2600000000002,6603.9210000000003,5434.6610000000001,-588.54719999999986,677.26120000000003,1265.8083999999999,-834.36329999999998,-812.46989999999994,184.38350000000003,996.85339999999997,0,58.100000000000009,117.7534,821,-21.8934,0.63109999999999999,22.5245,3.995199999999997,36.617699999999999,32.622500000000002,0.3775,822.48587063184618,119.97199999999999,120.38979999999999,0.4178,-5.9451000000000001,1.1186,7.0636999999999999,571.90749999999991,1218.6433999999999,646.73590000000002,0,0,0,679.56700000000001,1464.2071000000001,784.64010000000007,-240.61520000000007,351.60379999999998,592.21900000000005,0,-512.77590299999997,-466.92742699999997,-1.7,143.39999999999998,535.60300063184627,0,573.20807063184657,568.10807063184654,-5.1000000000000005,265.34820000000002
2015-07,-516.80370000000016,568.10789999999997,6046.7049999999999,5478.5971,-888.51150000000007,628.92290000000003,1517.4344000000001,-211.32119999999998,-170.19149999999999,5.0247000000000002,175.21619999999999,0,40.700000000000003,129.14481499999999,5.3713850000000001,-41.1297,0.73299999999999998,41.862699999999997,14.921099999999999,44.209099999999999,29.288,19.0563,781.56015469000999,190.54689999999999,191.17019999999999,0.62329999999999997,-3.8106,1.6458999999999999,5.4565000000000001,-113.07619999999997,701.69730000000004,814.77350000000001,0,0,0,114.82849999999999,285.15989999999999,170.3314,-717.34079999999994,66.116399999999999,783.45719999999994,0,594.28587200000004,66.385649999999998,-122.94459999999999,-33.019929349848134,805.70536203985807,0,283.81275469000991,91.612754690009922,-192.2,325.8263
2015-08,-1332.8630000000007,-380.22500000000036,4492.5466999999999,4872.7717000000002,-764.25550000000021,582.55539999999996,1346.8109000000002,-188.68280000000001,-170.38550000000001,2.8570000000000002,173.24250000000001,0.4,34.199999999999996,138.60143000000002,4.1070000000000002E-2,-18.2973,1.3262,19.6235,0.30030000000000001,29.4907,29.1904,3.6669,1155.6329670481064,57.1524,62.208500000000001,5.0560999999999998,-3.3839000000000001,0.14599999999999999,3.5299,-443.90960000000001,339.93459999999999,783.8442,0,0,0,2373.7159999999999,2734.94,361.22399999999999,-651.11680000000001,28.686900000000001,679.80370000000005,0,-383.98290300000002,153.67359499999995,-149.93180000000001,-10.56816800686854,213.98414305497514,0,-173.56313295189435,-336.96313295189435,-163.4,307.11770000000001
2015-09,-2142.9714999999997,-845.02799999999979,4074.7112000000002,4919.7392,-904.51459999999986,564.00429999999994,1468.5188999999998,-420.20059999999995,-404.46409999999997,91.751599999999996,496.21569999999997,0,87.6,156.70152400000001,251.914176,-15.736499999999998,0.34350000000000003,16.079999999999998,26.771699999999999,58.375799999999998,31.604099999999999,18.96,1786.6602209630805,27.5031,28.486000000000001,0.9829,-1.4258000000000002,0.61929999999999996,2.0451000000000001,-372.83690000000001,517.00030000000004,889.83720000000005,0,0,0,1539.2132000000001,1764.9353000000001,225.72210000000004,-556.78760000000011,205.1275,761.91510000000005,0,204.190877,301.26495799999987,-233.8999,11.400000000000006,868.03828596308028,0,-337.3512790369191,-348.8512790369191,-11.5,306.07159999999999
2015-10,-2125.3336999999992,-497.49619999999959,4140.0628999999999,4637.5590999999995,-975.79369999999994,608.35400000000004,1584.1477,-654.94359999999995,-616.27829999999994,37.502100000000006,653.78039999999999,0,33.200000000000003,163.623614,456.95678599999997,-38.665299999999995,1.3936999999999999,40.058999999999997,2.899799999999999,36.432699999999997,33.532899999999998,2.5834000000000001,-4217.8812754270002,213.29399999999998,213.85499999999999,0.56100000000000005,0.66710000000000003,3.2831000000000001,2.6160000000000001,-1174.4994999999999,496.23950000000002,1670.739,0,0,0,356.48299999999989,757.09999999999991,400.61700000000002,-691.42550000000006,93.153300000000002,784.5788,0,369.95138400000002,96.974848000000122,-138.80000000000001,-5209.9249999999993,1959.3983925729997,0,-6340.631575426999,-6287.5315754269986,53.1,426.0926
2015-11,-2405.7690999999995,-1022.8563999999997,3001.4151000000002,4024.2714999999998,-714.11860000000001,545.21810000000005,1259.3367000000001,-662.82429999999988,-644.46179999999993,156.53489999999999,800.99669999999992,0.4,234.1,135.89189300000001,430.60480699999999,-18.362500000000001,0.81769999999999998,19.180199999999999,-5.9698000000000029,27.4543,33.424100000000003,-0.33929999999999999,1366.3753968715407,76.7363,77.222300000000004,0.48599999999999999,-0.13719999999999999,2.9016999999999999,3.0388999999999999,-386.96850000000006,719.68889999999999,1106.6574000000001,0,0,0,424.78820000000007,630.20000000000005,205.4118,-832.22699999999998,97.74,929.96699999999998,0,224.800735,15.994287999999999,1183.0859,-63,723.30267387154038,0,-1039.7330031284589,-1354.8330031284588,-315.09999999999991,433.04489999999998
2015-12,-941.01612057900047,636.83499999999958,4459.2506999999996,3822.4157,-408.24199999999996,606.51900000000001,1014.761,-1173.5310205790001,-1117.8934205790001,44.498679421000006,1162.3921,0,135.9,208.56275400000001,817.9293459999999,-55.637599999999999,0.67030000000000001,56.307899999999997,3.9219000000000008,40.2789,36.356999999999999,1.8741000000000001,1001.4459826508016,58.447100000000006,59.509300000000003,1.0622,-5.9731000000000005,1.2004999999999999,7.1736000000000004,-250.78890000000001,689.46579999999994,940.25469999999996,0,0,0,-259.67410000000001,148.51839999999999,408.1925,-2023.4561000000001,208.1233,2231.5794000000001,-19.520299999999999,-1143.738464,15.461175000000001,241.65520000000001,-52.7,4441.7334716508012,0,62.303962071801173,-51.296037928198849,-113.60000000000002,400.9776
2016-01,936.86059999999998,2013.8433,5296.5252,3282.6819,-712.20539999999994,670.94320000000005,1383.1486,-384.42909999999995,-295.77639999999997,3.9721000000000002,299.74849999999998,0,54.900000000000006,222.680835,22.167665,-88.652699999999996,1.3931,90.0458,19.651799999999998,34.227699999999999,14.575900000000001,5.3075000000000001,3587.8508561694252,141.43280000000001,142.4144,0.98160000000000003,-0.47730000000000006,3.3201000000000001,3.7974000000000001,-334.15309999999999,554.36030000000005,888.51340000000005,0,0,0,5247.0230000000001,5386.1616000000004,139.1386,-1579.1105,517.29240000000004,2096.4029,-63.011499999999998,756.28655000000003,-0.69996199999985098,-155.93819999999999,-57.7,-365.80093183057511,0,4530.0189561694251,4510.5189561694251,-19.5,391.2353
2016-02,-231.48479999999972,801.4652000000001,3999.0925999999999,3197.6273999999999,-731.12189999999987,639.83609999999999,1370.9579999999999,-318.77319999999997,-175.05630000000002,5.9843000000000002,181.04060000000001,0.4,42.6,136.71325200000001,1.327348,-143.71689999999998,1.3744000000000001,145.09129999999999,16.9451,30.306699999999999,13.361599999999999,16.059200000000001,-1721.8752648906868,142.29249999999999,143.05109999999999,0.75860000000000005,59.868100000000005,65.386200000000002,5.5180999999999996,-258.36070000000001,463.37169999999998,721.73239999999998,0,0,0,-110.74780000000004,272.1472,382.89500000000004,-1073.1464000000001,779.69150000000002,1852.8379,3.5234999999999999,-11.276358999999999,1.8152429999998063,-207.2286,-32.799999999999997,-235.81474889068645,0,-1937.3008648906866,-1675.5008648906867,261.8,321.27999999999997
2016-03,-703.67170000000033,489.97669999999971,4515.8215,4025.8448000000003,-721.11970000000008,777.14170000000001,1498.2614000000001,-490.66789999999997,-380.74639999999999,96.440200000000004,477.1866,0,135,89.193758000000003,252.99284199999997,-109.92149999999999,2.2033,112.12479999999999,18.139200000000002,32.698500000000003,14.5593,2.5325000000000002,1653.3974389715254,226.2,227.68729999999999,1.4873000000000001,114.7256,127.91549999999999,13.1899,1101.4843000000001,1935.4982,834.01390000000004,0,0,0,-150.77389999999997,103.70000000000002,254.47389999999999,-997.12160000000017,1053.8351,2050.9567000000002,-1244.8694,-4.5761539999999998,-5.2234150000001192,-39.733699999999999,-42.3,2695.5857079715256,0,952.25823897152497,1173.158238971525,220.9,444.37630000000001
2016-04,-6185.2382999999991,786.54470000000038,5063.8155999999999,4277.2708999999995,-1050.2696999999998,721.71810000000005,1771.9877999999999,-5946.9135999999999,-5455.2164999999995,56.409100000000002,5511.6255999999994,0,160.80000000000001,153.55607999999998,5197.2695199999998,-491.69709999999998,3.4579,495.15499999999997,25.400300000000001,41.164700000000003,15.7644,9.2127999999999997,10870.2978915981,159.81289999999998,161.7627,1.9498,227.9187,230.40289999999999,2.4842,254.88339999999994,1171.8542,916.97080000000005,0,0,0,-977.30239999999992,890.6,1867.9023999999999,-493.09999999999991,1149.7523000000001,1642.8523,-3.7578999999999998,18.594577000000001,24.795473000000058,31.507000000000001,12166.699999999999,-539.75385840189892,0,4694.2723915981005,4808.0723915981007,113.8,297.17939999999999
2016-05,-664.40589999999975,1312.3706000000002,6037.1256999999996,4724.7550999999994,-775.84260000000006,802.11569999999995,1577.9583,-1225.1439,-793.4765000000001,222.62879999999998,1016.1053000000001,0.5,351.4,142.086905,522.11839500000008,-431.66739999999999,4.1494,435.8168,24.21,40.719799999999999,16.509799999999998,8.0965000000000007,-3211.6070032960702,224.91529999999997,230.49959999999999,5.5842999999999998,229.3545,232.5795,3.2250000000000001,1394.5621000000001,2092.3069,697.74480000000005,0,0,0,-1399.3720000000003,187.10000000000002,1586.4720000000002,-567.46209999999996,1208.5780999999999,1776.0401999999999,-598.89200000000005,-135.30591899999999,-17.171076999999972,94.853200000000001,300.60000000000002,-2737.6890072960696,0,-3867.9164032960698,-4208.4164032960698,-340.5,321.1558
2016-06,-1740.1721999999991,358.00830000000042,5077.0653000000002,4719.0569999999998,-687.95320000000004,821.46789999999999,1509.4211,-1432.0013999999996,-1247.0027999999998,417.34659999999997,1664.3493999999996,0,56,243.95272199999999,1364.3966779999996,-184.99859999999998,3.1356000000000002,188.13419999999999,21.774100000000004,43.545900000000003,21.771799999999999,4.4715999999999996,1983.1259692408021,404.71169999999995,407.73559999999998,3.0238999999999998,237.1328,247.82660000000001,10.6938,3210.2163,4774.7509,1564.5346,0,0,0,115.26959999999997,400.5,285.23040000000003,-1261.7984999999999,823.61310000000003,2085.4115999999999,-2320.6786000000002,-87.312815999999998,-41.165483000000002,-224.3545,1390.5000000000002,560.60546824080211,0,247.42536924080309,335.92536924080309,88.5,251.1849
2016-07,-869.69630000000052,158.18499999999949,4599.5685999999996,4441.3836000000001,-826.05529999999999,717.71090000000004,1543.7662,-230.24129999999997,-93.924099999999953,319.22130000000004,413.1454,0,176.1,214.05035199999998,22.995048000000001,-136.31720000000001,2.238,138.55520000000001,28.415299999999995,46.484699999999997,18.069400000000002,42.422800000000002,2743.2046581755276,157.6507,159.98660000000001,2.3359000000000001,129.24119999999999,132.4752,3.234,3232.9686000000002,4516.0268999999998,1283.0582999999999,0,0,0,-1551.8185999999987,3601.6000000000004,5153.4185999999991,-1471.2082,861.02030000000002,2332.2285000000002,-735.61,-4.8664500000000004,-19.944672000000015,-187.04,2720.6,473.23208017552616,0,1915.9311581755269,2003.9311581755269,88,363.84100000000001
2016-08,-766.88289999999915,414.77820000000065,5156.8872000000001,4742.1089999999995,-721.76939999999991,884.77250000000004,1606.5418999999999,-489.95230000000004,-160.4682,5.2582999999999993,165.72649999999999,0.4,37,118.33984700000001,9.9866530000000004,-329.48410000000001,3.4268000000000001,332.91090000000003,30.060600000000001,46.921500000000002,16.860900000000001,22.015799999999999,-468.60391687799176,193.43800000000002,195.69900000000001,2.2610000000000001,243.19019999999998,255.05099999999999,11.860799999999999,955.88460000000009,1983.4999,1027.6152999999999,0,0,0,-97.52219999999943,2629.2098000000005,2726.732,-1440.9366999999997,851.74850000000004,2292.6851999999999,-315.91699999999997,81.073491000000004,-16.025548000000001,-129.8192,-504.19999999999993,562.23044012200728,0,-1213.4710168779909,-1361.5710168779908,-148.1,322.23149999999998
2016-09,-1115.0970000000002,342.1877999999997,4726.4962999999998,4384.3085000000001,-759.50909999999999,792.16579999999999,1551.6749,-724.12259999999992,-461.64059999999989,107.9205,569.5610999999999,0,105.1,194.67711599999998,269.78398399999998,-262.48199999999997,4.9195000000000002,267.4015,26.346900000000002,46.988700000000001,20.6418,11.2281,-167.99928815768567,111.34220000000001,120.52330000000001,9.1811000000000007,200.1859,204.59780000000001,4.4119000000000002,367.20640000000003,1207.3884,840.18200000000002,0,0,0,-18.968600000000151,2819.1,2838.0686000000001,-1057.4137999999998,1244.5342000000001,2301.9479999999999,-167.94489999999999,4.0164569999999999,417.08501200000001,200.03479999999999,-275.39999999999986,51.857242842314122,0,-1271.8681881576858,-1248.0681881576859,23.8,362.8141
2016-10,-1668.4166999999993,375.0609000000004,4447.6459000000004,4072.585,-695.88589999999988,772.68320000000006,1468.5690999999999,-1386.6243999999999,-1191.9630999999999,24.744700000000002,1216.7077999999999,0,84.7,205.07932500000001,926.92847499999993,-194.66130000000001,4.9939,199.65520000000001,39.032699999999991,58.672199999999997,19.639500000000002,8.6838999999999995,9277.4888379507884,228.13669999999999,233.01609999999999,4.8794000000000004,222.75150000000002,264.71170000000001,41.9602,1451.557,2466.4467,1014.8896999999999,0,0,0,-2463.4596000000001,353.20000000000005,2816.6596,-1004.0791000000002,1251.6505,2255.7296000000001,-986.15089999999998,-2155.986038,151.73036099999999,225.44399999999999,9197.7000000000007,4409.8449149507915,0,7617.7560379507886,7308.856037950789,-308.89999999999998,341.31979999999999
2016-11,-1090.3363999999997,630.41990000000033,4555.4467000000004,3925.0268000000001,-655.95590000000004,841.22950000000003,1497.1854000000001,-1164.2071000000001,-841.38810000000012,145.29909999999998,986.68720000000008,0.5,137.79999999999998,165.88349099999999,682.50370900000007,-322.81900000000002,7.4016999999999999,330.22070000000002,99.406700000000001,121.34439999999999,21.9377,1.2124999999999999,1673.6030032112114,272.6816,293.94659999999999,21.265000000000001,39.866699999999994,120.6557,80.789000000000001,1104.5033000000001,2207.681,1103.1777,0,0,0,213.84539999999993,416.49999999999994,202.65460000000002,-876.5003999999999,2040.9672,2917.4675999999999,-908.53200000000004,-2313.7145580000001,594.37101099999995,-266.65140000000002,-519.29999999999927,4333.0333502112107,0,584.47910321121185,167.2791032112118,-417.2,312.81189999999998
2016-12,-1396.9980000000005,439.34599999999955,4646.9845999999998,4207.6386000000002,-582.49539999999979,1083.8043,1666.2996999999998,-1303.0326000000002,-892.9127000000002,544.73089999999991,1437.6436000000001,0,57.7,295.48080100000004,1084.4627990000001,-410.11989999999997,17.334900000000001,427.45479999999998,49.183999999999997,83.0364,33.852400000000003,4.6974999999999998,3451.8176121430179,282.9914,311.4873,28.495899999999999,-174.99370000000002,29.814699999999998,204.80840000000001,-315.52759999999989,1128.529,1444.0565999999999,0,0,0,-393.20039999999995,982.58249999999998,1375.7828999999999,2000.8617999999997,6864.9355999999998,4864.0738000000001,-844.85149999999999,1088.9209499999999,360.81187,-448.30059999999997,922.8,972.30539214301848,0,2059.5171121430176,1930.5171121430176,-129,392.68169999999998
2017-01,-675.67450000000008,1057.7174,5091.0607,4033.3433,-1150.2605000000001,848.72479999999996,1998.9853000000001,-627.02469999999994,-573.71339999999998,215.83749999999998,789.55089999999996,0,64.500000000000014,274.09871299999998,450.95218700000004,-53.311300000000003,14.9847,68.296000000000006,43.893299999999996,66.732699999999994,22.839400000000001,21.177800000000001,8008.4878688464269,247.06820000000002,255.78630000000001,8.7180999999999997,159.64780000000002,269.93200000000002,110.2842,-264.89560000000006,984.47180000000003,1249.3674000000001,0,0,0,-34.011200000000002,91.326399999999992,125.33759999999999,-1971.2910999999999,1490.3465000000001,3461.6376,-298.71879999999999,1852.966005,161.38701800000001,-851.87239999999997,8107.7,900.50794584642779,0,7353.9911688464272,7578.4911688464272,224.5,408.03179999999998
2017-02,-911.30419999999981,247.69210000000021,3634.1039000000001,3386.4117999999999,-907.40829999999994,686.8184,1594.2266999999999,-275.58249999999998,-146.39700000000002,20.540800000000001,166.93780000000001,1.7,29.2,104.71982,31.317980000000002,-129.18549999999999,7.4832999999999998,136.6688,23.994499999999999,44.462299999999999,20.4678,14.0792,4527.2089859254447,97.427399999999992,103.59269999999999,6.1653000000000002,490.47220000000004,603.39700000000005,112.9248,2879.9278999999997,3977.6062999999999,1097.6784,0,0,0,-115.96370000000002,44.599899999999998,160.56360000000001,-1880.6674000000003,1220.7809999999999,3101.4484000000002,-2096.3467999999998,510.429171,828.38246900000001,-116.4323,2532.7000000000003,1397.2800459254454,0,3629.9839859254453,3721.2839859254454,91.3,332.86579999999998
2017-03,-835.67680000000041,628.72019999999975,5050.8774999999996,4422.1572999999999,-839.22829999999999,963.11500000000001,1802.3433,-666.56190000000015,-524.79750000000013,129.7783,654.57580000000007,0,102.7,274.797482,277.07831800000002,-141.76439999999999,8.0722000000000005,149.8366,41.393199999999993,68.807699999999997,27.4145,5.3967999999999998,784.61165201620656,372.8657,379.19990000000001,6.3342000000000001,534.34540000000004,736.6164,202.27099999999999,992.38329999999996,2297.3517999999999,1304.9684999999999,0,0,0,-159.56939999999997,258.03069999999997,417.60009999999994,-1026.0968000000003,2553.6880999999998,3579.7849000000001,-1267.8214,53.840618999999997,773.41253900000004,-317.47899999999998,874.30000000000018,-45.569305983793356,0,-45.668347983793836,-85.668347983793836,-40,622.34180000000003
2017-04,-1496.8740000000003,712.38909999999942,4600.7317999999996,3888.3427000000001,-715.24849999999992,865.4348,1580.6832999999999,-1525.8619999999999,-1385.3735999999999,84.753899999999987,1470.1274999999998,0,36.200000000000003,329.60030699999999,1104.3271929999999,-140.48839999999998,14.183299999999999,154.67169999999999,31.847399999999997,58.912199999999999,27.064800000000002,4.9583000000000004,-872.99474784972722,144.16400000000002,190.81610000000001,46.652099999999997,297.3343000000001,1261.8782000000001,964.54390000000001,756.88679999999999,1793.001,1036.1142,0,0,0,297.274,510.7,213.42599999999996,-952.88509999999997,2036.4748,2989.3598999999999,-407.06950000000001,-824.45412999999996,145.36954499999999,-691.3818,-3235.9000000000015,3597.6671371502744,0,-2364.9104478497275,-2305.6104478497273,59.3,414.76159999999999
2017-05,-989.36610000000019,849.71709999999985,5761.4717000000001,4911.7546000000002,-768.63339999999994,958.19579999999996,1726.8291999999999,-1101.8439000000001,-794.90140000000008,216.69619999999998,1011.5976000000001,2.6,304.2,201.079284,503.71831600000007,-306.9425,13.433999999999999,320.37650000000002,31.394100000000002,61.429000000000002,30.0349,6.8394000000000004,-1258.2203338650152,120.1865,141.10939999999999,20.922899999999998,878.13189999999997,1132.2085999999999,254.07669999999999,974.37729999999988,2291.0944,1316.7171000000001,0,0,0,-1035.4904999999999,218.20249999999999,1253.693,-1072.4938000000002,2473.0527999999999,3545.5466000000001,-918.11509999999998,704.63679999999999,205.08970199999999,-788.21669999999995,1177.7999999999997,-1504.1264358650149,0,-2240.7470338650155,-2070.9470338650153,169.8,382.56569999999999
2017-06,-1543.1448000000003,365.6885999999995,5685.0246999999999,5319.3361000000004,-751.69049999999993,849.21839999999997,1600.9088999999999,-1190.3256999999999,-971.1404,753.69740000000002,1724.8378,0,63.900000000000006,259.72586100000001,1401.211939,-219.18529999999998,6.9394,226.12469999999999,33.182799999999993,71.990899999999996,38.808100000000003,6.6298000000000004,3337.7910828953773,331.9178,357.7801,25.862300000000001,1975.2388000000001,2199.7280000000001,224.48920000000001,433.77980000000002,1900.8864000000001,1467.1066000000001,0,0,0,12.389500000000027,267.25310000000002,254.86359999999999,-1148.6407999999997,2810.8155000000002,3959.4562999999998,-1349.2365,-301.60637000000003,847.20117400000004,-919.08439999999996,5057.2,-1601.3679211046231,0,1801.2760828953769,1848.7760828953769,47.5,449.69560000000001
2017-07,-1354.3783000000008,293.11529999999948,5077.6328999999996,4784.5176000000001,-929.75340000000006,679.8424,1609.5958000000001,-749.68950000000007,-499.50950000000006,83.460899999999995,582.97040000000004,0,62,202.20490700000002,318.76549299999999,-250.17999999999998,3.5893000000000002,253.76929999999999,31.949300000000001,70.438800000000001,38.4895,52.598799999999997,-305.62200074729554,236.94629999999998,243.94399999999999,6.9977,217.56339999999989,1070.5129999999999,852.94960000000003,1986.4135999999999,3413.6390999999999,1427.2255,0,0,0,-268.86099999999999,248.4999,517.36090000000002,-2492.4628000000002,1955.6672000000001,4448.13,-1355.7819999999999,45.507573999999998,602.86150999999995,169.44059999999999,235.60000000000014,317.15081525270477,446.12889999999999,-1161.2726007472963,-980.37260074729636,180.9,420.2799
2017-08,-1132.1895000000002,284.4396999999999,5283.6477999999997,4999.2080999999998,-1026.9672,742.31129999999996,1769.2785000000001,-413.9914,-193.30250000000001,43.704000000000001,237.00650000000002,4.0999999999999996,28.400000000000002,194.649821,9.8566789999999997,-220.68889999999999,5.2969999999999997,225.98589999999999,24.3294,64.496200000000002,40.166800000000002,0.65210000000000001,2211.4875575887741,141.6824,157.6379,15.955500000000001,1010.2001,1451.4436000000001,441.24349999999998,43.329200000000128,2495.7247000000002,2452.3955000000001,0,0,0,-40.697599999999966,329.48149999999998,370.17909999999995,-3162.4869999999996,2032.9971,5195.4840999999997,-448.27960000000002,-464.98524900000001,83.845228000000006,416.98680000000002,4107.7,524.19327858877421,467.15230000000003,1547.1024575887741,1862.3620634975782,315.25960590880425,381.77249999999998
2017-09,-1626.5027000000005,-129.97580000000016,4747.8368,4877.8126000000002,-902.53190000000018,702.15869999999995,1604.6906000000001,-622.47710000000006,-498.31120000000004,129.28919999999999,627.60040000000004,0,145.29999999999998,231.82296200000002,250.47743800000001,-124.16590000000001,6.7686000000000002,130.93450000000001,28.482100000000003,65.320300000000003,36.838200000000001,40.429900000000004,2658.7450242156824,74.729000000000013,89.387200000000007,14.658200000000001,1991.2260999999999,2709.3593999999998,718.13329999999996,372.07819999999992,1956.5597,1584.4815000000001,0,0,0,449.58819999999997,705.58939999999996,256.00119999999998,-2254.7658999999994,1992.9241,4247.6899999999996,-1431.1539,-50.160803000000001,122.12573400000002,1039.8958,1785.6999999999994,559.48259321568298,426.71429999999998,1499.3865242156821,1360.486524215682,-138.9,412.90719999999999
2017-10,-2268.8128999999999,-140.1904999999997,4765.4502000000002,4905.6406999999999,-984.45370000000003,686.11300000000006,1670.5667000000001,-1172.5319,-997.33309999999983,164.83319999999998,1162.1662999999999,0,36.9,234.36166500000002,890.90463499999998,-175.19880000000001,4.2163000000000004,179.4151,28.363199999999999,63.9846,35.621400000000001,6.383,3368.9633781326306,119.419,132.0565,12.637499999999999,823.82960000000014,1775.8972000000001,952.06759999999997,86.435699999999997,2118.1104,2031.6747,0,0,0,374.87259999999992,607.65959999999995,232.78700000000001,-2040.2687999999998,1921.5288,3961.7975999999999,-838.42700000000002,289.45278100000002,373.33512100000002,954.53440000000001,2126.7000000000003,1099.0799761326302,513.88289999999995,1620.4163781326308,1572.9163781326308,-47.5,430.69369999999998
2017-11,-2755.2619,-508.42000000000007,4306.8099000000002,4815.2299000000003,-952.10149999999999,791.69029999999998,1743.7918,-1317.5647999999999,-1195.5801999999999,215.37139999999999,1410.9515999999999,4,145.4,250.6516,1010.9,-121.9846,5.6402999999999999,127.6249,22.824400000000004,62.130600000000001,39.306199999999997,21.040900000000001,4822.7465790450005,179.35729999999998,194.43369999999999,15.0764,1112.8321000000001,1376.7587000000001,263.92660000000001,1268.6066999999998,3505.5029,2236.8962000000001,0,0,0,44.147999999999968,405.05630000000002,360.90830000000005,-1989.4751999999999,2193.7523000000001,4183.2275,-823.28060000000005,-356.69640700000002,111.94403599999998,485.7373,2563.9,2225.6733500450014,588.75750000000005,2677.2830790449998,2753.4830790449996,76.2,328.55020000000002
2017-12,-1797.417400000001,190.28699999999935,4419.0451999999996,4228.7582000000002,-890.2478000000001,829.75720000000001,1720.0050000000001,-1120.1660000000002,-823.03410000000008,61.788899999999998,884.82300000000009,0,70.2,210.523,604.1,-297.13190000000003,6.2135999999999996,303.34550000000002,22.709400000000002,75.266400000000004,52.557000000000002,6.125,1253.7813436766578,280.5163,318.83420000000001,38.317900000000002,604.71490000000006,1208.1402,603.42529999999999,738.6246000000001,2889.8748000000001,2151.2501999999999,0,0,0,969.41679999999997,1169.4899,200.07310000000001,-2783.3696000000004,2774.2937999999999,5557.6634000000004,-1089.6509000000001,97.583273000000005,412.11468499999995,1305.6129000000001,1342.9000000000003,-624.68161432334227,776.45309999999995,238.94204367665685,491.64204367665684,252.7,420.84230000000002
2018-01,-1910.3136,278.65390000000025,5023.0195000000003,4744.3656000000001,-1402.6109000000001,840.0847,2242.6956,-805.81360000000006,-751.2514000000001,641.39159999999993,1392.643,0,42.6,215.44300000000001,1134.5999999999999,-54.562199999999997,3.7770000000000001,58.339199999999998,19.457000000000001,57.744199999999999,38.287199999999999,12.9903,7829.529276205144,105.4803,123.4858,18.005500000000001,533.0012999999999,1409.6424999999999,876.64120000000003,265.26279999999997,3094.9340000000002,2829.6712000000002,0,0,0,-289.75309999999996,58.258800000000001,348.01189999999997,-3073.0682999999999,1954.1045999999999,5027.1728999999996,536.50130000000001,600.28165200000001,446.94548199999997,921.92920000000004,8925.4,-1142.4513577948555,465.67450000000002,6397.880476205145,6968.7804762051446,570.9,405.50529999999998
2018-02,-957.42440000000033,437.21299999999974,3829.6019999999999,3392.3890000000001,-1268.0135,631.49590000000001,1899.5093999999999,-146.48250000000002,-130.55880000000002,81.524900000000002,212.08370000000002,5.5,26.3,176.78370000000001,3.5,-15.923699999999998,12.2415,28.165199999999999,19.858599999999999,51.793900000000001,31.935300000000002,53.463299999999997,118.46553466687112,109.8524,144.1191,34.2667,252.77639999999997,918.8877,666.11130000000003,224.73880000000008,2059.2635,1834.5246999999999,0,0,0,-126.49540000000002,223.07769999999999,349.57310000000001,-1331.9147999999996,2077.1667000000002,3409.0814999999998,-268.20569999999998,-639.08709899999997,317.012767,375.0616,352.19999999999982,852.52656666687085,414.15710000000001,-371.33846533312919,-515.33846533312919,-144,543.03300000000002
2018-03,-1679.5138000000002,-180.53650000000016,3898.9267,4079.4632000000001,-1011.1081,681.77139999999997,1692.8795,-505.18830000000003,-364.16200000000003,155.38990000000001,519.55190000000005,0,101.39999999999999,172.75190000000001,245.4,-141.02630000000002,4.4081000000000001,145.43440000000001,17.319099999999999,53.295000000000002,35.975900000000003,10.052899999999999,1252.6558313101975,167.5805,191.4485,23.867999999999999,263.66700000000003,1221.0442,957.37720000000002,76.227200000000266,3178.4603000000002,3102.2330999999999,0,0,0,-321.18340000000001,126.52699999999999,447.71039999999999,-2463.8861000000002,2123.2393999999999,4587.1255000000001,-420.89490000000001,832.791743,75.800148000000007,-469.19940000000003,2290.1,1221.6530403101979,543.31169999999997,126.50663131019718,217.40663131019718,90.9,476.3843
2018-04,-1485.0337,508.66310000000021,4534.7021000000004,4026.0390000000002,-897.39459999999997,720.95320000000004,1618.3478,-1113.4882,-965.42309999999998,170.02809999999999,1135.4512,0,39.900000000000006,156.4512,939.09999999999991,-148.0651,7.3388999999999998,155.404,17.186,55.9071,38.7211,21.3123,-4263.3359836312711,121.80950000000001,142.42060000000001,20.6111,-241.07989999999972,2000.1383000000001,2241.2181999999998,287.53840000000037,3099.7503000000002,2812.2118999999998,0,0,0,392.89330000000007,624.09980000000007,231.20650000000001,-2054.5738000000001,1905.2534000000001,3959.8272000000002,-1678.1735000000001,-1336.367493,229.013769,-772.78160000000003,941.39999999999986,-153.01465963127143,510.21510000000001,-5216.8422836312711,-5102.9422836312715,113.9,387.62180000000001
2018-05,-2166.1471000000001,436.5014000000001,4545.6127999999999,4109.1113999999998,-956.87429999999995,720.95129999999995,1677.8255999999999,-1653.2309000000002,-1330.5601000000001,231.19019999999998,1561.7503000000002,5.9,303.5,231.4503,1020.9000000000001,-322.67080000000004,13.398199999999999,336.06900000000002,7.4566999999999979,58.9788,51.522100000000002,7.8739999999999997,-4612.3107773558559,181.6842,196.94579999999999,15.2616,-1364.4102,996.46839999999997,2360.8786,207.34439999999995,1894.0289,1686.6845000000001,0,0,0,551.65440000000035,2697.4,2145.7455999999997,-4539.2757000000001,2906.8379,7446.1135999999997,383.26389999999998,314.55015200000003,2019.04439,-939.39239999999995,1431.4,-2858.1739193558556,471.12720000000002,-6299.4566773558563,-6524.8566773558559,-225.4,376.39319999999998
2018-06,-438.39929999999958,1207.5855000000006,4850.7938000000004,3643.2082999999998,-798.71950000000015,586.34429999999998,1385.0638000000001,-930.97969999999998,-800.57470000000001,94.319000000000003,894.89369999999997,0,86.8,212.2937,595.79999999999995,-130.405,3.7608999999999999,134.16589999999999,83.714399999999998,131.9391,48.224699999999999,25.377099999999999,12229.939678326296,221.12140000000002,248.87620000000001,27.754799999999999,-831.91730000000007,837.60770000000002,1669.5250000000001,29.766699999999673,2116.9326999999998,2087.1660000000002,14955.9,14955.9,0,226.05310000000054,2946.2844000000005,2720.2312999999999,-3029.4985999999999,2493.2413999999999,5522.74,26.183399999999999,444.91330399999998,1590.9052319999998,-1571.4727,-628.89999999999986,796.885142326297,440.2491,12257.166578326298,11782.866578326299,-474.3,368.97609999999997
2018-07,-1165.9591000000003,633.78129999999965,4361.1094999999996,3727.3281999999999,-729.02549999999997,601.50379999999996,1330.5292999999999,-1090.1799999999998,-1024.2168999999999,656.47279999999989,1680.6896999999999,0,87.3,177.28970000000001,1416.1,-65.963100000000011,3.9929999999999999,69.956100000000006,19.4651,67.816699999999997,48.351599999999998,34.514000000000003,-2897.5684104267148,151.7217,167.5675,15.845800000000001,-1072.4251999999999,762.36770000000001,1834.7928999999999,-639.47389999999996,1117.7615000000001,1757.2354,0,0,0,-131.13850000000002,2619.3047999999999,2750.4432999999999,-3318.5700999999999,2264.4522999999999,5583.0223999999998,248.3434,625.53031199999998,1073.135327,-500.9425,330.20000000000005,336.05105057328501,507.19150000000002,-3521.8220104267152,-3884.8220104267152,-363,307.95600000000002
2018-08,-385.65169999999966,594.66270000000031,4420.3050000000003,3825.6423,-679.7704,596.23310000000004,1276.0035,-317.01909999999998,-248.1705,63.404000000000003,311.5745,52.8,33.900000000000006,221.37450000000001,3.5,-68.848600000000005,8.0457999999999998,76.894400000000005,16.475099999999991,65.248099999999994,48.773000000000003,17.0029,-5350.3259438857958,231.55549999999999,245.07679999999999,13.5213,-645.49309999999991,944.28089999999997,1589.7739999999999,-252.5137000000002,1845.1741,2097.6878000000002,0,0,0,743.55200000000013,3411.9357,2668.3836999999999,-2751.0137999999997,2870.0830999999998,5621.0968999999996,518.57349999999997,-414.97796799999998,-574.27739300000007,-1283.8692000000001,-2029.4,1107.5382171142044,489.29020000000003,-5229.6845438857954,-5338.4981303173872,-108.81358643159183,220.1694
2018-09,111.26250000000027,891.29190000000017,3684.2683000000002,2792.9764,-354.70619999999997,544.4855,899.19169999999997,-440.31269999999995,-390.16949999999997,137.36320000000001,527.53269999999998,0,114.1,175.73269999999999,237.7,-50.1432,3.4403999999999999,53.583599999999997,14.9895,51.7301,36.740600000000001,12.6355,-4128.9621359554121,199.72309999999999,207.49959999999999,7.7765000000000004,-1284.6108999999999,385.58510000000001,1670.1959999999999,-494.58339999999998,2098.7516999999998,2593.3350999999998,0,0,0,-26.054900000000089,2751.1266000000001,2777.1815000000001,-1948.0605999999998,2312.9609,4261.0214999999998,588.74109999999996,-377.44219600000002,546.53890100000001,-1034.3208999999999,-90.600000000000364,-208.29234095541244,469.93209999999999,-3535.132035955412,-3654.2320359554119,-119.1,257.9196
2018-10,-366.42140000000018,1098.9182999999998,4015.8362999999999,2916.9180000000001,-473.71170000000006,659.91949999999997,1133.6312,-1023.4712000000001,-980.12570000000005,178.76659999999998,1158.8923,0,49.900000000000006,108.2923,1000.7,-43.345500000000001,3.7675000000000001,47.113,31.843200000000003,82.092600000000004,50.249400000000001,-238.27189999999999,5258.8877361274554,539.68899999999996,551.07629999999995,11.3873,-830.66029999999989,765.37260000000003,1596.0328999999999,203.55839999999989,3786.0711000000001,3582.5127000000002,5667.5,5667.5,0,-141.88330000000042,2735.5793999999996,2877.4627,-1128.1151999999997,2849.3870000000002,3977.5021999999999,-36.829900000000002,-410.36172800000003,123.90194599999998,-287.29939999999999,1073.9999999999998,485.38821812745527,578.76710000000003,5232.9615361274555,4951.6615361274553,-281.3,182.23609999999999
2018-11,-718.70749999999998,976.15380000000005,3653.2838999999999,2677.1300999999999,-405.2731,598.86400000000003,1004.1371,-1312.8136999999999,-1261.9432999999999,223.1857,1485.1289999999999,114,73.8,230.32900000000001,1067,-50.870399999999997,3.7004000000000001,54.570799999999998,23.225499999999997,69.647099999999995,46.421599999999998,2.4980000000000002,-2736.5187308560544,172.95660000000001,185.7396,12.782999999999999,-305.58779999999996,464.2208,769.80859999999996,-360.11970000000019,2207.8721999999998,2567.9919,0,0,0,11.609199999999873,2709.6782999999996,2698.0690999999997,-408.13329999999996,3134.5740999999998,3542.7073999999998,-45.8996,-844.909268,-16.552801000000002,-579.58029999999997,-727.30000000000018,366.99823814394585,563.47630000000004,-2889.2519308560545,-2761.8519308560544,127.4,191.7603
2018-12,-108.32369999999992,1323.3398999999999,4062.4787000000001,2739.1388000000002,-338.5249,687.56100000000004,1026.0859,-1139.9627,-1035.2369000000001,76.032000000000011,1111.2689,0,190.10000000000002,324.96890000000002,596.19999999999993,-104.72579999999999,7.3792999999999997,112.10509999999999,46.823999999999998,91.194800000000001,44.370800000000003,9.6109000000000009,13763.762221930112,273.76590000000004,291.92180000000002,18.155899999999999,-650.27430000000004,577.40319999999997,1227.6775,69.257700000000114,1637.2182,1567.9604999999999,7640.2,7640.2,0,9663.2301000000007,12660.910400000001,2997.6803,-836.32150000000001,3715.9423999999999,4552.2638999999999,6.0987999999999998,-1597.3011429999999,254.39572699999997,-415.0609,-2981.1000000000008,2336.8718379301108,700.98289999999997,14366.032321930112,14593.092944206161,227.06062227604855,176.06489999999999
2019-01,64.420900000000984,1993.7945000000004,4688.4111000000003,2694.6165999999998,-668.6164,764.52049999999997,1433.1369,-1301.5961999999995,-1269.4612999999995,808.65250000000003,2078.1137999999996,0,187.5,232.1138,1658.4999999999998,-32.134899999999995,4.2244000000000002,36.359299999999998,40.838999999999999,72.0959,31.256900000000002,60.706099999999999,-381.00848859496477,230.09899999999999,237.39599999999999,7.2969999999999997,-226.69560000000001,726.04290000000003,952.73850000000004,133.61680000000069,4617.9853000000003,4484.3684999999996,0,0,0,162.74599999999998,307.70189999999997,144.95589999999999,-2041.7194,5030.7676000000001,7072.4870000000001,-314.94349999999997,1752.107039,349.27944400000001,-1482.0432000000001,1175.1999999999996,-118.65507159496508,622.99329999999998,367.11181140503618,1024.9118114050361,657.8,184.02719999999999
2019-02,462.88720000000012,1392.5340000000001,3768.1014,2375.5673999999999,-492.45410000000004,658.20169999999996,1150.6558,-463.1875,-412.68680000000001,78.073899999999995,490.76069999999999,213.89999999999998,56.2,216.4607,4.2,-50.500699999999995,8.2520000000000007,58.752699999999997,25.994799999999998,61.896999999999998,35.902200000000001,6.0277000000000003,274.52800328933677,735.3805000000001,745.15290000000005,9.7723999999999993,175.57770000000005,1598.9728,1423.3951,-361.32610000000022,4490.1643999999997,4851.4904999999999,0,0,0,222.64359999999988,2820.7258999999999,2598.0823,-974.35969999999998,4294.3454000000002,5268.7051000000001,-247.9,-86.159851000000003,17.949839999999995,-1150.0257999999999,1325.1999999999998,617.547814289337,495.11189999999999,1238.5548032893369,1203.6240017209004,-34.930801568436436,268.55279999999999
2019-03,313.58869999999968,1125.6468999999997,3572.9265999999998,2447.2797,-389.35380000000009,681.12059999999997,1070.4744000000001,-438.67669999999998,-332.11539999999997,174.57729999999998,506.69269999999995,0,122.39999999999998,146.6927,237.6,-106.56129999999999,7.4795999999999996,114.04089999999999,15.972299999999997,60.800699999999999,44.828400000000002,3.6206999999999998,-2410.186015130404,349.11859999999996,360.10649999999998,10.9879,-242.95130000000017,1243.7529999999999,1486.7043000000001,145.21039999999994,2351.0239999999999,2205.8136,0,0,0,-263.72310000000016,2620.3249000000001,2884.0480000000002,-1779.7312999999995,4343.9647000000004,6123.6959999999999,272.85520000000002,-29.515419999999999,243.66243900000009,-963.47739999999999,-676.50000000000023,534.86586586959618,441.63350000000003,-1651.3431151304044,-1827.7431151304045,-176.4,242.04769999999999
2019-04,253.38079999999991,1952.5332999999996,4452.6900999999998,2500.1568000000002,-463.42199999999991,649.46500000000003,1112.8869999999999,-1252.4023,-1137.8211999999999,151.65369999999999,1289.4748999999999,12,51.8,126.7749,1098.8999999999999,-114.58110000000001,42.520200000000003,157.10130000000001,16.671800000000005,63.840600000000002,47.168799999999997,13.8993,4851.9643698053414,127.40389999999999,133.81229999999999,6.4084000000000003,-138.06370000000015,1700.8380999999999,1838.9018000000001,-487.11689999999999,1793.5450000000001,2280.6619000000001,10830.2,10830.2,0,103.68820000000005,2788.1376,2684.4494,-2362.3284999999996,4851.4053000000004,7213.7338,426.6952,488.55571500000002,623.16768400000001,-1184.5438999999999,-3791.5000000000005,215.8066708053417,438.62619999999998,5557.8706698053411,5475.3706698053411,-82.5,198.4383
2019-05,248.30979999999954,2616.4427999999994,5292.9781999999996,2676.5354000000002,-576.25630000000024,630.58259999999996,1206.8389000000002,-1792.0494999999999,-1501.5151999999998,130.0027,1631.5178999999998,276.7,329.4,269.81790000000001,755.6,-290.53429999999997,6.6520999999999999,297.18639999999999,0.17279999999999518,57.014899999999997,56.842100000000002,14.3735,-7140.8433872974892,148.43559999999999,160.91,12.474399999999999,-857.06129999999985,1110.8386,1967.8998999999999,-382.46800000000007,1644.9286999999999,2027.3967,0,0,0,-1229.8795999999993,3317.8807999999999,4547.7603999999992,-2550.7592000000004,5579.2584999999999,8130.0177000000003,708.44219999999996,-335.05046299999998,-156.770905,-1667.4539,-2640.4999999999995,1822.2221807025105,483.08280000000002,-6395.0772872974894,-6883.1091967548828,-488.03190945739334,259.35320000000002
2019-06,947.12989999999968,2382.0213999999996,4821.6301999999996,2439.6088,-488.0154,574.99440000000004,1063.0098,-964.47739999999999,-898.58439999999996,75.971399999999988,974.55579999999998,33.4,117.19999999999999,236.1558,587.79999999999995,-65.893000000000001,31.594999999999999,97.488,17.601300000000002,68.130200000000002,50.5289,4.7756999999999996,-2499.665663985204,144.7895,161.89080000000001,17.101299999999998,-1407.3180000000002,1077.9112,2485.2292000000002,-951.72480000000019,1511.5002999999999,2463.2251000000001,0,0,0,33.100499999999101,2873.7682999999997,2840.6678000000006,-1417.8630000000003,5445.8912,6863.7542000000003,-446.94260000000003,-50.698528000000003,748.67456000000004,-838.99,952.99999999999955,734.30670401479813,611.58019999999999,-936.17986398520452,-501.37986398520451,434.8,205.7141
2019-07,500.38490000000047,2013.4350000000004,4961.6548000000003,2948.2197999999999,-521.04489999999998,657.45240000000001,1178.4973,-1016.7343999999999,-925.36899999999991,803.92799999999988,1729.2969999999998,10.1,101.7,160.797,1456.6999999999998,-91.365399999999994,4.4683999999999999,95.833799999999997,24.729199999999992,77.845699999999994,53.116500000000002,38.013800000000003,2412.160988097904,176.20169999999999,182.17349999999999,5.9718,-850.22159999999997,705.8999,1556.1215,-117.0462,1610.7991999999999,1727.8453999999999,5395.8,5395.8,0,169.48689999999988,3061.0650000000001,2891.5781000000002,-3034.5465000000004,5162.7800999999999,8197.3266000000003,70.053200000000004,399.49843299999998,-77.539687000000015,-854.24599999999998,-334.79999999999973,1469.5207420979038,715.55449999999996,3666.1141880979044,3621.4141880979046,-44.7,220.86600000000001
2019-08,834.73980000000006,2032.9766,4944.9848000000002,2912.0082000000002,-508.50279999999987,647.43330000000003,1155.9360999999999,-644.05140000000006,-576.3895,70.072699999999998,646.46219999999994,370.5,53.199999999999996,222.26220000000001,0.5,-67.661900000000003,76.424499999999995,144.0864,-45.682600000000008,81.697999999999993,127.3806,7.0989000000000004,-14565.768749913534,131.9804,154.58459999999999,22.604199999999999,-974.06389999999988,816.78430000000003,1790.8481999999999,-621.80589999999995,950.54560000000004,1572.3515,0,0,0,-265.99209999999994,2594.1210000000001,2860.1131,-5946.3837000000003,3798.1192999999998,9744.5030000000006,3415.2523999999999,-1704.4930690000001,22.417851000000013,-705.81659999999999,-4755.3,-3161.5641319135352,517.89469999999994,-13206.035349913533,-13799.035349913533,-593,238.46350000000001
2019-09,1406.8340999999998,2237.4836999999998,5175.7317999999996,2938.2480999999998,-228.28480000000002,724.80430000000001,953.08910000000003,-627.39509999999996,-620.38729999999998,49.707300000000004,670.09460000000001,0,126.69999999999999,293.99459999999999,249.4,-7.0078000000000005,6.3501000000000003,13.357900000000001,25.030300000000004,51.183300000000003,26.152999999999999,-46.517800000000001,-6644.3256892043928,95.530100000000004,96.339100000000002,0.80900000000000005,2.9623000000000008,12.2659,9.3035999999999994,-1333.0160000000001,631.61860000000001,1964.6346000000001,0,0,0,-69.775800000000345,2751.5499,2821.3257000000003,-3048.8588000000004,1128.3595,4177.2183000000005,1045.9412,500.58007400000002,65.910757000000018,-19.927399999999999,-957.3,-2926.3721202043926,0.86819999999999997,-5283.1411892043934,-5397.041189204393,-113.9,225.75149999999999
2019-10,-507.60469999999987,969.24070000000029,5074.9014999999999,4105.6607999999997,-447.05960000000016,812.11659999999995,1259.1762000000001,-1051.1496999999999,-1045.4367999999999,80.666599999999988,1126.1034,0,50,291.60340000000002,784.49999999999989,-5.7129000000000003,7.8287000000000004,13.541600000000001,21.363900000000001,50.525500000000001,29.1616,22.2196,-5409.6314962107344,127.72149999999999,128.4699,0.74839999999999995,2.6048,4.75,2.1452,-1330.9247,501.30619999999999,1832.2309,0,0,0,944.46730000000071,3720.3110000000006,2775.8436999999999,-4118.2240000000002,920.6576,5038.8815999999997,567.31650000000002,-235.263023,166.55181899999999,0.30020000000000002,-826,-708.18189221073476,0,-5895.016596210734,-5443.016596210734,452,166.6217
2019-11,1342.1437000000001,2753.7662,5328.3764000000001,2574.6102000000001,-261.43360000000007,766.99540000000002,1028.4290000000001,-1170.8389999999999,-1162.2503999999999,44.0334,1206.2837999999999,396.09999999999997,58.6,323.28379999999999,428.3,-8.5885999999999996,4.4326999999999996,13.0213,20.650100000000002,41.429200000000002,20.7791,14.43,-936.94289860295407,166.01519999999999,166.4778,0.46260000000000001,-0.20299999999999985,1.8279000000000001,2.0308999999999999,-826.22330000000011,415.7201,1241.9434000000001,0,0,0,-128.15169999999989,1112.6868999999999,1240.8385999999998,-137.62459999999999,592.22230000000002,729.84690000000001,164.98830000000001,676.52736400000003,41.169119000000009,-9.4960000000000004,-546.69999999999993,-337.24428160295429,0,419.63080139704613,511.93080139704614,92.3,226.7226
2019-12,545.55580000000009,1966.4139,5713.6237000000001,3747.2098000000001,-347.48400000000004,866.85199999999998,1214.336,-1096.2662,-1085.3052,565.94949999999994,1651.2547,0,100.7,429.55470000000003,1121,-10.961000000000002,5.5490000000000004,16.510000000000002,22.892100000000003,54.094700000000003,31.2026,15.546200000000001,181.28543536207462,83.092500000000001,83.325599999999994,0.2331,6.1623000000000001,10.2957,4.1334,-750.09340000000009,620.51509999999996,1370.6085,0,0,0,-67.197599999999738,1249.2408,1316.4383999999998,197.78050000000007,1000.1752,802.39469999999994,-375.23590000000002,-648.35250499999995,151.89640400000002,-4.298,-617,2204.531136362074,0,742.38743536207471,1076.0874353620748,333.7,235.40950000000001
2020-01,35.163499999999658,1576.9569999999999,5145.7629999999999,3568.806,-27.262200000000007,942.08100000000002,969.34320000000002,-1526.2102000000002,-1517.5837000000001,218.15710000000001,1735.7408,0,109.90000000000002,520.74080000000004,1105.0999999999999,-8.6265000000000001,4.6478000000000002,13.2743,11.678900000000002,40.094200000000001,28.415299999999998,28.319199999999999,-243.4255923687775,84.369600000000005,84.929100000000005,0.5595,1.2334000000000003,2.7865000000000002,1.5530999999999999,-596.21390000000008,605.13279999999997,1201.3467000000001,0,0,0,-636.99890000000005,3139.0796999999998,3776.0785999999998,-61.404299999999978,438.464,499.86829999999998,148.47450000000001,565.18253300000003,8.9375600000000013,-5,-55.1,303.09391463122239,0,-179.94289236877785,68.754905183198858,248.69779755197669,219.98070000000001
2020-02,41.566300000000069,781.97119999999995,3516.3244,2734.3532,-73.81269999999995,708.68460000000005,782.4973,-690.29139999999995,-680.9049,23.666599999999999,704.57150000000001,380.5,48.2,272.37150000000003,3.5,-9.3864999999999998,2.6911,12.0776,23.699199999999998,37.038899999999998,13.339700000000001,8.8358000000000008,46.697899999999926,170.34619999999998,171.41919999999999,1.073,1.6600000000000001,2.8580000000000001,1.198,-960.2627,383.2303,1343.4929999999999,0,0,0,410.73019999999951,3587.7475999999997,3177.0174000000002,-149.0667,235.51480000000001,384.58150000000001,162.96789999999999,121.636032,1.9197620000000128,0,-58.2,344.96720600000043,0,97.1,-126.4,-223.5,140.57939999999999
2020-03,85.170499999999834,711.64559999999983,3745.2109,3033.5653000000002,-12.00019999999995,645.93200000000002,657.93219999999997,-608.98760000000004,-600.57470000000001,29.706,630.28070000000002,0,115.30000000000001,292.6807,222.3,-8.4129000000000005,2.6391,11.052,-5.4872999999999976,32.271599999999999,37.758899999999997,3.145,-1094.5155,104.1412,104.3402,0.19900000000000001,4.8129,5.7805,0.96760000000000002,-365.38449999999995,422.24970000000002,787.63419999999996,0,0,0,-415.90870000000086,3013.8601999999996,3429.7689000000005,-114.60110000000003,342.04129999999998,456.64240000000001,14.1745,-744.43780200000003,-1.8127319999999969,0,-0.7,425.20073400000086,0,-1006.2,-1229.5,-223.3,115.3511
2020-04,-158.59920000000022,289.55899999999974,3944.0945999999999,3654.5356000000002,-84.930899999999951,551.21220000000005,636.1431,-372.2466,-361.66489999999999,12.2561,373.92099999999999,0,46.7,302.62099999999998,24.599999999999998,-10.5817,2.9039000000000001,13.4856,9.0193000000000012,34.492800000000003,25.473500000000001,8.4145000000000003,-71.215299999999786,164.66639999999998,166.86019999999999,2.1938,1.7623,1.8623000000000001,0.1,-620.8596,293.35019999999997,914.20979999999997,0,0,0,243.63720000000012,3089.6495,2846.0122999999999,-194.19109999999995,351.91730000000001,546.10839999999996,-221.17580000000001,711.19639199999995,51.643675999999999,0,-16.7,-191.1947679999999,0,-221.4,7.2,228.6,79.346699999999998
2020-05,-323.48899999999981,314.4675000000002,3867.8045000000002,3553.337,-16.319100000000049,532.274,548.59310000000005,-634.9242999999999,-626.96769999999992,4.6084999999999994,631.57619999999997,297.2,81.5,252.87620000000001,0,-7.9565999999999999,3.9781,11.934699999999999,13.286899999999996,32.915799999999997,19.628900000000002,0.42299999999999999,-579.33400000000017,81.283200000000008,81.375600000000006,9.2399999999999996E-2,2.8102999999999998,3.0851999999999999,0.27489999999999998,-754.48400000000004,106.7794,861.26340000000005,0,0,0,-47.762899999999718,2694.6823000000004,2742.4452000000001,-377.57730000000004,179.1455,556.72280000000001,136.03890000000001,1009.446397,33.117958000000002,-3.8E-3,0,-662.20275500000048,0,-902.4,-979.9,-77.5,62.531100000000002
2020-06,1561.9411,1956.3519999999999,4346.7021999999997,2390.3501999999999,-70.636999999999944,528.04510000000005,598.68209999999999,-328.60979999999995,-320.01189999999997,2.2948,322.30669999999998,28.8,91.5,199.60669999999999,2.4,-8.5978999999999992,4.4637000000000002,13.0616,4.8359000000000023,38.199800000000003,33.363900000000001,4.5401999999999996,-1235.0825085547549,61.707599999999999,61.7117,4.1000000000000003E-3,6.6067999999999998,7.6558999999999999,1.0490999999999999,-477.40419999999995,235.19059999999999,712.59479999999996,0,0,0,680.6243999999997,3471.9660999999996,2791.3416999999999,-540.63350000000003,195.9802,736.61369999999999,44.392200000000003,-1044.673824,-158.96838700000001,-1.2548999999999999,-2.5,197.0213024452454,0,331.39879144524502,652.99744183834309,321.59865039309807,61.022799999999997
2020-07,504.3666000000004,1007.8763000000004,4526.0365000000002,3518.1601999999998,-134.55989999999997,533.18370000000004,667.74360000000001,-404.4479,-390.18979999999999,2.7898000000000001,392.9796,0,85.9,307.07960000000003,0,-14.258099999999999,2.492,16.7501,35.498100000000001,70.589600000000004,35.091500000000003,1.9817,-1087.1394245614938,59.841500000000003,59.845500000000001,4.0000000000000001E-3,11.767199999999999,12.4773,0.71009999999999995,-681.50350000000003,95.175899999999999,776.67939999999999,0,0,0,-22.199399999999969,3410.0529999999999,3432.2523999999999,-450.44879999999995,409.18360000000001,859.63239999999996,-265.56900000000002,-305.40996699999999,-24.498483,1.37E-2,-21.8,612.66732543850617,0,-580.79112456149346,144.76706183732568,725.55818639881909,82.109800000000007
2020-08,-463.91879999999992,364.44090000000006,4075.0072,3710.5663,-229.61350000000004,474.96559999999999,704.57910000000004,-570.43589999999995,-557.49609999999996,3.2957999999999998,560.79189999999994,305.89999999999998,38.299999999999997,216.59190000000001,0,-12.9398,2.2896000000000001,15.2294,-28.310299999999998,47.679699999999997,75.989999999999995,7.9394,-450.67123022332044,68.178100000000001,68.180999999999997,2.8999999999999998E-3,2.4521999999999999,2.9897999999999998,0.53759999999999997,-558.40170000000012,303.21899999999999,861.62070000000006,0,0,0,45.668100000000322,3252.6318000000001,3206.9636999999998,-570.56169999999997,305.7176,876.27930000000003,-315.96850000000001,443.29183499999999,5.338758999999996,5.9999999999999995E-4,-0.8,430.13107577667944,0,-906.65063022332038,-544.20000000000005,362.45063022332033,82.650499999999994
2020-09,-599.92730000000063,8.3445999999994456,4433.4072999999999,4425.0627000000004,-278.34300000000007,476.09519999999998,754.43820000000005,-334.52420000000001,-322.98599999999999,2.9410999999999996,325.9271,0,90.2,223.8271,11.9,-11.5382,3.0722999999999998,14.6105,4.5952999999999982,33.746899999999997,29.151599999999998,4.9615,-952.8438539474173,61.352999999999994,61.372999999999998,0.02,2.7509999999999999,3.0114000000000001,0.26040000000000002,-566.322,89.9619,656.28390000000002,0,0,0,-196.29749999999967,3239.4465000000005,3435.7440000000001,-439.31049999999999,348.33530000000002,787.64580000000001,-242.27549999999999,241.13791499999999,7.6940440000000194,4.0000000000000002E-4,-88.800000000000011,267.22528705258242,0,-1547.8096539474179,-1463.2293151219826,84.580338825435319,91.949600000000004
2020-10,-514.51310000000012,14.337199999999939,4048.2442999999998,4033.9070999999999,-273.57690000000002,481.12450000000001,754.70140000000004,-255.89500000000001,-245.84540000000001,2.4327999999999999,248.2782,0,39.800000000000004,208.47819999999999,0,-10.049600000000002,2.3807999999999998,12.430400000000001,0.62160000000000082,32.673200000000001,32.051600000000001,8.5422999999999991,-1282.6583921292022,54.253399999999999,54.484299999999998,0.23089999999999999,-3.645,1.2345999999999999,4.8795999999999999,-536.13639999999998,123.2009,659.33730000000003,0,0,0,-121.85790000000043,3123.9732999999997,3245.8312000000001,-197.61350000000002,148.39590000000001,346.00940000000003,-16.394100000000002,451.10394100000002,-9.7342019999999962,-71.79319563,-36.799999999999997,-794.04143549920195,0,-1788.6291921292022,-1522.4986727183814,266.13051941082085,107.8306
2020-11,-330.19699999999978,454.07700000000023,4253.9246000000003,3799.8476000000001,-194.66089999999997,469.68470000000002,664.34559999999999,-584.61620000000005,-574.07580000000007,1.7963999999999998,575.87220000000002,308,57.300000000000004,210.57220000000001,0,-10.540400000000002,4.05,14.590400000000001,-4.9969000000000037,32.017899999999997,37.014800000000001,10.9962,-1057.6419498821344,63.847999999999999,63.913699999999999,6.5699999999999995E-2,1.1551999999999998,2.3740999999999999,1.2189000000000001,-625.07399999999996,88.707700000000003,713.7817,0,0,0,-116.79710000000023,3153.1994,3269.9965000000002,-113.56539999999998,159.167,272.73239999999998,-76.963399999999993,-187.53636499999999,-20.952594999999995,-131.00901199999998,-4.9000000000000004,154.15272211786578,0,-1376.8427498821343,-1204.3876337112174,172.45511617091688,92.250699999999995
2020-12,405.78559999999959,927.40669999999955,4654.2115999999996,3726.8049000000001,-188.40049999999997,575.45180000000005,763.85230000000001,-350.351,-334.83530000000002,3.3958000000000004,338.23110000000003,0,77.7,258.43110000000001,2.1,-15.515700000000001,2.2002000000000002,17.715900000000001,17.130400000000002,55.055500000000002,37.9251,3.1716000000000002,-52.417116518488911,86.606500000000011,86.611500000000007,5.0000000000000001E-3,-0.65670000000000006,1.1476,1.8043,-358.9332,145.78460000000001,504.71780000000001,0,0,0,932.94440000000077,4133.7401000000009,3200.7957000000001,91.187000000000012,368.23630000000003,277.04930000000002,-209.11019999999999,-1297.2214899999999,5.4277339999999867,-46.780352439999994,-2.2999999999999998,746.41919192151011,0,356.54008348151069,736.07220601512381,379.53212253361312,84.3934
2021-01,416.68709999999987,1050.7282999999998,4878.2239,3827.4956000000002,-187.02859999999998,529.68269999999995,716.71129999999994,-457.04279999999994,-445.52779999999996,3.4401999999999999,448.96799999999996,0,61.7,387.26799999999997,0,-11.515000000000001,2.7023999999999999,14.2174,10.030199999999997,38.378599999999999,28.348400000000002,7.8075000000000001,-516.26387083005955,71.167299999999997,71.310699999999997,0.1434,-5.0723000000000003,1.3001,6.3723999999999998,-351.08820000000003,146.92019999999999,498.00839999999999,0,0,0,-228.6895978904148,67.238602109585216,295.9282,-101.40729999999999,180.88550000000001,282.2928,-62.2211,304.45608700000003,3.6998290000000011,-353.28521056000005,-65.8,271.97662162035533,0,-91.769270830059668,127.15381240267743,218.9230832327371,108.8639
2021-02,749.27840000000015,1443.5109000000002,4756.7605000000003,3313.2496000000001,-216.89710000000002,499.69799999999998,716.5951,-484.43329999999997,-474.73219999999998,2.8368000000000002,477.56899999999996,313.7,27.9,135.96899999999999,0,-9.7011000000000003,4.8398000000000003,14.540900000000001,7.0978999999999992,36.798099999999998,29.700199999999999,5.7489999999999997,-362.78959720593156,58.172899999999998,58.180799999999998,7.9000000000000008E-3,1.4509999999999998,2.3033999999999999,0.85240000000000005,-561.34660000000008,69.198999999999998,630.54560000000004,0,0,0,-99.63419999999951,3071.1049000000003,3170.7390999999998,-7.6555999999999926,167.7818,175.4374,-114.25700000000001,245.996678,-1.9841909999999956,-100.89910621999999,-1.7000000000000002,219.06652201406803,0,392.23780279406861,2.945864554392756,-389.29193823967586,85.452799999999996
2021-03,1385.2344999999996,1991.8630999999996,6508.8321999999998,4516.9691000000003,-280.30369999999994,603.94780000000003,884.25149999999996,-336.17489999999998,-330.22579999999999,2.2397,332.46550000000002,0,81.300000000000011,238.56549999999999,12.6,-5.9491000000000005,5.9135,11.8626,9.8500000000000014,37.988700000000001,28.1387,13.9559,-1020.945668470486,65.194499999999991,65.323099999999997,0.12859999999999999,2.9483000000000001,5.1132,2.1648999999999998,-527.47630000000004,374.19659999999999,901.67290000000003,0,0,0,-41.664600000000519,3260.8172999999997,3302.4819000000002,247.71280000000002,416.96570000000003,169.25290000000001,-364.48340000000002,-491.74177300000002,3.318790000000007,-115.96322684,-1.9,203.10924136951451,0,378.2447315295135,75.213852712106018,-303.03087881740748,98.433000000000007
2021-04,1518.8791000000006,1932.6649000000007,6728.3320000000003,4795.6670999999997,-206.5539,555.1961,761.75,-197.33839999999998,-189.13249999999999,5.9345999999999997,195.06709999999998,0,26.600000000000005,168.46709999999999,0,-8.2058999999999997,4.2645999999999997,12.470499999999999,-9.893499999999996,42.502000000000002,52.395499999999998,5.3756000000000004,-1242.7526207406509,42.410500000000006,42.414900000000003,4.4000000000000003E-3,1.3959999999999999,3.9710999999999999,2.5750999999999999,-278.96629999999999,167.86840000000001,446.8347,0,0,0,-135.12519999999995,3215.777,3350.9022,51.589200000000005,207.74889999999999,156.15969999999999,-112.64100000000001,449.74026199999997,7.4668180000000035,-33.029638630000001,-64.5,-1171.0932621106508,0,281.50207925934978,669.42382659520081,387.92174733585102,69.471699999999998
2021-05,1731.3322000000001,2369.8017,7284.1369000000004,4914.3352000000004,-99.836999999999989,624.82849999999996,724.66549999999995,-538.79579999999999,-528.72590000000002,1.8753,530.60120000000006,299.8,59.300000000000004,171.50120000000001,0,-10.069900000000001,2.7966000000000002,12.8665,0.16330000000000666,36.314100000000003,36.150799999999997,2.4220000000000002,-732.18966594856761,52.410800000000002,52.548000000000002,0.13719999999999999,1.3098000000000001,2.4047000000000001,1.0949,-304.32490000000001,167.28469999999999,471.6096,0,0,0,-41.465499999999793,3266.0482999999999,3307.5137999999997,26.564999999999998,175.429,148.864,-107.98909999999999,-281.72239999999999,8.3707729999999998,-84.823247146938897,-5,4.4791081983710939,0,1001.5645340514325,1609.047429233804,607.48289518237152,75.14
2021-06,1281.8994,1798.1556,7678.8432000000003,5880.6876000000002,-186.67250000000001,704.38649999999996,891.05899999999997,-341.93549999999999,-332.81489999999997,2.2605,335.07539999999995,0,56.449999999999996,276.72539999999998,1.9,-9.1205999999999996,3.5831,12.7037,12.351800000000004,46.253900000000002,33.902099999999997,2.8826999999999998,-165.0981824020073,66.167699999999996,66.173400000000001,5.7000000000000002E-3,4.8064999999999998,7.2305000000000001,2.4239999999999999,-675.94629999999995,332.21280000000002,1008.1591,0,0,0,-20.559300000000349,3283.4886999999999,3304.0480000000002,-35.95180000000002,151.87139999999999,187.82320000000001,-109.9935,-488.19912099999999,5.1184089999999998,-96.75086395000001,0,1186.2100935479932,0,1119.6839175979926,565.10388513799262,-554.58003245999998,83.612899999999996
2021-07,656.57709999999975,1485.2624999999998,7225.5312999999996,5740.2687999999998,-272.8954,600.755,873.65039999999999,-575.61580000000004,-564.20890000000009,5.3719999999999999,569.58090000000004,0,41,374.18090000000001,154.4,-11.4069,4.4108000000000001,15.8177,19.825800000000001,54.408000000000001,34.5822,8.8743999999999996,-633.38637638912962,64.948499999999996,64.952399999999997,3.8999999999999998E-3,0.2416999999999998,2.6960999999999999,2.4544000000000001,-285.54669999999999,189.2722,474.81889999999999,0,0,0,-550.70000000000073,6145.5330999999996,6696.2331000000004,-132.2921,146.7079,279,-68.522000000000006,117.20872300000001,-1.3545919999999967,-340,-0.1,562.73009261087111,0,32.065123610870117,144.82562249110197,112.76049888023185,114.9096
2021-08,-308.82600000000002,607.38979999999992,6806.1387999999997,6198.7489999999998,-387.78639999999996,594.3741,982.16049999999996,-533.73450000000003,-523.52570000000003,2.0566,525.58230000000003,347.7,40.300000000000004,137.5823,0,-10.2088,3.4096000000000002,13.618399999999999,5.3050999999999959,39.663899999999998,34.358800000000002,19.2514,3866.3765785845312,54.0227,54.026000000000003,3.3E-3,1.8517999999999999,3.7357999999999998,1.8839999999999999,-262.48099999999999,219.3946,481.87560000000002,4326,4326,0,-66.934500000000298,3217.7887999999998,3284.7233000000001,-89.369,144.86539999999999,234.23439999999999,-142.46109999999999,-105.491417,2.8197580000000073,-279,-14.799999999999999,442.21933758453179,0,3576.8019785845313,3598.5765971098008,21.774618525269432,114.90009999999999
2021-09,-784.54830000000015,316.17839999999978,6306.8568999999998,5990.6785,-558.04039999999986,548.70270000000005,1106.7430999999999,-528.96690000000012,-519.30850000000009,2.2930999999999999,521.60160000000008,0,82.100000000000023,427.10160000000002,12.4,-9.6584000000000003,3.2437999999999998,12.902200000000001,-13.7194,40.083399999999997,53.802799999999998,11.255800000000001,-2383.7102611311971,82.427499999999995,82.445099999999996,1.7600000000000001E-2,2.0749,5.7881999999999998,3.7132999999999998,-449.85229999999996,91.641900000000007,541.49419999999998,-1883.5,0,1883.5,92.759480180080573,3427.4550801800806,3334.6956,-119.52999999999997,139.58510000000001,259.11509999999998,77.797399999999996,215.147841,10.920442999999992,-414,-2.4,4.4444746887225506,0,-3157.0027611311971,-3269.133004871197,-112.1302437399999,94.393900000000002
2021-10,554.57450000000006,1373.5931,5928.6583000000001,4555.0652,-595.49099999999999,489.19659999999999,1084.6876,-203.4007,-192.8038,2.2498,195.05359999999999,0,30.1,164.95359999999999,0,-10.5969,3.7050000000000001,14.3019,-20.126899999999999,38.8508,58.977699999999999,3.9308999999999998,-840.82086360350877,67.522000000000006,67.676500000000004,0.1545,2.1980000000000004,4.4492000000000003,2.2511999999999999,-418.68770000000001,57.212000000000003,475.8997,0,0,0,107.90629999999999,311.99279999999999,204.0865,-123.68599999999999,122.0074,245.6934,-77.846500000000006,-196.00376900000001,1.5154119999999978,-288.68151237000001,-145.70000000000002,230.64290576649128,0,-282.31546360350882,-94.099995653508813,188.21546795,138.72739999999999
2021-11,-1566.7343999999996,-116.88069999999971,5623.1776,5740.0582999999997,-754.08580000000006,564.23620000000005,1318.3220000000001,-695.39279999999985,-681.29029999999989,1.9781,683.26839999999993,387.8,54.4,241.0684,0,-14.102500000000001,3.6943999999999999,17.796900000000001,-0.37510000000000332,39.1723,39.547400000000003,6.0476000000000001,193.31516641679787,36.786699999999996,37.014899999999997,0.22819999999999999,-13.053899999999999,3.9390999999999998,16.992999999999999,-493.48939999999993,228.55420000000001,722.04359999999997,0,0,0,981.86980000000085,4259.3634000000011,3277.4936000000002,-198.9502,127.27249999999999,326.22269999999997,-187.35230000000001,203.455319,26.933714000000009,-365.54712362999999,-0.8,203.46255704679692,0,-1367.3716335832016,-1287.5392454132016,79.832388169999987,144.73599999999999
2021-12,-44.394700000000284,1060.1598999999997,6741.2888999999996,5681.1289999999999,-714.09259999999995,680.26790000000005,1394.3605,-383.32169999999996,-305.45269999999999,3.5869999999999997,309.03969999999998,0,52.5,256.53969999999998,0,-77.869,3.3403999999999998,81.209400000000002,-7.1403000000000034,59.027200000000001,66.167500000000004,9.0046999999999997,-1954.7690106606974,71.133800000000008,71.138300000000001,4.4999999999999997E-3,-0.69609999999999994,2.2128000000000001,2.9089,-390.41079999999999,221.11670000000001,611.52750000000003,-1853.19356741243,0,1853.19356741243,215.00710000000026,3601.7514000000001,3386.7442999999998,-91.623000000000019,160.73939999999999,252.36240000000001,-129.886,227.55416199999999,5.1204409999999996,-4,-3.5,-0.27504624826798363,0,-1990.1590106606977,-1866.8441565906978,123.31485406999991,207.5504
2022-01,-471.46139999999946,1100.9954000000007,6119.9539000000004,5018.9584999999997,-683.03160000000014,616.71410000000003,1299.7457000000002,-909.67150000000004,-901.62220000000002,157.53450000000001,1059.1567,0,60.000000000000007,307.05669999999998,692.1,-8.0492999999999988,4.9058999999999999,12.9552,20.246299999999998,40.578299999999999,20.332000000000001,1.1747000000000001,-1523.0985255070996,61.6982,61.701700000000002,3.5000000000000001E-3,2.4287999999999998,4.8369999999999997,2.4081999999999999,-494.8621,90.637500000000003,585.49959999999999,-713.7,0,713.7,-275.95659999999998,28.483599999999996,304.44019999999995,-188.07509999999999,140.9417,329.01679999999999,-19.198699999999999,-42.957926999999998,7.6724247100000005,-0.93679999999999997,-52.8,193.58927678290058,0,-1993.385225507099,-2073.733709067099,-80.348483560000034,198.7354
2022-02,-476.16461837034103,905.59609999999975,5594.9093999999996,4689.3132999999998,-630.2770999999999,567.16179999999997,1197.4388999999999,-716.73541837034099,-706.09841837034105,1.4113,707.50971837034103,366.592718370341,32.6,308.31700000000001,0,-10.637,1.9441999999999999,12.581200000000001,-34.748199999999997,40.449399999999997,75.197599999999994,8.6232000000000006,-421.0347611343575,48.598199999999999,48.621600000000001,2.3400000000000001E-2,-0.41139999999999999,1.3501000000000001,1.7615000000000001,-319.5795,105.9722,425.55169999999998,0,0,0,-342.6869999999999,3117.1572000000001,3459.8442,-138.70379999999997,124.0445,262.74829999999997,-88.605900000000005,35.610418000000003,6.3617920000000083,-2.5499999999999998,-54,434.99192345564245,0,-888.57617950469853,-571.50367747469863,317.07250202999995,202.95490000000001
2022-03,486.34060000000045,1852.7197000000006,8023.3325000000004,6170.6127999999999,-1039.883,655.08230000000003,1694.9653000000001,-314.28559999999999,-305.48089999999996,2.7242999999999999,308.20519999999999,0,71.300000000000011,236.90520000000001,0,-8.8047000000000004,4.1546000000000003,12.959300000000001,-12.210499999999996,34.154800000000002,46.365299999999998,5.0774999999999997,5582.6986440248011,87.202099999999987,87.205699999999993,3.5999999999999999E-3,1.7333000000000001,3.5682,1.8349,-961.69039999999995,135.2688,1096.9592,6873,9650.5817999999999,2777.5817999999999,209.49020002987299,3485.8419000298732,3276.3517000000002,-19.123699999999985,258.024,277.14769999999999,-210.74870000000001,-255.219919,7.6116380199999867,-4,-12,-133.5612858650718,0,6074.1167440248018,6119.9348548748021,45.818110850000011,314.0607
2022-04,276.19000000000074,1403.1717000000008,7393.2655000000004,5990.0937999999996,-866.11360000000002,590.99300000000005,1457.1066000000001,-261.28870000000006,-254.66440000000006,5.7616000000000005,260.42600000000004,0,38,222.32599999999999,0.1,-6.6242999999999999,6.3209999999999997,12.9453,0.4205999999999932,44.239199999999997,43.818600000000004,3.6789999999999998,-323.69859569096036,41.156500000000001,41.311599999999999,0.15509999999999999,12.648299999999999,14.521699999999999,1.8734,-372.12569999999999,370.80500000000001,742.9307,-686.71925000006195,0,686.71925000006195,-31.988391309972485,3145.6481086900271,3177.6364999999996,-35.318999999999988,182.43430000000001,217.7533,-169.8963,381.64732600000002,1.7169955399999992,-0.33200000000000002,-50.9,586.41598307907407,0,-43.82959569095965,-1130.8037143818001,-1086.9741186908404,236.91820000000001
2022-05,483.56009999999924,2015.0388999999996,8933.1839999999993,6918.1450999999997,-866.63540000000012,680.79449999999997,1547.4299000000001,-675.09300000000007,-664.94690000000003,9.557599999999999,674.50450000000001,364.39,56.6,253.5145,0,-10.146100000000001,3.5291999999999999,13.6753,10.249600000000001,49.769300000000001,39.5197,1.2974000000000001,-643.55678721903519,37.074100000000001,37.076700000000002,2.5999999999999999E-3,2.3110000000000004,5.5368000000000004,3.2258,-449.98669999999998,287.47250000000003,737.45920000000001,0,0,0,-213.71500000000015,3134.2080999999998,3347.9231,-23.168300000000016,170.60249999999999,193.77080000000001,-133.74189999999999,-35.019907000000003,5.7144634499999967,-15.501300000000001,-0.2,182.69015433096487,0,-158.69928721903602,-445.51511605049745,-286.81582883146143,282.44310000000002
2022-06,522.26690000000008,1677.6193000000003,8262.6260000000002,6585.0066999999999,-895.51240000000007,674.28520000000003,1569.7976000000001,-260.52000000000004,-252.01580000000001,14.045299999999997,266.06110000000001,0,59.9,204.56110000000001,1.6,-8.5041999999999991,4.6188000000000002,13.122999999999999,0.67999999999999972,52.932200000000002,52.252200000000002,2.0070000000000001,961.30875425769466,34.714400000000005,34.718200000000003,3.8E-3,0.23950000000000005,2.2279,1.9883999999999999,-259.70360000000005,341.42759999999998,601.13120000000004,1326.3845792000602,4012.5900000001202,2686.20542080006,111.75709999999981,6394.2745000000004,6282.5174000000006,-68.316699999999997,174.1292,242.44589999999999,-188.80170000000001,181.04583400000001,4.8121657599999992,-6.8585000000000003,-0.6,-173.34675695236518,0,1485.5826542576947,1225.7127638776947,-259.8698903799999,249.0292
2022-07,-1301.6183000000003,689.24309999999969,7239.6671999999999,6550.4241000000002,-1065.4050999999999,569.66279999999995,1635.0679,-933.74730000000011,-918.34370000000013,177.28699999999998,1095.6307000000002,0,45.5,360.03070000000002,690.1,-15.403600000000001,5.3548999999999998,20.758500000000002,8.2909999999999968,47.174999999999997,38.884,-2.3064,-2998.1700358741973,43.362099999999998,43.3643,2.2000000000000001E-3,1.9442999999999997,5.2477999999999998,3.3035000000000001,-419.58760000000007,323.85829999999999,743.44590000000005,-1960.83,0,1960.83,-125.09369999999944,3246.0878000000002,3371.1814999999997,-179.15519999999998,186.71809999999999,365.87329999999997,-66.516199999999998,315.99869899999999,9.2463156100000106,-1.4500000000000001E-2,-55.300000000000004,-562.33988048419769,0,-4302.0947358741978,-4555.0514584741977,-252.95672259999998,367.55040000000002
2022-08,-572.37981744149738,1344.6333999999997,7541.4192999999996,6196.7858999999999,-1071.7781000000002,678.91959999999995,1750.6977000000002,-843.66051744149695,-832.14831744149694,18.391800000000007,850.54011744149693,452.29191744149699,59.500000000000007,337.94819999999999,0.8,-11.5122,2.8824000000000001,14.394600000000001,-1.5746000000000038,42.719799999999999,44.294400000000003,8.3422000000000001,-341.81997260840467,32.341900000000003,32.439900000000002,9.8000000000000004E-2,5.9572000000000003,9.2294999999999998,3.2723,-537.37069999999994,340.26209999999998,877.63279999999997,0,0,0,290.21489999999949,3571.6646000000001,3281.4497000000006,-186.37020000000004,141.13399999999999,327.50420000000003,-192.65940000000001,-60.025350000000003,9.1788927999999821,2.2862,-0.4,295.02970559159581,0,-905.857590049902,-1497.3131392099021,-591.45554916000015,343.05239999999998
2022-09,5477.8856000000005,6948.0884000000005,12891.385,5943.2965999999997,-1074.7220000000002,611.63530000000003,1686.3573000000001,-386.55319999999995,-375.45509999999996,24.540200000000002,399.99529999999999,0,112.69999999999999,276.89530000000002,10.4,-11.098100000000001,4.1235999999999997,15.2217,-8.9275999999999982,41.343499999999999,50.271099999999997,-2.1505999999999998,-3793.104372650504,41.301700000000004,41.304600000000001,2.8999999999999998E-3,0.44130000000000003,3.0867,2.6454,-334.02859999999998,400.28660000000002,734.3152,-2601.9,0,2601.9,145.33710000000019,3448.5808999999999,3303.2437999999997,-107.30450000000002,139.39089999999999,246.69540000000001,-254.06309999999999,-706.75026200000002,58.392914189999999,-0.3483,-15.6,-18.585546840504023,0,1682.6306273494963,890.58497943949624,-792.04564791000007,378.63830000000002
2022-10,-664.17570000000046,363.16609999999946,4890.2848999999997,4527.1188000000002,-798.80179999999984,609.96870000000001,1408.7704999999999,-217.00209999999998,-205.4922,37.210499999999996,242.70269999999999,0,78.2,164.5027,0,-11.5099,4.5128000000000004,16.0227,-11.5379,36.581299999999999,48.119199999999999,4.4257,2241.0271137757045,39.885800000000003,39.888500000000001,2.7000000000000001E-3,-0.62239999999999984,2.0329000000000002,2.6553,-439.55370000000005,704.07309999999995,1143.6268,1320.44,3861.75,2541.31,898.63886214287504,4098.4754999999996,3199.8366378571245,14.715300000000013,201.82570000000001,187.1104,-182.14769999999999,153.056286,0.52705960999999946,-1.0577000000000001,-147,584.17014735282953,0,1581.2771137757038,1050.890228225704,-530.38688554999976,358.59910000000002
2022-11,-1200.8150531389078,359.09359999999924,5918.8918999999996,5559.7983000000004,-640.68380000000002,617.26919999999996,1257.953,-916.72315313890692,-904.81025313890689,38.622700000000002,943.4329531389069,532.45175313890695,119.00000000000001,291.9812,0,-11.9129,3.2921,15.205,-2.5016999999999996,52.361600000000003,54.863300000000002,0.87629999999999997,-303.36188063389159,37.279800000000002,37.482399999999998,0.2026,-3.2128000000000001,2.1301000000000001,5.3429000000000002,-503.29569999999995,370.17630000000003,873.47199999999998,0,0,0,18.717730160386054,3416.9936000000002,3398.2758698396142,56.440899999999999,223.97280000000001,167.53190000000001,-190.0266,19.204661999999999,1.8505323599999994,-1.7111000000000001,-1.3,262.39069484572235,0,-1503.3006337727995,-667.03135164279956,836.26928212999997,262.12889999999999
2022-12,2219.8069999999998,3158.0740999999998,7723.7784000000001,4565.7043000000003,-472.9310999999999,784.40009999999995,1257.3311999999999,-466.62060000000002,-427.95390000000003,54.54010000000001,482.49400000000003,0,115.69999999999999,365.19400000000002,1.6,-38.666699999999999,4.4776999999999996,43.144399999999997,1.2845999999999975,57.947899999999997,56.6633,1.1191,3669.0644050275978,65.514600000000002,65.518699999999995,4.1000000000000003E-3,0.67250000000000032,3.2690000000000001,2.5964999999999998,-115.51999999999998,801.40449999999998,916.92449999999997,3310.0905232685373,5994.0500296943374,2683.9595064258001,664.52049999999997,1103.7637,439.2432,95.20659999999998,281.26049999999998,186.0539,-411.83440000000002,-1062.9095689999999,-82.217467770000013,-5.9090999999999996,-0.8,1211.4502185290603,0,5889.9905050275975,6588.2446061575974,698.25410113000044,243.99700000000001
2023-01,-1650.7691000000004,414.15610000000015,4577.1106,4162.9544999999998,-725.02119999999991,705.24350000000004,1430.2646999999999,-1351.5266000000004,-1313.1366000000003,290.50380000000001,1603.6404000000002,0,275.5,306.84039999999999,1021.3000000000001,-38.39,3.2010999999999998,41.591099999999997,11.622599999999998,44.745199999999997,33.122599999999998,-5.3949999999999996,-2219.1542067058003,52.582599999999999,52.694899999999997,0.1123,-1.1091,1.0325,2.1415999999999999,-195.16669999999999,567.4873,762.654,-2640.8892500000502,0,2640.8892500000502,25.397199999999884,3195.5608999999999,3170.1637000000001,-84.607699999999994,188.64160000000001,273.24930000000001,-283.5059,909.69333600000004,1.6812580200000107,-1.6234,-458.7,457.09344927425008,0,-3875.3183067058008,-3179.805716315801,695.51259039000001,228.4853
2023-02,-1237.3650999999998,572.07139999999981,4334.9188999999997,3762.8474999999999,-652.89799999999991,619.51250000000005,1272.4105,-1142.0816999999997,-1115.9589999999998,45.926700000000004,1161.8856999999998,700.6,73.400000000000006,387.78570000000002,0.1,-26.122700000000002,4.9946999999999999,31.1174,-14.456800000000001,43.0916,57.548400000000001,-4.1071999999999997,-733.71012829470669,54.574300000000001,54.576900000000002,2.5999999999999999E-3,3.4955000000000003,4.5201000000000002,1.0246,-668.99019999999996,377.36290000000002,1046.3531,0,0,0,-72.852500000000418,3138.6498999999999,3211.5024000000003,-11.782499999999999,204.9615,216.744,-23.4313,106.713481,15.270885559999988,-1.9152,-270.45999999999998,135.66740514529369,0,-1975.1824282947064,-2707.9161307447066,-732.73370245000012,237.85149999999999
2023-03,-2019.7326999999993,-746.91199999999935,5339.8041000000003,6086.7160999999996,-865.93569999999988,742.59270000000004,1608.5283999999999,-431.60940000000005,-409.13660000000004,51.453799999999987,460.59040000000005,0,234.5,214.49039999999999,11.6,-22.472799999999999,4.4550000000000001,26.927800000000001,24.724400000000003,75.3523,50.627899999999997,13.539,1854.5486483626032,38.110700000000001,38.153500000000001,4.2799999999999998E-2,-0.5230999999999999,2.7694000000000001,3.2925,-490.80590000000001,497.51119999999997,988.31709999999998,2672.2722184612676,5382.7993188315477,2710.5271003702801,317.2773000000002,3834.9609,3517.6835999999998,-4.0850999999999829,234.14660000000001,238.23169999999999,-437.34129999999999,220.322304,30.137119340000034,-6.6025,-0.1,-484.11309343866463,0,-151.64505163739602,350.65476862260402,502.29982026000005,289.99509999999998
2023-04,71.388500000000249,902.63860000000022,6299.4342999999999,5396.7956999999997,-505.88919999999996,641.91269999999997,1147.8018999999999,-309.98649999999998,-297.09179999999998,42.876199999999997,339.96799999999996,0,139,200.96799999999999,0,-12.8947,2.9676999999999998,15.862399999999999,-15.374399999999994,41.193600000000004,56.567999999999998,0.40479999999999999,-4091.485400365254,59.0595,59.062100000000001,2.5999999999999999E-3,-0.38389999999999969,3.8914,4.2752999999999997,-478.31359999999995,484.96910000000003,963.28269999999998,-2667.5547500000498,0,2667.5547500000498,52.944499999999607,3243.7313999999997,3190.7869000000001,-404.95149999999995,210.5881,615.53959999999995,-31.276199999999999,84.808761000000004,6.8812415600000021,-114.693778619982,-113,-485.00567430522193,0,-4019.6921003652537,-4058.7266043324998,-39.034503967246252,215.1343
2023-05,776.0988999999995,2363.3625999999995,8245.6795999999995,5882.317,-429.77419999999984,697.78269999999998,1127.5568999999998,-1169.4296000000002,-1126.1093000000001,38.677399999999999,1164.7867000000001,741.6,183.5,239.6867,0,-43.320299999999996,4.6639999999999997,47.984299999999998,11.940100000000001,61.295400000000001,49.3553,6.306,-2191.0949839625014,54.048900000000003,54.106900000000003,5.8000000000000003E-2,-0.75199999999999978,2.2795000000000001,3.0314999999999999,-478.46620000000001,398.9418,877.40800000000002,0,0,0,-90.573560209969855,3210.8804397900303,3301.4540000000002,-85.417599999999993,177.0727,262.49029999999999,-185.58269999999999,-634.61254899999994,18.631446560000004,-759.23225548018002,-0.4,-28.738465832351782,0,-1408.6900839625018,-1999.9364470325017,-591.24636307000003,237.3261
2023-06,-1711.5630000000006,-921.05160000000069,5209.3459999999995,6130.3976000000002,-363.1543999999999,674.86120000000005,1038.0155999999999,-426.23149999999998,-400.08879999999999,41.531499999999994,441.62029999999999,0,178.4,261.4203,1.8,-26.142699999999998,4.9371,31.079799999999999,-1.1254999999999953,47.295200000000001,48.420699999999997,-3.4596,-2915.0424896385966,223.89009999999999,223.90479999999999,1.47E-2,-3.8910999999999998,2.9272,6.8182999999999998,-142.24220000000003,785.66840000000002,927.91060000000004,-2682.6506075089101,0,2682.6506075089101,288.91010000000006,3508.0355,3219.1253999999999,-3.2503999999999849,241.68090000000001,244.93129999999999,-163.3467,279.67186299999997,12.60546099000001,-269.94285358004498,-1.5,-453.29615253964158,0,-4630.0650896385969,-5075.4007761185967,-445.33568647999994,287.57049999999998
2023-07,-644.82930000000079,984.5032999999994,5563.8086999999996,4579.3054000000002,-329.59949999999992,652.94230000000005,982.54179999999997,-1311.5545000000002,-1260.0114000000001,234.14159999999998,1494.153,0,153.10000000000002,318.24299999999999,1022.8100000000001,-51.543099999999995,4.0571999999999999,55.600299999999997,11.821399999999997,57.089599999999997,45.2682,4.8346999999999998,-3675.5202857628674,45.102699999999999,45.104700000000001,2E-3,0.15359999999999996,1.8013999999999999,1.6477999999999999,-317.39850000000001,462.13499999999999,779.5335,-2657.1055679042602,0,2657.1055679042602,1089.2502000000013,4690.6755000000012,3601.4252999999999,-199.93099999999993,427.63170000000002,627.56269999999995,-465.21899999999999,-782.33495700000003,42.624670039999991,-186.021691270052,-0.1,-244.54073962855622,0,-4315.5148857628683,-3833.9842986599979,481.53058710287036,270.63170000000002
2023-08,-371.79490857476685,1292.2930000000001,5387.7546000000002,4095.4616000000001,-412.23820000000012,665.76660000000004,1078.0048000000002,-1250.5653085747667,-1239.4816085747668,16.353299999999997,1255.8349085747668,777.31580857476695,93.4,385.1191,0,-11.0837,3.6688000000000001,14.7525,-1.284399999999998,47.448599999999999,48.732999999999997,2.3323999999999998,4408.6287059677634,69.309600000000003,69.357799999999997,4.82E-2,-0.64659999999999984,1.2415,1.8880999999999999,-500.99549999999999,530.59950000000003,1031.595,6405.6299999687599,7320.7,915.07000003124006,-753.58332329999439,3777.6648,4531.2481232999944,-93.356899999999996,315.80549999999999,409.16239999999999,248.74,339.33498600000001,17.99633122000003,-869.66618408992292,-1.2,-452.9337038310789,0,4039.1661973929968,3726.5189892129965,-312.64720818000001,248.23410000000001
2023-09,511.14969999999983,1406.3941,5412.5133999999998,4006.1192999999998,-460.51660000000015,554.49659999999994,1015.0132000000001,-424.9255,-411.84300000000002,21.500700000000005,433.34370000000001,0,271.7,150.1437,11.5,-13.082500000000001,3.3668,16.449300000000001,-9.8023000000000025,29.8827,39.685000000000002,8.6748999999999992,-1132.3107187979977,85.392700000000005,85.880200000000002,0.48749999999999999,11.7897,16.559000000000001,4.7693000000000003,-445.02689999999996,334.59320000000002,779.62009999999998,0,0,0,-141.29819999999972,3198.1669000000002,3339.4650999999999,-86.128100000000018,346.2561,432.38420000000002,-275.78769999999997,425.80129199999999,21.949004070000001,-654.26400158004708,-93.5,18.761486712048963,0,-612.48611879799796,-893.78611879799791,-281.3,282.08569999999997
2023-10,-313.05979999999954,854.32100000000037,3594.7274000000002,2740.4063999999998,-752.5012999999999,508.10770000000002,1260.6089999999999,-372.6096,-356.01049999999998,12.9053,368.91579999999999,0,187.49999999999997,181.41579999999999,0,-16.5991,2.9531000000000001,19.552199999999999,-42.2699,30.2395,72.509399999999999,-5.6300999999999997,-4254.1183701530044,91.07,91.307299999999998,0.23730000000000001,1.4279999999999999,5.4715999999999996,4.0435999999999996,-627.94219999999996,415.76260000000002,1043.7048,-1793.0939000000001,0,1793.0939000000001,41.082300000000032,3424.9364,3383.8541,-114.51979999999998,197.8485,312.36829999999998,-306.9101,73.290980000000005,-10.43487625999999,-1276.0911850100499,-112.2,-219.79758888295405,0,-4572.8082701530038,-4365.8220674730037,206.9862026800001,356.74549999999999
2023-11,46.798900000000003,1982.4961999999998,3593.8164999999999,1611.3203000000001,-678.13980000000004,530.76689999999996,1208.9067,-1255.5969,-1229.8375000000001,10.582900000000002,1240.4204000000002,797.64,208.57,233.5104,0.7,-25.759399999999999,3.5710999999999999,29.330500000000001,-1.9605999999999995,26.716200000000001,28.6768,-5.2969999999999997,-1630.7687794006968,49.904500000000006,99.906400000000005,50.001899999999999,-3.4635999999999996,1.7492000000000001,5.2127999999999997,-553.46430000000009,357.32589999999999,910.79020000000003,-795.93,0,795.93,160.53449497208339,3527.3039020499946,3366.7694070779112,3.7711000000000183,246.45930000000001,242.68819999999999,-623.35590000000002,-89.528771000000006,16.248380859999983,49.320344739983,-1.7350000000000001,156.92997102723683,0,-1589.2668794006968,-1045.7569311606967,543.50994824000009,318.95650000000001
2023-12,2962.4778999999999,3381.3581999999997,4104.4962999999998,723.13810000000001,-19.643599999999992,548.02459999999996,567.66819999999996,-387.26049999999998,-375.07159999999999,20.377699999999997,395.44929999999999,0,167.7,225.94929999999999,1.8,-12.1889,3.3601000000000001,15.548999999999999,-11.976199999999999,31.161000000000001,43.1372,0.28589999999999999,-1524.9580098342026,89.952999999999989,90.554599999999994,0.60160000000000002,-4.3899999999999828E-2,2.3841000000000001,2.4279999999999999,-473.80349999999999,271.57979999999998,745.38329999999996,-918.84985391997702,0,918.84985391997702,216.60149999999976,1252.4344999999998,1035.8330000000001,327.94410000000005,422.06130000000002,94.117199999999997,-839.65030000000002,-1484.009393,15.705890029999999,1.845,-1.3552000000000002,1540.7046470557746,0,1437.8057901657971,1559.9557901657972,122.15,293.22410000000002
2024-01,2344.0177999999996,3879.0268999999998,4947.4182000000001,1068.3913,83.845600000000104,684.04830000000004,600.20269999999994,-1625.2273,-1608.3721,405.40319999999997,2013.7753,0,168.1,304.9753,1540.7,-16.855199999999996,2.9794,19.834599999999998,6.3725999999999985,32.618499999999997,26.245899999999999,20.322800000000001,2370.2294041025598,45.099799999999995,45.100499999999997,6.9999999999999999E-4,3.8809999999999998,5.2641999999999998,1.3832,144.65560000000005,811.995,667.33939999999996,2710.1194999999998,4654.58,1944.4604999999999,-449.79090000000042,2033.3038999999999,2483.0948000000003,-22.209699999999998,151.84989999999999,174.05959999999999,-664.02200000000005,397.00017200000002,5.4328245499999994,-6.0061999999999998,-30.9,236.96930755256054,0,4734.5700041025593,4568.3567011025589,-166.21330300000011,144.30760000000001
2024-02,1575.2705000000001,3058.8145999999997,4747.0789999999997,1688.2644,-232.26479999999992,593.31870000000004,825.58349999999996,-1264.0959999999998,-1253.8184999999999,29.534099999999999,1283.3525999999999,776.1,107.89999999999999,399.3526,0,-10.2775,3.1463000000000001,13.4238,12.816699999999997,32.051699999999997,19.234999999999999,12.9129,-2487.2194744666017,59.071199999999997,59.071899999999999,6.9999999999999999E-4,1.4896999999999996,4.9878999999999998,3.4982000000000002,-486.06710000000004,510.30919999999998,996.37630000000001,0,0,0,-1776.0279000000003,2000.6508999999999,3776.6788000000001,94.486000000000004,187.68010000000001,93.194100000000006,-140.03809999999999,-95.615230999999994,3.287228670000002,12.3956,0,-160.20087213660116,0,-899.03607446660169,-951.13607446660171,-52.1,147.14359999999999
2024-03,1803.7894999999996,2424.1558999999997,5018.0695999999998,2593.9137000000001,-157.65390000000002,621.14760000000001,778.80150000000003,-462.45670000000001,-450.94159999999999,29.107700000000001,480.04930000000002,0,347.59999999999997,121.3493,11.1,-11.5151,4.0030000000000001,15.5181,-0.25580000000000069,25.8489,26.104700000000001,4.0148999999999999,-1565.2043999999996,59.770199999999996,59.771099999999997,8.9999999999999998E-4,2.0382999999999996,4.1757999999999997,2.1375000000000002,558.66449999999986,1265.6987999999999,707.03430000000003,0,0,0,-1357.9985999999999,1072.5817999999999,2430.5803999999998,138.44980000000001,216.52780000000001,78.078000000000003,-548.86850000000004,330.23586399999999,8.1296698700000007,-52.287399999999998,0,-703.33823386999984,0,242.6,436.7,194.1,126.2324
2024-04,2276.6730000000002,2737.2290000000003,5895.8055000000004,3158.5765000000001,-182.56460000000004,745.23910000000001,927.80370000000005,-290.10879999999997,-276.02719999999999,36.150199999999998,312.17739999999998,0,149.19999999999999,162.97739999999999,0,-14.0816,3.2233000000000001,17.3049,12.1174,35.385100000000001,23.267700000000001,-1.2629999999999999,-2011.6100000000004,56.6721,56.673200000000001,1.1000000000000001E-3,8.1480999999999995,9.9520999999999997,1.804,640.07170000000008,1613.9599000000001,973.88819999999998,-1926.89270270008,0,1926.89270270008,-469.59719999999999,119.8571,589.45429999999999,130.48830000000004,258.19670000000002,127.7084,-476.09410000000003,279.61272100000002,17.38,-48.753399999999999,-7.8,-214.84551829992017,0,263.79999999999995,451.4,187.6,119.7672
2024-05,1160.8640000000003,2708.0803000000001,6451.6530000000002,3743.5727000000002,-387.93539999999985,746.23,1134.1653999999999,-1179.8206,-1170.2148999999999,30.819600000000001,1201.0345,796,200.29999999999995,203.43450000000001,1.3,-9.6056999999999988,4.9905999999999997,14.596299999999999,20.5397,47.689900000000002,27.150200000000002,10.8902,-154.91727470049864,147.85499999999999,151.8561,4.0011000000000001,2.5617000000000001,5.6600999999999999,3.0983999999999998,199.81920000000014,1034.1545000000001,834.33529999999996,0,0,0,-42.648799999999994,327.89949999999999,370.54829999999998,93.787700000000001,208.7251,114.9374,-440.43680000000001,-111.987088,14.37,-47.033700000000003,-3.5,32.295513299501188,0,1016.8369252995017,1085.3916129595018,68.554687660000155,128.93729999999999
2024-06,-223.36470000000008,794.63799999999992,4930.7226000000001,4136.0846000000001,-367.92959999999994,671.97190000000001,1039.9014999999999,-533.4271,-423.22119999999995,29.615900000000003,452.83709999999996,0,169.09999999999997,282.2371,1.5,-110.2059,2.5855000000000001,112.7914,-116.64600000000002,31.729199999999999,148.37520000000001,3.1661999999999999,633.65196692069594,74.16340000000001,74.224500000000006,6.1100000000000002E-2,-3.4642999999999997,4.5228999999999999,7.9871999999999996,-135.93269999999995,682.15880000000004,818.0915,790.57199999737497,790.57199999737497,0,-168.12909999999994,272.92590000000001,441.05499999999995,133.40800000000002,200.4298,67.021799999999999,-387.62490000000003,-218.860094,-0.82305763000000087,-15.9217,-32.5,598.76441855332087,0,413.45346692069592,357.96015170069586,-55.493315220000042,120.2912
2024-07,-1793.5089000000007,551.15779999999995,5890.8104999999996,5339.6526999999996,-566.41420000000016,739.50189999999998,1305.9161000000001,-1795.3772000000004,-1778.0206000000003,122.9624,1900.9830000000002,0,212.70000000000002,313.78300000000002,1374.5,-17.3566,4.9625000000000004,22.319099999999999,17.124699999999997,41.632399999999997,24.5077,10.916600000000001,-919.70769999999902,49.002899999999997,49.004199999999997,1.2999999999999999E-3,-2.6677,4.4341999999999997,7.1018999999999997,-52.937000000000012,970.32230000000004,1023.2593000000001,-646.29999999999995,0,646.29999999999995,289.32839999999851,18594.454999999998,18305.1266,162.32859999999999,250.4649,88.136300000000006,-647.32420000000002,251.64351199999999,-2.8230467699999959,-326.4307,-1226.4000000000001,1232.8715347700027,0,-2702.2999999999997,-2620.1,82.2,148.09979999999999
2024-08,-1268.8185000000008,575.80129999999917,5599.9709999999995,5024.1697000000004,-613.9840999999999,701.76189999999997,1315.7459999999999,-1243.3251,-1233.2202,18.210300000000004,1251.4304999999999,784.8,95.3,371.23050000000001,0.1,-10.104900000000001,5.4218000000000002,15.5267,12.689399999999999,40.1252,27.4358,-7.9088000000000003,1050.5273000000007,90.066099999999992,91.142799999999994,1.0767,-22.452999999999999,3.3765000000000001,25.829499999999999,236.90380000000005,1415.5418999999999,1178.6380999999999,0,0,0,474.15950000000009,872.77640000000008,398.61689999999999,447.72590000000002,541.48680000000002,93.760900000000007,-482.29,-107.039303,3.8666892399999946,-153.6591,-0.2,563.44671376000042,0,-226.20000000000005,317,543.20000000000005,173.90010000000001
2024-09,-699.63529999999946,528.26510000000053,5538.9192000000003,5010.6540999999997,-650.15129999999999,665.22569999999996,1315.377,-587.7571999999999,-576.56649999999991,20.153199999999998,596.71969999999988,0,310.09999999999997,231.31970000000001,55.3,-11.1907,3.9218999999999999,15.1126,10.008100000000002,35.473100000000002,25.465,-3.2654999999999998,660.9077250600011,68.556899999999999,69.123599999999996,0.56669999999999998,-13.519600000000001,4.8959000000000001,18.415500000000002,405.39840000000027,2172.4133000000002,1767.0148999999999,0,0,0,-419.33080000000007,329.06299999999999,748.39380000000006,581.50070000000005,679.19820000000004,97.697500000000005,-867.98879999999997,-10719.416067,11.231155189999997,-119.453,-445.20000000000101,12179.128836870001,0,-41.993074939998337,453.63256715000171,495.62564209000004,152.19589999999999
2024-10,-1580.9254000000001,744.47350000000006,6292.2807000000003,5547.8072000000002,-743.96170000000006,804.01919999999996,1547.9809,-1599.3949,-1589.5078000000001,18.439399999999999,1607.9472000000001,0,169.79999999999998,177.6472,1260.5,-9.8871000000000002,5.2336999999999998,15.120799999999999,17.957700000000003,51.066800000000001,33.109099999999998,10.0204,3128.0657212689985,88.881,88.882400000000004,1.4E-3,-13.011200000000001,6.2706999999999997,19.2819,1029.5206999999998,2354.7503999999999,1325.2297000000001,0,0,0,-74.408199999999937,222.85740000000001,297.26559999999995,216.751,444.42099999999999,227.67,-516.59690000000001,-756.99237100000005,14.79642675,-202.6858,-166.7,3508.5110655189987,0,1557.1607212689985,1445.6732288489984,-111.48749242,148.59020000000001
2024-11,-911.01080000000047,713.95789999999943,5697.2736999999997,4983.3158000000003,-529.56410000000005,886.50909999999999,1416.0732,-1116.0152999999998,-1107.5197999999998,27.4634,1134.9831999999999,741.3,199.39999999999998,194.28319999999999,0,-8.4954999999999998,5.8422000000000001,14.3377,20.610699999999994,56.961599999999997,36.350900000000003,2.2921,2973.3609102816031,44.699999999999996,44.8,0.1,-27.985100000000003,4.9576000000000002,32.942700000000002,928.93979999999988,1852.8009999999999,923.86120000000005,0,0,0,555.16429999999991,921.6943,366.53000000000003,112.63210000000001,302.6386,190.00649999999999,-437.84989999999999,3909.2390310000001,9.341445180000008,-38.652700000000003,-2.7,-2079.4680658983966,0,2064.6422102816027,1596.1581344216029,-468.48407585999996,165.19139999999999
2024-12,-1113.8355000000004,-38.66110000000026,5886.8784999999998,5925.5396000000001,-526.22870000000012,996.93859999999995,1523.1673000000001,-523.35919999999999,-508.10520000000002,71.424199999999999,579.52940000000001,0,158.6,397.02940000000001,23.900000000000002,-15.254000000000001,6.4785000000000004,21.732500000000002,-25.586499999999994,58.6188,84.205299999999994,6.3124000000000002,777.3231000000003,-694.87059999999997,116.23779999999999,811.10839999999996,-12.344199999999999,7.0189000000000004,19.363099999999999,2047.6461999999999,3693.2561999999998,1645.61,0,0,0,1421.0898,1754.356,333.26620000000003,224.42339999999999,372.7482,148.32480000000001,-287.91340000000002,1511.5732049999999,9.812596469999999,-447.25830000000002,-170.2,-2824.63560147,0,-330.2,-574.4,-244.2,156.3272
2025-01,-1544.8526000000006,425.08929999999964,6613.8744999999999,6188.7852000000003,-1187.3000000000002,1048.6174000000001,2235.9174000000003,-799.57429999999999,-786.4837,170.72200000000001,957.20569999999998,0,169.4,314.8057,473,-13.090600000000002,5.2076000000000002,18.298200000000001,16.932400000000001,40.7333,23.800899999999999,5.4257999999999997,-286.28199977696863,-178.38910000000001,91.999200000000002,270.38830000000002,-13.355699999999999,6.7115999999999998,20.067299999999999,1486.6129000000001,3635.2235000000001,2148.6106,0,0,0,768.2177999999999,1128.5537999999999,360.33600000000001,129.6232,302.61509999999998,172.99189999999999,-318.9873,2218.6155880000001,-2.171261690000005,-983.7704,-2892.7,-499.9777260869684,0,-1825.7087997769693,-1330.5150602469694,495.19373952999996,178.161
2025-02,-1230.5871124507648,869.0646999999999,5669.4953999999998,4800.4306999999999,-1037.6761000000001,869.66369999999995,1907.3398,-1047.3267124507647,-1036.6665124507647,33.072500000000005,1069.7390124507647,593.36741245077405,103.89999999999999,350.47160000000002,21.9999999999906,-10.6602,4.8992000000000004,15.5594,-14.649000000000001,38.973199999999999,53.622199999999999,21.798999999999999,973.53719923176209,-1048.6458,70.467799999999997,1119.1135999999999,-2.9635999999999996,9.5844000000000005,12.548,2296.5536999999999,4828.3991999999998,2531.8454999999999,0,0,0,-93.638300000000015,124.274,217.91230000000002,238.7098,384.8938,146.184,-101.5316,1967.3292140000001,-0.67161049000000206,-487.30175848502,-208,-1586.3028457932182,0,-235.2509132190028,-192.45389930900274,42.797013910000068,248.33109999999999
2025-03,-1674.3498000000004,-456.09500000000025,5295.9324999999999,5752.0275000000001,-799.17420000000004,933.66549999999995,1732.8397,-425.33670000000001,-410.8999,30.8705,441.7704,0,246.5,183.87039999999999,11.4,-14.436799999999998,4.9157000000000002,19.352499999999999,6.2561000000000035,43.006900000000002,36.750799999999998,-1.1140000000000001,-1891.6276788102018,97.088200000000001,97.100700000000003,1.2500000000000001E-2,-7.1430999999999996,7.8167999999999997,14.959899999999999,355.08759999999984,2023.0916999999999,1668.0041000000001,0,0,0,-519.78150000000005,127.80810000000001,647.58960000000002,162.9119,281.62810000000002,118.7162,-446.62630000000001,-1134.3559519999999,52.423322540000001,-211.60359399999999,-166.9,-72.728255350201763,0,-3567.0914788102023,-3130.9819127602022,436.10956604999996,245.3837
2025-04,-458.97659999999973,1213.5239000000001,7121.4031999999997,5907.8792999999996,-1160.5135,878.95709999999997,2039.4705999999999,-527.70009999999991,-519.63379999999995,23.151600000000002,542.78539999999998,0,158,212.78540000000001,172,-8.0663000000000018,7.0423999999999998,15.108700000000001,15.713100000000001,41.755600000000001,26.0425,7.0426000000000002,14002.840894703701,-658.67079999999999,141.6831,800.35389999999995,-23.2027,7.3528000000000002,30.555499999999999,622.08449999999993,2514.8546999999999,1892.7701999999999,12396.375508571899,12396.375508571899,0,1303.3072,1510.2662,206.959,-2020.9866999999999,491.91930000000002,2512.9059999999999,-403.0829,2861.9856580000001,148.51249815,-709.78446875999998,-154,640.30309874180102,0,13550.906894703701,13941.920658043702,391.0137633400002,224.16130000000001
2025-05,-149.27430000000004,1811.4047,7960.6035000000002,6149.1988000000001,-938.92669999999998,990.41229999999996,1929.3389999999999,-1029.1523,-1010.9058,17.733699999999999,1028.6395,612.20000000000005,204.6,211.83949999999999,0,-18.246500000000001,5.5202,23.7667,7.4000000000000057,42.107100000000003,34.707099999999997,7.2313999999999998,-2053.5778537419978,109.3625,109.4145,5.1999999999999998E-2,-2.3041999999999998,9.5329999999999995,11.837199999999999,1330.4391000000001,3675.5023000000001,2345.0632000000001,0,0,0,479.65570000000008,843.32249999999999,363.66679999999991,-3225.9047,741.85910000000001,3967.7638000000002,336.23169999999999,-566.73868300000004,-1.69,74.0869,-35.6,-551.11617074199819,0,-2195.6207537419978,-2009.1207537419978,186.5,219.6806
2025-06,2158.1907000000006,3376.2264000000005,9121.1206000000002,5744.8941999999997,-744.19039999999995,1000.1623,1744.3526999999999,-465.11759999999998,-457.69739999999996,56.399600000000007,514.09699999999998,0,161.20000000000002,330.39699999999999,22.5,-7.4202000000000004,7.8143000000000002,15.234500000000001,-8.7276999999999987,44.610599999999998,53.338299999999997,13.048500000000001,744.88834778719911,153.86850000000001,154.11930000000001,0.25080000000000002,-205.23710000000003,10.755599999999999,215.99270000000001,1359.6528000000003,3720.6939000000002,2361.0410999999999,0,0,0,2210.0133999999998,2407.0852999999997,197.0719,-4051.0984999999996,881.83609999999999,4932.9345999999996,690.30840000000001,-1274.3889590000001,-31.9,-42.805700000000002,1160.5,775.97550678719858,0,2916.1275477871995,3053.4275477871997,137.30000000000001,213.18729999999999
2025-07,1104.5621000000001,3886.558,10175.2305,6288.6724999999997,-927.54829999999993,1076.0061000000001,2003.5544,-1863.7607000000003,-1831.5018000000002,169.05190000000002,2000.5537000000002,0,148.4,335.8537,1516.3000000000002,-32.258899999999997,8.8486999999999991,41.107599999999998,9.3130999999999986,51.397500000000001,42.084400000000002,29.107399999999998,-2164.8592425802981,155.31020000000001,155.33940000000001,2.92E-2,-59.811700000000002,8.7990999999999993,68.610799999999998,1657.6763000000001,4905.6025,3247.9261999999999,0,0,0,1152.2552000000001,1619.5007000000001,467.24549999999999,-5432.4059000000007,1044.9275,6477.3334000000004,442.798,543.97486900000001,593.56825664000007,79.359899999999996,-2441.6999999999998,1144.115631779702,0,-1031.1897425802977,-1106.5897425802978,-75.400000000000006,200.947
2025-08,-1133.0106000000003,845.28769999999986,6600.6212999999998,5755.3335999999999,-840.38679999999999,983.66869999999994,1824.0554999999999,-1164.2965000000002,-1149.9981000000002,81.203999999999994,1231.2021000000002,782.7,71.400000000000006,376.90210000000002,0.2,-14.298400000000001,4.7942999999999998,19.092700000000001,26.385000000000005,62.393500000000003,36.008499999999998,74.866799999999998,1701.8438000000003,183.0822,183.1225,4.0300000000000002E-2,-57.730800000000002,5.6669,63.3977,1708.4919000000009,5933.7790000000005,4225.2870999999996,2072.8000000000002,2072.8000000000002,0,42.664999999999964,747.34249999999997,704.67750000000001,-3188.0811999999996,1139.5811000000001,4327.6623,912.27809999999999,494.58419800000001,69.556992129999998,5.1177000000000001,-2.2000000000000002,-538.72029013000133,0,643.70000000000005,1120.2,476.5,229.755
2025-09,5510.1145083847614,7003.1344999999992,12853.142599999999,5850.0081,-1000.7503999999999,1100.3204000000001,2101.0708,-503.62469161523779,-495.5358916152378,51.037308384762099,546.57319999999993,0,244.6,267.57319999999999,34.4,-8.0888000000000009,8.3651999999999997,16.454000000000001,11.3551,48.309699999999999,36.954599999999999,10.415900000000001,-5587.4735832420665,-437.44330000000002,134.5797,572.02300000000002,-141.52160000000001,4.3472999999999997,145.8689,1424.4214000000002,4172.9227000000001,2748.5012999999999,0,0,0,-758.26499999999987,138.18879999999999,896.45379999999989,-6577.2429000000002,1181.6466,7758.8895000000002,588.42139999999995,-2095.3247059999999,113.12,25.935099999999998,-126.7,2397.1260227579323,0,-66.943174857305337,387.41665235269465,454.35982720999999,202.7517
2025-10,-2632.1547999999993,-673.14019999999982,5393.5382,6066.6783999999998,-1011.8913999999997,1044.6377,2056.5290999999997,-949.1860999999999,-940.15519999999992,94.157300000000021,1034.3125,0,216.89999999999998,535.71249999999998,281.70000000000005,-9.030899999999999,4.1021000000000001,13.132999999999999,2.0628999999999991,64.130600000000001,62.067700000000002,9.8987999999999996,1217.208756333197,124.34310000000001,124.9911,0.64800000000000002,1924.2891999999999,2040.0706,115.7814,492.07789999999977,3307.2157999999999,2815.1379000000002,0,0,0,528.13549999999998,775.4683,247.33280000000002,-5433.8719000000001,896.8655,6330.7374,1015.5653,929.80044399999997,7.83,-145.91910000000001,-19.100000000000001,1794.0583123331974,0,-1405.0472436668024,-991.97361763680237,413.07362603000001,209.62620000000001
2025-11,-1163.049,534.98319999999967,4888.1347999999998,4353.1516000000001,-558.63219999999978,1059.7298000000001,1618.3619999999999,-1130.7243999999998,-1122.7330999999999,148.53440000000001,1271.2674999999999,793.6,208.79999999999998,268.86750000000001,0,-7.991299999999999,5.3978000000000002,13.389099999999999,-8.6756000000000029,49.657299999999999,58.332900000000002,2.2665000000000002,1656.1848582191999,79.240799999999993,79.313199999999995,7.2400000000000006E-2,-57.335999999999999,32.069800000000001,89.405799999999999,1410.8377999999998,3783.0291999999999,2372.1914000000002,0,0,0,-719.50159999999994,109.5181,829.01969999999994,-1118.9926,1047.5308,2166.5234,-564.50900000000001,500.05068999999997,-9.0299999999999994,-70.879400000000004,0,2206.3041682192002,0,495.40235821919993,953.67444906919991,458.27209084999998,176.44200000000001
2025-12,-1564.6217000000001,426.10220000000027,6117.7262000000001,5691.6239999999998,-771.37260000000015,1343.5924,2114.9650000000001,-1243.3454000000002,-1003.5986,55.891300000000022,1059.4899,0,157.1,878.68989999999997,23.7,-239.74680000000001,6.2992999999999997,246.0461,23.994100000000003,62.979900000000001,38.985799999999998,0.61609999999999998,1505.2680616852576,139.41670000000002,141.01920000000001,1.6025,-85.009399999999999,12.0052,97.014600000000002,1265.3451,3446.5032999999999,2181.1581999999999,0,0,0,1607.6133,4294.1180999999997,2686.5047999999997,-1822.3377,1301.6886,3124.0263,487.08629999999999,-1157.952552,130.4,-73.339200000000005,-149.20000000000005,1163.2455136852575,0,-58.737538314742551,759.02246168525744,817.76,187.86410000000001
2026-01,-980.98559999999952,2014.0155999999997,6814.1388999999999,4800.1233000000002,-945.59659999999985,1337.0994000000001,2282.6959999999999,-2069.2290999999996,-2059.1470999999997,196.51310000000001,2255.6601999999998,0,163.1,399.2602,1693.3,-10.082000000000001,6.0456000000000003,16.127600000000001,19.8245,58.643999999999998,38.819499999999998,12.1457,3209.0170057913879,196.94030000000001,197.3527,0.41239999999999999,-16.676600000000001,27.7712,44.447800000000001,2029.5362,4673.2570999999998,2643.7208999999998,0,0,0,2750.1043,3495.5,745.39570000000003,-2729.5914000000002,979.80460000000005,3709.3960000000002,264.7561,1741.2728529999999,293.39155851999999,-35.217799999999997,-2457.5,1172.0014942713876,0,2240.1771057913884,3408.1546527413884,1167.97754695,209.9247
2026-02,-115.48779999999988,1958.7067999999999,6006.6289999999999,4047.9222,-740.98759999999993,1132.2378000000001,1873.2254,-1321.6699000000001,-1224.9609,56.377499999999998,1281.3384000000001,786.1,102.99999999999999,392.23840000000001,0,-96.709000000000003,3.6734,100.3824,-11.537099999999995,41.471800000000002,53.008899999999997,11.5441,198.48065479820099,209.38939999999999,226.15549999999999,16.766100000000002,-23.077600000000004,67.754999999999995,90.832599999999999,1729.3290999999995,4412.7007999999996,2683.3717000000001,0,0,0,-439.97550000000001,2598.1,3038.0754999999999,-2131.1277,948.71320000000003,3079.8409000000001,-345.50729999999999,-264.40973000000002,675.57623016999992,-94.709800000000001,248,634.99355462820176,0,94.536954798201123,1062.4596276082011,967.92267280999999,222.97190000000001
2026-03,-102.81199999999967,1737.4548000000004,7329.4312,5591.9763999999996,-521.52510000000007,1312.8853999999999,1834.4105,-1335.2864,-459.05949999999996,88.925200000000004,547.98469999999998,0,232.69999999999996,288.18470000000002,27.1,-876.2269,5.8196000000000003,882.04650000000004,16.544699999999999,54.491199999999999,37.9465,18.760999999999999,-2240.7612123103022,160.77720000000002,160.84960000000001,7.2400000000000006E-2,8.4880999999999958,45.936399999999999,37.448300000000003,1748.4270000000001,3677.1880000000001,1928.761,0,0,0,-871.33860000000004,2064.2044000000001,2935.5430000000001,-1782.0309000000002,1172.9178999999999,2954.9488000000001,311.48059999999998,-1636.1285929999999,310.74,-64.333399999999997,-328.9,-97.942619310302234,0,-2324.8122123103017,-3513.5270216103017,-1188.7148093000001,228.7946
2026-04,1583.599899999999,2945.653299999999,8325.6741999999995,5380.0209000000004,-673.71929999999998,1340.2927,2014.0119999999999,-698.05220000000008,-324.37720000000002,127.63910000000001,452.0163,0,211.60000000000002,240.41630000000001,0,-373.67500000000001,4.9462999999999999,378.62130000000002,9.7180999999999997,49.320399999999999,39.6023,1.0661,797.21929799520854,145.2928,145.36760000000001,7.4800000000000005E-2,-33.3399,49.979900000000001,83.319800000000001,2115.3176999999996,4130.5012999999999,2015.1836000000001,0,0,0,-650.38720000000012,1608.1208000000001,2258.5080000000003,-2363.4515999999999,1171.3166000000001,3534.7682,-178.9211,1308.0006080000001,266.00872092999998,-469.66210000000001,1252,-593.63863093479108,0,2381.8852979952076,2463.7852979952077,81.900000000000006,198.2704
2026-05,1877.0171999999989,4321.8406999999988,9297.3205999999991,4975.4799000000003,-801.78279999999995,1248.8474000000001,2050.6302000000001,-1642.088,-1158.2757999999999,212.99439999999998,1371.2701999999999,759.4,196.5,415.37020000000001,0,-483.81220000000002,5.9661,489.7783,-0.9527000000000001,54.915500000000002,55.868200000000002,6.4166999999999996,1762.5069351349905,-797.72859999999991,162.19730000000001,959.92589999999996,-36.262900000000002,77.945099999999996,114.208,2201.1055000000001,4722.6977999999999,2521.5922999999998,1043,1043,0,-819.63799999999992,870.7,1690.338,-1886.4481999999998,953.22760000000005,2839.6758,-235.34280000000001,1237.5611289999999,396.54486010399995,-349.19439999999997,1039.8,-30.889653969009316,0,3645.9408351349894,3677.6408351349892,31.7,215.0574
2026-06,856.86859999999979,3017.8836999999994,9437.6525999999994,6419.7689,-626.65249999999992,1272.2714000000001,1898.9239,-1566.9751999999999,-544.43309999999997,81.741100000000003,626.17419999999993,0,146.30000000000001,420.57420000000002,59.3,-1022.5421,6.5782999999999996,1029.1204,32.6126,104.527,71.914400000000001,9.8693000000000008,-3191.3527347188947,-45.149400000000014,128.55289999999999,173.70230000000001,-123.48310000000001,78.654300000000006,202.13740000000001,960.81370000000015,3907.1170000000002,2946.3033,0,0,0,-730.85720000000015,121.40559999999999,852.26280000000008,-2064.518,1043.4888000000001,3108.0068000000001,308.03989999999999,-2457.7117750000002,265.174018563,-244.24610000000001,-397.12799792999999,1337.7132196481061,0,-2324.6148347188951,-3323.2745176288954,-998.65968291000024,204.29939999999999
2026-07,413.11589999999887,4077.2766999999994,10073.8038,5996.5271000000002,-900.18300000000045,1333.2103999999999,2233.3934000000004,-2771.9284000000002,-2308.7394000000004,271.23379999999997,2579.9732000000004,0,177.49999999999997,554.3732,1848.1000000000001,-463.18900000000002,6.9965999999999999,470.18560000000002,7.9505999999999943,66.206599999999995,58.256,14.783899999999999,2190.6088358358993,40.464100000000002,111.7872,71.323099999999997,3113.0654999999997,3198.5502999999999,85.484800000000007,965.75720000000001,3489.0846000000001,2523.3274000000001,0,0,0,2882.4160000000002,3333.5010000000002,451.08499999999998,-3143.2822999999999,951.86429999999996,4095.1466,-3015.768,1229.7874919999999,845.35737579750003,-210.72450000000001,-1564.9999999999998,1048.5359680383988,0,2618.5086358358981,2728.9843587658979,110.47572293000005,222.35650000000001
