mes,mlc001,mlc002,mlc003,mlc004,mlc005,mlc006,mlc007,mlc008,mlc009,mlc010,mlc011,mlc012,mlc013,mlc014,mlc015,mlc016,mlc017,mlc018,mlc019,mlc020,mlc021,mlc022,mlc023,mlc024,mlc025,mlc026,mlc027,mlc028,mlc029,mlc030,mlc031,mlc032,mlc033,mlc034,mlc035,mlc036,mlc037,mlc038,mlc039,mlc040,mlc041,mlc042,mlc043,mlc044,mlc045,mlc046,mlc047,mlc048,mlc049,mlc050,mlc051,mlc052,mlc053,mlc054,mlc055,mlc056,mlc057,mlc058,mlc059,mlc060,mlc061,mlc062,mlc063,mlc064,mlc065,mlc066,mlc067,mlc068,mlc069,mlc070,mlc071,mlc072,mlc073,mlc074,mlc075,mlc076,mlc077,mlc078,mlc079,mlc080,mlc081,mlc082,mlc083,mlc084,mlc085,mlc086,mlc087,mlc088,mlc089,mlc090,mlc091,mlc092,mlc093,mlc094,mlc095,mlc096,mlc097,mlc098,mlc099,mlc100,mlc101
2003-01,622.84,850.69579999999996,1128.9962,1935.2896000000001,1306.2112,373.17930000000001,15.1089,237.97710000000001,2.8130000000000002,-806.29340000000002,-167.09739999999999,-64.412099999999995,-574.78380000000004,-31.889099999999999,262.92309999999998,74.880399999999995,70.740300000000005,2.7389999999999999,1.1011,30.8216,32.419400000000003,0.93479999999999996,11.2447,1.5622,5.4375,4.3952999999999998,0.46810000000000002,4.5674999999999999,4.2435,17.367699999999999,0,-294.81220000000002,-29.2624,-48.985900000000001,-12.407500000000001,-18.185700000000001,-15.4259,-42.357199999999999,-25.3733,-4.9473000000000003,-17.6495,-9.2308000000000003,-0.2515,-6.5209999999999999,-40.789900000000003,-2.9438,-20.480399999999999,0,-263.08890000000002,10.8134,5.6105999999999998,4.7827000000000002,0.42009999999999997,0,-273.90230000000003,-205.19220000000001,-68.710099999999997,0,0,16.677600000000002,54.172899999999998,-37.4953,0,0,0,-227.85589999999999,80.469800000000006,82.615499999999997,44.127400000000002,0,38.488100000000003,-2.1457000000000002,0,0,-2.1457000000000002,-30.769500000000001,487.95839999999998,1.4723999999999999,486.48599999999999,0,0,-518.72789999999998,-41.669499999999999,-477.05840000000001,0,0,-254.6661,565.97310000000004,451.95699999999999,0,114.01609999999999,-820.63919999999996,-687.34590000000003,-0.79869999999999997,-132.49459999999999,-5.9040999999999997,0,0,-16.986000000000001,0,0
2003-02,447.97770000000003,733.3845,868.41120000000001,1634.9464,1087.1423,330.6499,22.122,189.28059999999999,5.7516999999999996,-766.53520000000003,-188.9187,-53.366199999999999,-524.25019999999995,-6.5118,191.91329999999999,58.894399999999997,49.056800000000003,3.2397,2.3020999999999998,18.473299999999998,22.7807,0.5262,12.1496,1.2889999999999999,8.4072999999999993,1.1540999999999999,0.41070000000000001,2.2433999999999998,2.8134000000000001,8.1724999999999994,0,-198.42509999999999,-32.110500000000002,-32.351399999999998,-7.1721000000000004,-13.345800000000001,-8.7364999999999995,-34.713299999999997,-15.583,-4.2234999999999996,-19.339400000000001,-6.9532999999999996,-0.12920000000000001,-3.0699000000000001,-4.2126000000000001,-1.9071,-14.577500000000001,0,-144.54050000000001,3.3300999999999998,1.1288,1.883,0.31830000000000003,0,-147.8706,-118.1187,-29.751899999999999,0,0,16.025600000000001,36.403300000000002,-20.377700000000001,-1.4E-3,0,-1.4E-3,-285.40539999999999,61.677999999999997,64.031700000000001,34.641800000000003,0,29.389900000000001,-2.3536999999999999,0,0,-2.3536999999999999,-22.072900000000001,345.47660000000002,1.2585999999999999,344.21800000000002,0,0,-367.54950000000002,-32.304000000000002,-335.24549999999999,0,0,-326.94549999999998,484.71339999999998,391.13339999999999,0,93.58,-811.65890000000002,-641.40779999999995,-24.224399999999999,-146.02670000000001,-2.5489999999999999,0,0,4.484,0,0
2003-03,330.42649999999998,848.75900000000001,958.69399999999996,1851.4801,1235.6840999999999,403.98099999999999,16.8125,192.3194,2.6831,-892.78610000000003,-207.5044,-90.368700000000004,-594.91300000000001,-12.4688,228.0018,65.278499999999994,59.069600000000001,4.1432000000000002,1.7191000000000001,26.816199999999998,24.552900000000001,0.59179999999999999,11.6821,6.1548999999999996,7.6414,2.1655000000000002,0.67110000000000003,2.6139999999999999,3.3628,11.5387,0,-240.47059999999999,-26.9,-51.884300000000003,-9.5223999999999993,-19.338999999999999,-16.5776,-44.407600000000002,-17.785299999999999,-4.9592000000000001,-13.1958,-7.3109999999999999,-0.19520000000000001,-2.9150999999999998,-6.9005000000000001,-3.0266000000000002,-15.5511,0,-112.79770000000001,15.548299999999999,6.8250000000000002,8.2103000000000002,0.51300000000000001,0,-128.346,-96.887600000000006,-31.458400000000001,0,0,15.3315,38.095799999999997,-22.764299999999999,-0.13189999999999999,0,-0.13189999999999999,-518.20069999999998,59.464799999999997,61.364400000000003,39.8354,0,21.529,-1.8996,0,0,-1.8996,-21.889099999999999,596.09069999999997,5.7599999999999998E-2,596.03309999999999,0,0,-617.97979999999995,-32.621000000000002,-585.35879999999997,0,0,-603.428,575.02080000000001,459.59440000000001,0,115.4264,-1178.4487999999999,-744.87099999999998,-1.6777,-431.90010000000001,0.93869999999999998,0,0,46.712899999999998,0,0
2003-04,335.59410000000003,849.57039999999995,1134.7327,2103.9391999999998,1215.6500000000001,578.83489999999995,29.8916,275.86739999999998,3.6953,-969.20650000000001,-206.24950000000001,-115.21720000000001,-647.73979999999995,-67.044799999999995,217.82169999999999,62.319400000000002,54.660299999999999,4.4522000000000004,1.1536,32.265999999999998,20.274799999999999,0.93810000000000004,12.782299999999999,1.8258000000000001,5.7628000000000004,0.60750000000000004,0.66020000000000001,2.7625000000000002,3.9579,13.398400000000001,0,-284.86649999999997,-33.677399999999999,-50.8568,-10.4026,-20.904399999999999,-25.721399999999999,-45.833399999999997,-17.574999999999999,-5.5538999999999996,-17.850200000000001,-9.4801000000000002,-1.1821999999999999,-4.7068000000000003,-7.883,-2.7328000000000001,-30.506499999999999,0,-236.48439999999999,18.773499999999999,0.98109999999999997,17.2834,0.50900000000000001,0,-255.25790000000001,-147.13030000000001,-108.1276,0,0,18.366900000000001,41.307099999999998,-22.940200000000001,0,0,0,-513.97630000000004,133.27600000000001,141.84270000000001,50.418100000000003,0,91.424599999999998,-8.5667000000000009,0,0,-8.5667000000000009,-37.837800000000001,715.15790000000004,0.3226,714.83529999999996,0,0,-752.99570000000006,-30.632999999999999,-722.36270000000002,0,0,-614.34910000000002,581.41030000000001,460.18880000000001,0,121.22150000000001,-1195.7593999999999,-951.0684,-1.5754999999999999,-243.1155,14.6905,0,0,-9.7559000000000005,0,0
2003-05,929.95920000000001,1203.6288999999999,1445.4277,2437.0378000000001,1380.0805,658.36099999999999,25.846,370.16789999999997,2.5825,-991.61009999999999,-225.58680000000001,-150.54810000000001,-615.47519999999997,-10.589700000000001,262.56200000000001,54.729399999999998,74.473100000000002,4.5063000000000004,1.3816999999999999,39.201099999999997,29.832999999999998,1.5109999999999999,17.4541,1.9959,5.5566000000000004,1.3031999999999999,0.54959999999999998,6.6287000000000003,3.5712000000000002,19.8672,0,-273.15170000000001,-33.281999999999996,-33.904200000000003,-9.8163999999999998,-17.361599999999999,-27.265999999999998,-45.070999999999998,-28.122199999999999,-6.5635000000000003,-10.7524,-7.4425999999999997,-0.49390000000000001,-3.9786000000000001,-3.9975000000000001,-2.7124999999999999,-42.3874,0,-253.3433,3.8395999999999999,1.2605999999999999,1.982,0.59699999999999998,0,-257.18290000000002,-177.39269999999999,-79.790199999999999,0,0,22.1342,60.469799999999999,-38.335599999999999,0,0,0,-273.66980000000001,246.47929999999999,256.86369999999999,147.9014,0,108.9623,-10.384399999999999,0,0,-10.384399999999999,-77.850099999999998,686.26049999999998,0.34449999999999997,685.91600000000005,0,0,-764.11059999999998,-49.593899999999998,-714.51670000000001,0,0,-383.48070000000001,779.21420000000001,510.33589999999998,0,268.87830000000002,-1162.6949,-853.9588,-5.2203999999999997,-303.51569999999998,9.9008000000000003,0,0,-68.719099999999997,0,0
2003-06,1012.7187,1234.7982999999999,1463.5753999999999,2434.6012000000001,1507.5350000000001,623.28549999999996,43.971299999999999,255.08029999999999,4.7290999999999999,-971.0258,-223.57220000000001,-141.3596,-606.09410000000003,-44.629100000000001,210.23159999999999,50.7592,65.658900000000003,2.79,1.5589999999999999,25.6035,22.3872,1.0479000000000001,15.6029,1.3540000000000001,6.3029999999999999,0.42009999999999997,0.51380000000000003,2.3555999999999999,2.2061999999999999,11.670500000000001,0,-254.86070000000001,-30.742699999999999,-37.222099999999998,-12.146699999999999,-14.2646,-17.078299999999999,-45.793999999999997,-30.421800000000001,-4.2003000000000004,-6.8129999999999997,-7.9836,-1.52E-2,-4.3749000000000002,-12.378299999999999,-2.4009,-29.0245,0,-202.35730000000001,8.6943000000000001,2.3664999999999998,5.4170999999999996,0.91069999999999995,0,-211.05160000000001,-115.2783,-95.773300000000006,0,0,18.209299999999999,45.462400000000002,-27.2531,0,0,0,-222.07960000000003,129.566,132.6464,79.812700000000007,0,52.8337,-3.0804,0,0,-3.0804,-137.09870000000001,734.58500000000004,26.835000000000001,707.75,0,0,-871.68370000000004,-47.776400000000002,-823.90729999999996,0,0,-60.000999999999998,806.68539999999996,486.6155,0,320.06990000000002,-866.68640000000005,-597.53480000000002,-2.1606999999999998,-266.99090000000001,8.1767000000000003,0,0,-162.7226,0,0
2003-07,593.51559999999995,972.49450000000002,1234.825,2363.4385000000002,1508.4737,499.34449999999998,57.922899999999998,294.05009999999999,3.6475,-1128.6134999999999,-282.88490000000002,-175.14699999999999,-670.58169999999996,-4.5373000000000001,252.57089999999999,71.989500000000007,60.412199999999999,3.1335000000000002,2.0049000000000001,27.014800000000001,41.1312,0.83650000000000002,15.8711,2.4586000000000001,4.4622999999999999,1.7269000000000001,0.26910000000000001,3.9159999999999999,7.8202999999999996,9.5237999999999996,0,-257.10820000000001,-39.643900000000002,-33.796700000000001,-6.9383999999999997,-16.116499999999998,-10.1929,-51.335999999999999,-33.393000000000001,-8.0230999999999995,-13.997999999999999,-7.2138999999999998,-5.3999999999999999E-2,-5.2874999999999996,-4.8333000000000004,-4.3754999999999997,-21.9055,0,-279.82380000000001,7.5507999999999997,2.7765,4.1814999999999998,0.59279999999999999,0,-287.37459999999999,-82.842100000000002,-204.5325,0,0,22.0306,50.393900000000002,-28.363299999999999,-5.9999999999999995E-4,0,-5.9999999999999995E-4,-378.97829999999999,40.476300000000002,91.914400000000001,69.553100000000001,0,22.3613,-51.438099999999999,0,0,-51.438099999999999,-111.64449999999999,107.4438,23.937000000000001,83.506799999999998,0,0,-219.0883,-36.096299999999999,-182.99199999999999,0,0,-250.95930000000001,663.78700000000003,512.66030000000001,0,151.1267,-914.74630000000002,-592.5806,-3.1968999999999999,-318.96879999999999,4.3773,0,0,-61.228099999999998,0,0
2003-08,70.150300000000001,682.60450000000003,916.89660000000003,1954.0595000000001,1390.4148,383.71519999999998,54.564999999999998,122.2345,3.1301000000000001,-1037.1629,-231.6815,-131.5752,-673.90620000000001,-54.333599999999997,214.0377,63.802900000000001,57.402799999999999,4.1604000000000001,1.2314000000000001,24.0655,19.693000000000001,0.89670000000000005,12.765000000000001,1.1185,9.4250000000000007,1.4858,0.81430000000000002,3.1741000000000001,5.5491000000000001,8.4530999999999992,0,-268.37130000000002,-38.026400000000002,-40.3093,-7.0709,-13.3599,-9.7065000000000001,-50.962899999999998,-28.708200000000001,-4.6539000000000001,-30.898499999999999,-9.3001000000000005,-2.0500000000000001E-2,-3.4740000000000002,-10.7653,-3.3662999999999998,-17.7486,0,-200.76480000000001,9.8505000000000003,4.4886999999999997,4.8452000000000002,0.51659999999999995,0,-210.61529999999999,-137.3698,-73.245500000000007,0,0,20.8063,47.336500000000001,-26.530200000000001,-3.5000000000000001E-3,0,-3.5000000000000001E-3,-612.45079999999996,77.199399999999997,121.1052,108.32429999999999,0,12.780900000000001,-43.905799999999999,0,0,-43.905799999999999,-316.67290000000003,184.93389999999999,40.4163,144.51759999999999,0,0,-501.60680000000002,-30.0547,-471.5521,0,0,-366.39479999999998,700.32860000000005,464.32600000000002,0,236.0026,-1066.7234000000001,-628.19929999999999,-3.2139000000000002,-435.31020000000001,10.5084,0,0,-17.090900000000001,0,0
2003-09,-13.6883,634.06129999999996,754.54269999999997,1960.6033,1275.1802,412.68020000000001,51.497799999999998,217.43729999999999,3.8077999999999999,-1206.0606,-286.43130000000002,-153.1258,-766.50350000000003,-47.787100000000002,246.07689999999999,63.646000000000001,61.595700000000001,3.7715999999999998,1.4961,41.471600000000002,23.2196,0.75980000000000003,12.601100000000001,5.2941000000000003,8.2402999999999995,5.6059999999999999,0.55169999999999997,2.8967999999999998,5.3954000000000004,9.5312000000000001,0,-293.86399999999998,-41.5214,-56.747100000000003,-14.1905,-14.3695,-13.272500000000001,-55.903799999999997,-32.3172,-7.6136999999999997,-9.8476999999999997,-9.3507999999999996,-4.7100000000000003E-2,-5.3829000000000002,-5.6429,-5.7298999999999998,-21.927099999999999,0,-93.492800000000003,12.3011,3.6743999999999999,7.8292000000000002,0.79749999999999999,0,-105.79389999999999,-69.332700000000003,-36.461199999999998,0,0,20.798500000000001,46.343200000000003,-25.544699999999999,0,0,0,-647.7494999999999,89.731200000000001,92.114000000000004,58.834400000000002,0,33.279600000000002,-2.3828,0,0,-2.3828,-129.55529999999999,135.0438,67.972899999999996,67.070899999999995,0,0,-264.59910000000002,-26.446000000000002,-238.15309999999999,0,0,-592.59569999999997,606.04909999999995,488.8494,0,117.19970000000001,-1198.6448,-757.47270000000003,-5.5189000000000004,-435.65320000000003,2.1276999999999999,0,0,-17.4574,0,0
2003-10,626.18370000000004,887.75409999999999,1044.0344,2195.7305999999999,1383.3203000000001,443.17919999999998,75.177099999999996,289.59269999999998,4.4611999999999998,-1151.6962000000001,-292.93060000000003,-155.90090000000001,-702.86469999999997,-34.920299999999997,300.41289999999998,79.66,72.046499999999995,7.3491999999999997,2.8597000000000001,25.282299999999999,33.442599999999999,1.0104,11.731,11.5228,14.713100000000001,12.5617,0.54249999999999998,6.5094000000000003,4.7488000000000001,16.432700000000001,0,-335.3331,-40.800400000000003,-54.668999999999997,-15.3408,-34.151499999999999,-9.8894000000000002,-55.7423,-35.179299999999998,-5.9302999999999999,-16.146100000000001,-14.9071,-16.474699999999999,-7.1308999999999996,-6.1106999999999996,-3.5556999999999999,-19.3049,0,-143.89930000000001,9.9102999999999994,2.1015999999999999,6.4676999999999998,1.341,0,-153.80959999999999,-85.090699999999998,-68.718900000000005,0,0,22.539300000000001,52.363500000000002,-29.824200000000001,0,0,0,-261.57060000000001,91.094800000000006,92.947400000000002,63.669400000000003,0,29.277999999999999,-1.8526,0,0,-1.8526,-103.8533,151.21510000000001,66.745800000000003,84.310599999999994,0,0.15870000000000001,-255.0684,-22.724399999999999,-232.34399999999999,0,0,-227.58420000000001,679.68010000000004,552.42960000000005,0,127.2505,-907.26430000000005,-597.81880000000001,-4.6875,-304.75799999999998,-7.2474999999999996,0,0,-13.980399999999999,0,0
2003-11,572.90129999999999,562.26160000000004,673.57259999999997,1794.2131999999999,1241.6179,307.08909999999997,84.391300000000001,157.7843,3.3307000000000002,-1120.6405999999999,-279.66120000000001,-159.33250000000001,-681.64679999999998,-22.09,269.54599999999999,78.569199999999995,77.648600000000002,6.7735000000000003,3.2444000000000002,20.852399999999999,32.557600000000001,0.88480000000000003,10.241400000000001,3.4009999999999998,8.6715999999999998,4.9363999999999999,0.59430000000000005,4.3529999999999998,3.2770000000000001,13.540800000000001,0,-291.63600000000002,-35.7881,-52.558500000000002,-8.7159999999999993,-30.516300000000001,-6.6462000000000003,-53.727400000000003,-30.296700000000001,-4.2442000000000002,-15.5943,-9.5399999999999991,-12.149100000000001,-8.3348999999999993,-4.6561000000000003,-2.6442999999999999,-16.2242,0,-109.3858,7.3841999999999999,1.4166000000000001,4.8299000000000003,1.1376999999999999,0,-116.77,-63.972700000000003,-52.7973,0,0,20.1648,46.839100000000002,-26.674299999999999,-1E-3,0,-1E-3,10.641000000000012,82.604100000000003,83.485500000000002,55.156999999999996,0,28.328499999999998,-0.88139999999999996,0,0,-0.88139999999999996,89.089600000000004,259.98469999999998,41.489800000000002,217.95439999999999,0,0.54049999999999998,-170.89510000000001,-19.4862,-146.5043,-3.6230000000000002,-1.2816000000000001,-113.026,632.79129999999998,537.68380000000002,0,95.107500000000002,-745.81730000000005,-446.11099999999999,-4.0846999999999998,-295.6216,-9.5117999999999991,0,0,-38.514899999999997,0,4.7199999999999999E-2
2003-12,737.93029999999999,691.86530000000005,873.17229999999995,2305.1543000000001,1511.4309000000001,467.68939999999998,74.981200000000001,242.9803,8.0725999999999996,-1431.982,-306.84379999999999,-208.2174,-916.92079999999999,-16.403400000000001,324.99790000000002,92.339299999999994,91.174700000000001,6.5913000000000004,2.3334999999999999,28.310600000000001,40.3232,1.4413,12.4923,1.1191,15.799899999999999,4.5293000000000001,0.28789999999999999,4.5281000000000002,3.9011,19.826599999999999,0,-341.40129999999999,-44.570399999999999,-72.096299999999999,-9.6644000000000005,-23.588100000000001,-11.019600000000001,-63.209000000000003,-36.4193,-5.1721000000000004,-11.3917,-10.7867,-5.5029000000000003,-9.3653999999999993,-14.150399999999999,-3.2406000000000001,-21.224499999999999,0,-195.30940000000001,18.589700000000001,4.2122999999999999,7.7705000000000002,6.6069000000000004,0,-213.8991,-101.73990000000001,-112.1592,0,0,30.405799999999999,88.232200000000006,-57.8264,-3.3300000000000003E-2,0,-3.3300000000000003E-2,46.098300000000009,234.54130000000001,237.11410000000001,145.6541,0,91.46,-2.5728,-0.53759999999999997,0,-2.0352000000000001,-123.4395,349.72660000000002,66.987099999999998,281.25749999999999,0,1.482,-473.16609999999997,-43.396500000000003,-409.3467,-15.738200000000001,-4.6847000000000003,-62.675800000000002,826.83150000000001,601.07569999999998,0,225.75579999999999,-889.50729999999999,-633.30409999999995,-3.7587000000000002,-252.44450000000001,7.6543000000000001,0,0,-9.9819999999999993,0,0.12970000000000001
2004-01,621.60649999999998,918.91849999999999,1170.6727000000001,2320.9476,1284.7086999999999,607.83669999999995,123.6066,299.34100000000001,5.4546000000000001,-1150.2748999999999,-245.07919999999999,-174.66309999999999,-730.5326,-51.212600000000002,290.06259999999997,92.104500000000002,68.426299999999998,6.2995000000000001,1.1442000000000001,25.399799999999999,42.388500000000001,1.4132,13.813000000000001,2.6863999999999999,9.7626000000000008,4.4972000000000003,0.61729999999999996,3.8437000000000001,7.0427999999999997,10.6236,0,-341.27510000000001,-50.109099999999998,-68.694500000000005,-6.9212999999999996,-24.509499999999999,-15.142200000000001,-49.7089,-24.689800000000002,-4.9977,-16.132100000000001,-7.6608000000000001,-3.2627999999999999,-6.9440999999999997,-10.5518,-2.0293000000000001,-49.921199999999999,0,-244.88300000000001,8.5938999999999997,1.1758,6.1212,1.2861,1.0800000000000001E-2,-253.4769,-165.59139999999999,-87.87,0,-1.55E-2,44.3414,71.839799999999997,-27.4984,-4.07E-2,0,-4.07E-2,-297.2713,98.379099999999994,101.6413,56.3399,0,45.301400000000001,-3.2622,-0.34889999999999999,0,-2.9133,-46.989899999999999,165.72309999999999,46.966299999999997,114.7911,0,3.9657,-212.71299999999999,-34.658200000000001,-170.36609999999999,-4.4145000000000003,-3.2742,-302.90019999999998,633.34410000000003,491.63549999999998,0,141.70859999999999,-936.24429999999995,-610.20410000000004,-2.3875000000000002,-323.65269999999998,-20.645099999999999,0,0,-25.115200000000002,0,0.1207
2004-02,348.43180000000001,505.66430000000003,537.47310000000004,1731.9554000000001,1198.0047999999999,361.40699999999998,50.484200000000001,117.5077,4.5518000000000001,-1194.4822999999999,-262.5308,-206.43889999999999,-725.51260000000002,-1.4562999999999999,259.12880000000001,83.229200000000006,70.299400000000006,5.8426999999999998,1.3130999999999999,28.7959,30.140599999999999,2.1667999999999998,11.5648,1.3378000000000001,4.2801999999999998,1.9871000000000001,0.21809999999999999,3.3820999999999999,3.5474000000000001,11.0236,0,-260.58510000000001,-42.309399999999997,-43.232999999999997,-6.9706000000000001,-16.7834,-8.7005999999999997,-50.572899999999997,-23.675000000000001,-5.5990000000000002,-10.4391,-7.6683000000000003,-7.9816000000000003,-4.5278,-4.9053000000000004,-3.4902000000000002,-23.728899999999999,0,-54.723999999999997,8.9869000000000003,3.8292999999999999,3.0600999999999998,1.2535000000000001,0.84399999999999997,-63.710900000000002,-58.6554,-5.0370999999999997,0,-1.84E-2,24.371500000000001,52.284799999999997,-27.9133,0,0,0,-157.2328,113.80249999999999,117.97199999999999,80.384699999999995,0,37.587299999999999,-4.1695000000000002,-4.5100000000000001E-2,0,-4.1243999999999996,-54.4358,138.05799999999999,34.292999999999999,99.267300000000006,0,4.4977,-192.49379999999999,-8.2525999999999993,-173.56469999999999,-6.3372999999999999,-4.3391999999999999,-79.079499999999996,755.10580000000004,507.23250000000002,0,247.8733,-834.18529999999998,-516.94159999999999,-4.7930000000000001,-312.45069999999998,-6.3574000000000002,0,0,-131.1626,0,0.17119999999999999
2004-03,107.8835,935.97789999999998,1008.0032,2474.2226999999998,1571.8182999999999,603.47339999999997,93.056100000000001,198.1908,7.6840000000000002,-1466.2194999999999,-334.39710000000002,-252.23060000000001,-879.59180000000003,-9.4167000000000005,330.39690000000002,104.37179999999999,85.267499999999998,7.7567000000000004,2.1315,27.0259,41.3294,1.8146,17.492699999999999,2.2759999999999998,7.6379999999999999,11.5532,0.61240000000000006,4.5532000000000004,7.9307999999999996,8.6431000000000004,0,-339.81360000000001,-48.074800000000003,-62.9208,-10.2338,-23.290299999999998,-9.5565999999999995,-57.032899999999998,-32.097000000000001,-5.0217000000000001,-13.1556,-9.5920000000000005,-13.3355,-11.2963,-13.9077,-3.972,-26.3264,0,-88.210899999999995,11.956799999999999,3.0339,5.6798000000000002,1.2789999999999999,1.9641,-100.1677,-76.521900000000002,-23.4697,0,-0.17610000000000001,25.6023,56.615900000000003,-31.0136,-0.1774,0,-0.1774,-827.91700000000014,104.01,124.0891,79.316199999999995,0,44.7729,-20.0791,-1.11E-2,0,-20.068000000000001,-444.32440000000003,183.10730000000001,81.226399999999998,97.303600000000003,0,4.5773000000000001,-627.43169999999998,-35.729300000000002,-584.08460000000002,-2.9803999999999999,-4.6374000000000004,-473.3492,690.16930000000002,520.58960000000002,0,169.5797,-1163.5184999999999,-776.4,-2.8435000000000001,-384.27499999999998,-4.1120999999999999,0,0,-10.141299999999999,0,0.20530000000000001
2004-04,871.58330000000001,1398.8187,1529.7855999999999,2938.8314,1849.4404,707.74779999999998,72.791200000000003,302.63330000000002,6.2187000000000001,-1409.0458000000001,-311.5412,-258.52409999999998,-838.98050000000001,-13.1318,287.7509,90.3459,79.608999999999995,7.4805999999999999,2.1943000000000001,26.4177,33.064399999999999,1.3325,18.296900000000001,1.0459000000000001,4.8563000000000001,3.1768999999999998,0.435,3.9449000000000001,4.9821,10.5685,0,-300.8827,-48.359099999999998,-52.923999999999999,-8.3657000000000004,-21.723800000000001,-11.4414,-58.197800000000001,-30.360900000000001,-3.8954,-10.506600000000001,-7.4622999999999999,-7.4200000000000002E-2,-5.4036,-14.863200000000001,-4.4587000000000003,-22.846299999999999,0,-140.8417,7.6223000000000001,0.77710000000000001,4.4996999999999998,1.5579000000000001,0.78759999999999997,-148.464,-79.941199999999995,-68.502799999999993,0,-0.02,23.006599999999999,49.3827,-26.376100000000001,0,0,0,-527.23559999999998,163.10570000000001,166.67619999999999,110.17829999999999,0,56.497900000000001,-3.5705,-0.32800000000000001,0,-3.2425000000000002,-96.264300000000006,195.20519999999999,50.852400000000003,141.58760000000001,0,2.7652000000000001,-291.46949999999998,-22.237400000000001,-262.45699999999999,-3.4169999999999998,-3.3580999999999999,-288.22949999999997,725.54939999999999,528.27629999999999,0,197.2731,-1013.7789,-671.98469999999998,-4.6929999999999996,-337.10120000000001,4.6271000000000004,0,0,-310.47460000000001,0,0.1666
2004-05,857.86019999999996,1388.9644000000001,1723.6985,3140.4373999999998,1977.6306999999999,727.23609999999996,103.56570000000001,326.69470000000001,5.3102,-1416.7389000000001,-311.77600000000001,-244.92070000000001,-860.04219999999998,-15.126099999999999,288.6191,73.801000000000002,78.2881,6.4939,1.8158000000000001,23.519100000000002,35.528799999999997,1.2927,16.654499999999999,16.689399999999999,8.3968000000000007,3.9472,0.18129999999999999,3.3382999999999998,3.4994000000000001,15.172700000000001,0,-303.74520000000001,-46.599800000000002,-66.6828,-10.302099999999999,-24.772300000000001,-6.4169999999999998,-53.822000000000003,-35.814,-4.1174999999999997,-11.4521,-7.0586000000000002,-8.4900000000000003E-2,-4.8266,-7.3650000000000002,-3.2059000000000002,-21.224499999999999,0,-344.74919999999997,16.7471,11.179600000000001,3.7374999999999998,1.5046999999999999,0.32529999999999998,-361.49630000000002,-82.053799999999995,-279.39550000000003,0,-4.7E-2,25.141200000000001,52.9846,-27.843399999999999,-0.01,0,-0.01,-531.09429999999998,106.015,109.8857,76.359800000000007,0,33.5259,-3.8706999999999998,-0.76429999999999998,0,-3.1063999999999998,-19.571200000000001,327.39150000000001,51.504199999999997,269.97199999999998,0.30309999999999998,5.6121999999999996,-346.96269999999998,-9.0294000000000008,-333.55700000000002,-0.79420000000000002,-3.5821000000000001,-213.98320000000001,849.4683,551.17520000000002,0,298.29309999999998,-1063.4514999999999,-623.67319999999995,-6.9607999999999999,-432.8175,7.7736000000000001,0,0,-411.32850000000002,0,0.2019
2004-06,725.88099999999997,1332.0974000000001,1452.9323999999999,3046.1010999999999,2001.7892999999999,598.80820000000006,136.73320000000001,302.05810000000002,6.7123999999999997,-1593.1686999999999,-335.5849,-302.52949999999998,-955.05430000000001,-13.9931,321.94459999999998,84.114500000000007,99.040099999999995,11.5585,1.885,24.499500000000001,44.459699999999998,1.1544000000000001,19.3825,5.0332999999999997,4.9591000000000003,3.3380000000000001,0.48209999999999997,5.7676999999999996,4.8181000000000003,11.452,0,-335.93770000000001,-45.677500000000002,-65.392099999999999,-12.206899999999999,-15.0549,-19.108499999999999,-65.071399999999997,-44.5852,-5.6006,-14.247,-7.0759999999999996,-5.0119999999999996,-4.7378999999999998,-10.6731,-3.3267000000000002,-18.167899999999999,0,-132.12299999999999,10.2052,2.7054,5.6246,1.6079000000000001,0.26729999999999998,-142.32820000000001,-71.390799999999999,-70.159700000000001,0,-0.77769999999999995,25.281099999999999,95.006699999999995,-69.7256,0,0,0,-606.21629999999993,102.8321,105.6944,82.021799999999999,0,23.672599999999999,-2.8622999999999998,-1.2648999999999999,0,-1.5973999999999999,-43.556100000000001,280.1465,55.232799999999997,204.0737,10.321300000000001,10.518700000000001,-323.70260000000002,-23.685199999999998,-286.53149999999999,-6.9813000000000001,-6.5045999999999999,-319.72879999999998,809.05420000000004,552.34730000000002,0,256.70690000000002,-1128.7829999999999,-623.11450000000002,-6.0350999999999999,-499.63339999999999,1.9637,0,0,-347.72719999999998,0,0.26190000000000002
2004-07,551.7174,875.05690000000004,977.84140000000002,2577.3289,1741.6016999999999,431.98099999999999,157.7336,238.65369999999999,7.3589000000000002,-1599.4875,-346.0659,-295.95170000000002,-957.46990000000005,-14.3775,329.1447,89.749899999999997,87.225899999999996,10.9718,1.5942000000000001,27.063400000000001,39.936,1.1732,17.647500000000001,3.8378999999999999,5.7736999999999998,7.2313000000000001,0.70150000000000001,4.4936999999999996,9.5482999999999993,22.196400000000001,0,-343.5222,-52.915300000000002,-56.684100000000001,-12.169,-29.816299999999998,-12.4064,-61.757800000000003,-48.924900000000001,-5.4596999999999998,-13.5985,-7.7897999999999996,-3.85E-2,-5.3578000000000001,-5.7538999999999998,-6.7102000000000004,-24.14,0,-133.9563,11.2615,3.5985,3.0171999999999999,1.4666999999999999,3.1791,-145.21780000000001,-99.764499999999998,-45.418199999999999,0,-3.5099999999999999E-2,45.549300000000002,76.966800000000006,-31.4175,-0.14849999999999999,0,-0.14849999999999999,-323.19110000000001,81.221000000000004,95.283600000000007,71.3005,0,23.9831,-14.0626,-4.2144000000000004,0,-9.8482000000000003,31.656500000000001,304.90469999999999,55.263399999999997,237.524,0.96099999999999997,11.1563,-273.2482,-25.446100000000001,-226.68940000000001,-5.3612000000000002,-15.7515,-286.9796,757.63909999999998,557.64,0,199.9991,-1044.6187,-631.7944,-5.1211000000000002,-407.70319999999998,-8.8200000000000001E-2,0,0,-149.0008,0,0.31929999999999997
2004-08,381.43939999999998,556.68799999999999,665.86260000000004,2270.3878,1595.7666999999999,410.83819999999997,116.91500000000001,134.63050000000001,12.237399999999999,-1604.5252,-287.89190000000002,-306.1035,-1010.5297,-32.4407,336.9443,96.235399999999998,91.515699999999995,11.5497,2.7191999999999998,29.912099999999999,40.607700000000001,1.0468999999999999,26.976600000000001,4.3282999999999996,6.2313999999999998,1.7582,0.29349999999999998,4.1897000000000002,9.6731999999999996,9.9065999999999992,0,-369.38499999999999,-52.723300000000002,-61.817399999999999,-9.5663,-24.207799999999999,-14.103300000000001,-79.012699999999995,-36.4664,-7.0481999999999996,-37.713500000000003,-10.745699999999999,-0.30859999999999999,-4.6520000000000001,-8.1420999999999992,-3.1631999999999998,-19.714300000000001,0,-100.2407,9.2972999999999999,4.2445000000000004,2.9525999999999999,1.8253999999999999,0.27479999999999999,-109.538,-73.435599999999994,-35.9679,0,-0.13450000000000001,23.506799999999998,53.530700000000003,-30.023900000000001,-5.0999999999999997E-2,0,-5.0999999999999997E-2,-175.19789999999998,131.87649999999999,137.4563,103.00109999999999,0,34.455199999999998,-5.5797999999999996,-1.8454999999999999,0,-3.7343000000000002,51.070999999999998,262.51029999999997,72.5672,173.27420000000001,2.3593999999999999,14.3095,-211.4393,-7.7183000000000002,-147.41579999999999,-46.264699999999998,-10.0405,-349.05579999999998,780.00080000000003,560.67039999999997,0,219.3304,-1129.0565999999999,-640.45079999999996,-2.4205000000000001,-486.18529999999998,-8.5806000000000004,0,0,-0.50900000000000001,0,0.34610000000000002
2004-09,550.96310000000005,720.92529999999999,857.3809,2662.6003999999998,1841.5559000000001,463.93700000000001,133.03450000000001,214.2175,9.8556000000000008,-1805.2194999999999,-330.46420000000001,-399.30959999999999,-1075.4457,-44.421700000000001,331.54829999999998,89.990899999999996,84.682100000000005,9.6084999999999994,2.0508000000000002,33.050400000000003,42.249699999999997,1.518,15.326000000000001,1.6127,9.5386000000000006,15.4627,0.49440000000000001,3.9792999999999998,10.1419,11.8423,0,-375.9701,-52.005600000000001,-68.552700000000002,-11.257899999999999,-22.138000000000002,-11.475899999999999,-85.2941,-40.669499999999999,-8.0373999999999999,-18.982099999999999,-14.373699999999999,-0.15939999999999999,-4.3789999999999996,-10.1586,-7.0857000000000001,-21.400200000000002,0,-117.6521,16.765999999999998,6.6234999999999999,7.7423000000000002,2.1364000000000001,0.26379999999999998,-134.41810000000001,-55.376899999999999,-78.978700000000003,0,-6.25E-2,25.618200000000002,54.754199999999997,-29.135999999999999,-4.0000000000000002E-4,0,-4.0000000000000002E-4,-169.96180000000001,91.153899999999993,102.3763,70.167699999999996,0,32.208599999999997,-11.2224,-1.3472,0,-9.8751999999999995,77.263999999999996,392.53680000000003,61.503599999999999,309.14679999999998,6.8964999999999996,14.9899,-315.27280000000002,-27.9514,-270.87560000000002,-2.7118000000000002,-13.734,-335.18389999999999,851.85799999999995,555.99260000000004,0,295.86540000000002,-1187.0418999999999,-660.24940000000004,-3.3639000000000001,-523.42859999999996,-2.4401999999999999,0,0,-0.75560000000000005,0,0.32779999999999998
2004-10,458.38119999999998,613.28809999999999,732.13940000000002,2406.6134000000002,1639.0634,448.1481,155.10830000000001,151.4247,12.8688,-1674.4739999999999,-326.25,-293.12400000000002,-1055.0999999999999,-32.391399999999997,313.91980000000001,103.7135,87.190200000000004,10.784800000000001,2.8948999999999998,25.6905,37.407600000000002,1.8725000000000001,14.999599999999999,1.2875000000000001,6.2131999999999996,1.4057999999999999,0.2293,7.2262000000000004,3.6711999999999998,9.3330000000000002,0,-346.31119999999999,-50.122100000000003,-53.611899999999999,-7.7080000000000002,-26.5776,-8.9197000000000006,-79.206699999999998,-36.944899999999997,-6.4317000000000002,-15.572699999999999,-10.8125,-0.1036,-4.4066999999999998,-6.5804,-3.7195999999999998,-35.593200000000003,0,-110.0664,9.8590999999999998,2.7042999999999999,5.2953000000000001,1.6081000000000001,0.25140000000000001,-119.9255,-86.240899999999996,-33.6327,0,-5.1900000000000002E-2,23.6065,57.598999999999997,-33.9925,-2.0000000000000001E-4,0,-2.0000000000000001E-4,-154.9066,96.0244,99.5214,64.597200000000001,0,34.924199999999999,-3.4969999999999999,-0.91649999999999998,0,-2.5804999999999998,35.826099999999997,308.28960000000001,87.624300000000005,200.40710000000001,3.0213999999999999,17.236799999999999,-272.46350000000001,-45.186199999999999,-208.70650000000001,-5.0152999999999999,-13.5555,-224.3974,831.35490000000004,579.20330000000001,0,252.1516,-1055.7523000000001,-591.55089999999996,-5.0340999999999996,-459.16730000000001,2.0276999999999998,0,0,-64.3874,0,0.31119999999999998
2004-11,721.78030000000001,555.71680000000003,676.45569999999998,2345.6684,1529.8911000000001,471.36329999999998,176.7996,160.74760000000001,6.8666999999999998,-1669.2127,-315.52789999999999,-307.04140000000001,-1046.6433999999999,-3.9264000000000001,359.60939999999999,135.84440000000001,89.102199999999996,9.5568000000000008,4.1444000000000001,28.5108,35.996000000000002,1.1587000000000001,16.805399999999999,1.1218999999999999,7.9385000000000003,4.3335999999999997,0.37830000000000003,7.3375000000000004,6.3362999999999996,11.044499999999999,0,-363.53579999999999,-52.924700000000001,-64.751800000000003,-9.2064000000000004,-21.610399999999998,-9.5585000000000004,-99.216300000000004,-39.579900000000002,-6.6712999999999996,-13.6958,-9.1277000000000008,-0.30659999999999998,-4.0327000000000002,-4.7401,-3.6053000000000002,-24.508299999999998,0,-148.4873,13.7616,6.4596999999999998,4.9736000000000002,1.7087000000000001,0.61960000000000004,-162.24889999999999,-100.18259999999999,-61.747700000000002,0,-0.31859999999999999,31.674800000000001,64.346199999999996,-32.671399999999998,0,0,0,166.06350000000003,166.84440000000001,172.9452,87.702100000000002,0,85.243099999999998,-6.1007999999999996,-2.4106000000000001,0,-3.6901999999999999,-11.469200000000001,309.91559999999998,84.789000000000001,205.8613,3.0154000000000001,16.2499,-321.38479999999998,-31.9756,-269.07749999999999,-6.0658000000000003,-14.2659,64.330500000000001,1086.1285,669.4049,0,416.72359999999998,-1021.798,-586.73090000000002,-3.0266000000000002,-432.04050000000001,-0.41139999999999999,0,0,-53.230800000000002,0,0.4083
2004-12,1249.079,1284.7969000000001,1436.6587999999999,3297.0758000000001,1951.8934999999999,598.51869999999997,272.04860000000002,465.91820000000001,8.6967999999999996,-1860.4169999999999,-348.27109999999999,-348.27910000000003,-1163.8668,22.390699999999999,456.209,151.02029999999999,116.57559999999999,12.897600000000001,5.9345999999999997,31.819199999999999,47.1723,1.9663999999999999,29.715699999999998,3.2778999999999998,22.1462,2.6314000000000002,0.42170000000000002,7.7685000000000004,5.391,17.470600000000001,0,-433.81830000000002,-61.383800000000001,-86.404799999999994,-12.594900000000001,-26.706600000000002,-13.8376,-98.550299999999993,-45.979900000000001,-8.8992000000000004,-9.0802999999999994,-11.807700000000001,-0.51349999999999996,-9.8190000000000008,-16.2636,-3.4142000000000001,-28.562799999999999,0,-218.9358,15.389799999999999,5.0625999999999998,6.5586000000000002,3.1968000000000001,0.57179999999999997,-234.32560000000001,-96.274900000000002,-137.67410000000001,0,-0.37659999999999999,44.683199999999999,105.7081,-61.024900000000002,0,0,0,-35.717799999999968,218.40180000000001,232.3021,110.6687,0,121.63339999999999,-13.9003,-2.3441999999999998,0,-11.556100000000001,-275.71839999999997,405.3381,88.826700000000002,295.7176,4.5030000000000001,16.290800000000001,-681.05650000000003,-104.5613,-553.46950000000004,-3.8395999999999999,-19.1861,54.672699999999999,1173.9697000000001,798.11959999999999,0,375.8501,-1119.297,-690.86590000000001,-4.524,-423.90710000000001,-10.160600000000001,0,0,-22.9133,0,0.42480000000000001
2005-01,329.35469999999998,665.88729999999998,766.36860000000001,2424.8449000000001,1544.7786000000001,544.89469999999994,158.46520000000001,167.5325,9.1739999999999995,-1658.4763,-306.90170000000001,-316.5849,-1034.9896000000001,-21.314299999999999,360.1551,132.50960000000001,107.5048,6.2840999999999996,4.3582000000000001,21.198699999999999,38.003,1.0538000000000001,17.632200000000001,3.4068999999999998,8.5869,1.6940999999999999,0.23830000000000001,4.9539,5.7557,6.9748000000000001,0,-381.46940000000001,-69.096500000000006,-56.782899999999998,-7.9717000000000002,-30.864000000000001,-9.9518000000000004,-88.956900000000005,-38.469000000000001,-7.5887000000000002,-8.7464999999999993,-10.932700000000001,-0.29010000000000002,-4.1614000000000004,-7.0591999999999997,-5.7686999999999999,-34.8294,0,-125.1721,7.7389000000000001,1.1216999999999999,4.5095999999999998,1.1193,0.98829999999999996,-132.911,-107.7825,-24.866099999999999,0,-0.26240000000000002,46.005099999999999,78.594899999999996,-32.589799999999997,0,0,0,-336.5326,220.96129999999999,224.80600000000001,74.815700000000007,0,149.99029999999999,-3.8447,-2.1166,0,-1.7281,-3.8456000000000001,336.97879999999998,70.275199999999998,241.74510000000001,8.9526000000000003,16.0059,-340.82440000000003,-36.432899999999997,-266.58819999999997,-14.1067,-23.6966,-116.41889999999999,841.50409999999999,553.6318,0,287.8723,-957.923,-581.53989999999999,-2.5882000000000001,-373.79489999999998,-20.017099999999999,0,0,-417.21230000000003,0,0.53800000000000003
2005-02,289.28300000000002,851.9203,897.30269999999996,2453.2129,1577.6593,528.5498,194.0489,146.0547,6.9001999999999999,-1555.9102,-264.00689999999997,-284.47539999999998,-1007.4279,-22.368300000000001,351.06689999999998,123.00620000000001,87.5976,7.4058000000000002,10.950699999999999,21.8931,43.4313,3.004,16.8674,2.0331999999999999,8.4044000000000008,0.30080000000000001,0.30709999999999998,5.1292999999999997,6.2813999999999997,14.454599999999999,0,-373.43509999999998,-70.136200000000002,-59.357599999999998,-10.4297,-27.288799999999998,-10.0235,-86.213300000000004,-31.657900000000001,-5.4130000000000003,-13.1518,-10.789300000000001,-0.2949,-3.7873999999999999,-9.2159999999999993,-3.3477000000000001,-32.328000000000003,0,-50.494999999999997,24.126799999999999,1.3694,7.3926999999999996,2.1726999999999999,13.192,-74.621799999999993,-40.2348,-34.325800000000001,0,-6.1199999999999997E-2,27.480899999999998,57.959299999999999,-30.478400000000001,0,0,0,-562.63760000000002,266.63740000000001,273.90199999999999,86.491,0,187.411,-7.2645999999999997,-2.7277999999999998,0,-4.5368000000000004,-20.9392,397.48200000000003,52.870699999999999,331.40879999999999,0.85,12.352499999999999,-418.4212,-24.845500000000001,-349.65800000000002,-9.8196999999999992,-34.097999999999999,6.8898999999999999,885.14980000000003,583.5068,0,301.64299999999997,-878.25990000000002,-537.92560000000003,-6.2441000000000004,-334.09019999999998,0.83440000000000003,0,0,-816.06010000000003,0,6.5115999999999996
2005-03,302.15929999999997,1151.4557,1378.5108,3236.4421000000002,2069.0003999999999,679.72730000000001,299.21519999999998,166.81649999999999,21.682700000000001,-1857.9313,-343.9513,-359.27480000000003,-1154.7053000000001,74.106899999999996,472.34370000000001,189.41130000000001,118.3587,10.9481,2.2418,39.251300000000001,47.240099999999998,0.97060000000000002,24.295999999999999,2.2803,10.480600000000001,2.6987999999999999,0.46700000000000003,5.3319999999999999,5.1843000000000004,13.182700000000001,0,-398.23680000000002,-66.725700000000003,-58.6601,-12.951499999999999,-39.949399999999997,-12.4703,-85.641499999999994,-39.635899999999999,-6.3060999999999998,-10.6593,-12.3939,-5.7599999999999998E-2,-6.8513000000000002,-16.120999999999999,-6.8209,-22.9924,0,-332.43459999999999,14.674099999999999,2.1549,4.2171000000000003,1.946,6.3560999999999996,-347.1087,-81.410200000000003,-265.50240000000002,0,-0.1961,31.272600000000001,62.8508,-31.578199999999999,0,0,0,-849.29660000000001,278.11070000000001,317.93150000000003,85.598699999999994,0,232.33279999999999,-39.820799999999998,-37.764099999999999,0,-2.0567000000000002,-750.72879999999998,475.44540000000001,21.901700000000002,430.02449999999999,8.7247000000000003,14.794499999999999,-1226.1741999999999,-38.349200000000003,-1160.2764,-9.6173000000000002,-17.9313,51.302399999999999,923.57010000000002,658.71169999999995,0,264.85840000000002,-872.26769999999999,-583.05600000000004,-5.4866999999999999,-283.72500000000002,-10.2224,9.1119000000000003,0,-426.87040000000002,0,0.51319999999999999
2005-04,370.35700000000003,1227.4191000000001,1411.6035999999999,3359.5614999999998,1980.8295000000001,942.11580000000004,177.95099999999999,242.494,16.171299999999999,-1947.9579000000001,-357.63600000000002,-396.78570000000002,-1193.5361,26.125699999999998,450.26549999999997,164.81899999999999,128.47149999999999,9.5656999999999996,3.4535,26.894600000000001,51.925400000000003,0.88629999999999998,24.631699999999999,2.2122999999999999,12.366899999999999,1.7685999999999999,0.27160000000000001,4.7011000000000003,3.8628,14.4344,0,-424.13979999999998,-56.165199999999999,-93.931299999999993,-10.938599999999999,-32.425899999999999,-10.7194,-99.208500000000001,-46.030500000000004,-14.7241,-10.619,-10.4107,-0.1583,-3.5156000000000001,-8.1506000000000007,-3.5689000000000002,-23.5731,0,-241.39609999999999,9.4373000000000005,1.8126,4.3810000000000002,1.7,1.5437000000000001,-250.83340000000001,-82.366200000000006,-168.34739999999999,0,-0.1198,31.085899999999999,85.998999999999995,-54.9131,0,0,0,-857.06220000000008,111.4755,123.4888,73.699799999999996,0,49.789000000000001,-12.013299999999999,-1.337,0,-10.676299999999999,-152.9034,145.84889999999999,26.861599999999999,102.9667,6.4352,9.5853999999999999,-298.75229999999999,-24.426400000000001,-235.1687,-15.394399999999999,-23.762799999999999,-262.46899999999999,832.44230000000005,601.35900000000004,0,231.08330000000001,-1094.9113,-637.83150000000001,-3.4910999999999999,-453.58870000000002,-8.3877000000000006,-12.1739,0,-532.6037,0,0.63849999999999996
2005-05,1574.2791999999999,1550.1391000000001,1739.4384,3830.7539999999999,2158.4526000000001,814.32759999999996,289.59160000000003,559.75149999999996,8.6306999999999992,-2091.3155999999999,-368.22430000000003,-422.71699999999998,-1300.3742999999999,-6.6174999999999997,414.3109,145.66,97.896699999999996,9.2326999999999995,3.1934999999999998,27.996700000000001,54.3596,3.4371,26.131499999999999,6.4870999999999999,9.5824999999999996,5.2960000000000003,0.37840000000000001,4.8954000000000004,4.8917000000000002,14.8719,0,-420.92840000000001,-58.227499999999999,-80.204300000000003,-7.5331000000000001,-33.995199999999997,-9.9588000000000001,-95.659499999999994,-54.0959,-7.2755999999999998,-11.903499999999999,-14.678800000000001,-7.6700000000000004E-2,-5.8117000000000001,-12.0307,-3.4563999999999999,-26.020700000000001,0,-220.19669999999999,18.184200000000001,7.9278000000000004,6.8262,1.9885999999999999,1.4416,-238.3809,-70.681899999999999,-167.58269999999999,0,-0.1163,37.514899999999997,69.722499999999997,-32.207599999999999,0,0,0,24.139900000000011,190.37620000000001,199.2705,120.8502,0,78.420299999999997,-8.8942999999999994,-3.7035999999999998,0,-5.1906999999999996,30.948599999999999,182.08179999999999,0.38100000000000001,157.9383,10.3903,13.372199999999999,-151.13319999999999,-16.686299999999999,-102.129,-5.7065999999999999,-26.6113,156.75839999999999,1111.6049,678.30129999999997,0,433.30360000000002,-954.84649999999999,-605.84780000000001,-3.8645,-345.13420000000002,-6.2154999999999996,63.616900000000001,0,-411.34469999999999,0,1.6144000000000001
2005-06,1511.6595,1643.1213,1671.9183,3798.1831999999999,2121.5136000000002,584.82410000000004,465.59019999999998,610.65549999999996,15.5998,-2126.2649000000001,-390.12259999999998,-378.59449999999998,-1357.5479,67.548000000000002,462.29590000000002,153.29519999999999,119.38079999999999,10.329700000000001,8.2932000000000006,28.263000000000002,47.250500000000002,1.5139,38.516500000000001,8.0020000000000007,11.8522,10.814500000000001,1.6907000000000001,7.3071999999999999,5.31,10.4764,0,-394.74790000000002,-57.359699999999997,-63.457999999999998,-12.4057,-27.293600000000001,-11.8169,-94.066999999999993,-50.985399999999998,-8.8366000000000007,-16.38,-11.9621,-0.1046,-7.0426000000000002,-9.2690999999999999,-3.0859000000000001,-20.680599999999998,0,-132.32839999999999,19.506900000000002,7.3167999999999997,8.6542999999999992,2.1848999999999998,1.3509,-151.83529999999999,-97.034800000000004,-54.402999999999999,0,-0.39750000000000002,35.983400000000003,67.738799999999998,-31.755400000000002,3.4700000000000002E-2,3.5999999999999997E-2,-1.2999999999999999E-3,-131.49630000000008,137.1584,145.2852,110.69889999999999,2.5604,32.0259,-8.1267999999999994,-3.6191,0,-4.5076999999999998,-293.40809999999999,68.553399999999996,0.27089999999999997,49.456699999999998,1.4245000000000001,17.401299999999999,-361.9615,-27.239599999999999,-309.15109999999999,-6.6817000000000002,-18.889099999999999,454.12709999999998,1394.2899,696.88890000000004,0,697.40099999999995,-940.16279999999995,-624.82410000000004,-6.1322000000000001,-309.20650000000001,-1.4295,46.263800000000003,0,-474.20800000000003,0,0.89780000000000004
2005-07,1034.9465,1315.6460999999999,1381.1486,3419.5799000000002,2171.0106000000001,613.37689999999998,324.01889999999997,300.4871,10.686400000000001,-2038.4313,-398.44290000000001,-434.8091,-1205.1793,43.937600000000003,435.83949999999999,153.62639999999999,124.93470000000001,10.424099999999999,5.5119999999999996,25.099299999999999,42.108899999999998,1.1880999999999999,24.770900000000001,5.6783999999999999,6.6101999999999999,5.0315000000000003,2.6539000000000001,5.4542000000000002,10.499700000000001,12.247299999999999,0,-391.90190000000001,-59.195599999999999,-61.8127,-9.1844000000000001,-33.424500000000002,-9.1872000000000007,-93.593699999999998,-49.568300000000001,-6.7279,-14.275499999999999,-10.071300000000001,-8.6499999999999994E-2,-3.2195,-9.6470000000000002,-7.5096999999999996,-24.398099999999999,0,-154.33090000000001,12.330299999999999,2.9891999999999999,5.5867000000000004,2.3740999999999999,1.3803000000000001,-166.66120000000001,-122.18040000000001,-44.386499999999998,0,-9.4299999999999995E-2,44.890799999999999,86.598299999999995,-41.707500000000003,6.9463999999999997,6.9463999999999997,0,-287.64590000000004,516.13300000000004,524.62909999999999,90.834999999999994,6.8604000000000003,426.93369999999999,-8.4961000000000002,-5.6677999999999997,0,-2.8283,282.51100000000002,567.50260000000003,27.355499999999999,496.09629999999999,7.4965000000000002,36.554299999999998,-284.99160000000001,-37.3369,-206.4333,-7.0446999999999997,-34.176699999999997,-328.60489999999999,895.13,648.02149999999995,0,247.10849999999999,-1223.7348999999999,-600.61630000000002,-8.9341000000000008,-614.18449999999996,0,4.9317000000000002,0,-762.61670000000004,0,15.210100000000001
2005-08,1277.9870000000001,718.87819999999999,967.99720000000002,3213.1322,2272.4182999999998,374.03199999999998,351.05090000000001,202.16929999999999,13.4617,-2245.1350000000002,-405.7824,-433.93270000000001,-1405.4199000000001,62.207700000000003,460.25810000000001,169.46119999999999,143.04480000000001,15.0489,6.2705000000000002,11.1624,40.194299999999998,2.1276000000000002,24.049399999999999,3.3828999999999998,7.0522999999999998,3.0335000000000001,0.63839999999999997,8.1912000000000003,10.7981,15.8028,0,-398.05029999999999,-57.712899999999998,-54.850999999999999,-12.396699999999999,-33.883299999999998,-9.6167999999999996,-107.3959,-42.787399999999998,-6.5670000000000002,-14.649100000000001,-10.501300000000001,-1.89E-2,-6.2546999999999997,-9.3095999999999997,-6.5095999999999998,-25.5961,0,-364.77960000000002,14.8902,4.7294999999999998,7.1607000000000003,1.7992999999999999,1.2007000000000001,-379.66980000000001,-314.43720000000002,-65.1601,0,-7.2499999999999995E-2,53.4529,86.854600000000005,-33.401699999999998,8.7312999999999992,9.5245999999999995,-0.79330000000000001,550.37739999999997,77.982799999999997,81.472499999999997,69.3429,9.2708999999999993,2.8586999999999998,-3.4897,-1.5491999999999999,0,-1.9404999999999999,-806.40099999999995,421.52339999999998,84.085800000000006,273.63920000000002,33.156799999999997,30.6416,-1227.9244000000001,-32.406100000000002,-1171.1585,-5.9645999999999999,-18.395199999999999,1321.8805,2133.1419999999998,753.84760000000006,0,1379.2944,-811.26149999999996,-581.89850000000001,-2.8525999999999998,-226.5104,0,-18.7516,-19.275099999999998,-5.0582000000000003,0,0.33510000000000001
2005-09,959.62900000000002,344.52,392.44119999999998,2592.3606,2228.9688000000001,142.66050000000001,165.4348,41.956800000000001,13.339700000000001,-2199.9194000000002,-377.83920000000001,-453.9683,-1368.1119000000001,45.51,476.66239999999999,171.57390000000001,127.70399999999999,11.2494,5.3354999999999997,13.171200000000001,53.665900000000001,0.87370000000000003,30.251300000000001,19.543199999999999,8.7053999999999991,3.8475999999999999,0.9294,8.0286000000000008,9.3062000000000005,12.4771,0,-431.15249999999997,-54.847799999999999,-64.112099999999998,-16.922499999999999,-28.3202,-6.0974000000000004,-104.7041,-46.276699999999998,-7.3472999999999997,-32.049700000000001,-9.8019999999999996,-0.37069999999999997,-6.4257999999999997,-9.1672999999999991,-6.343,-38.3658,0,-127.1748,12.410399999999999,3.6248,6.3949999999999996,1.9652000000000001,0.4254,-139.58519999999999,-89.135099999999994,-50.278799999999997,0,-0.17130000000000001,33.743600000000001,65.557599999999994,-31.814,3.9626999999999999,3.9639000000000002,-1.1999999999999999E-3,611.14610000000005,224.58690000000001,232.49119999999999,223.36949999999999,6.4992000000000001,2.6225000000000001,-7.9043000000000001,-3.1391,0,-4.7652000000000001,68.503399999999999,226.04640000000001,90.176500000000004,93.886300000000006,10.9984,30.985199999999999,-157.54300000000001,-28.474399999999999,-91.789599999999993,-19.099399999999999,-18.179600000000001,250.64689999999999,1025.4603,720.49390000000005,0,304.96640000000002,-774.8134,-554.65679999999998,-8.3554999999999993,-211.80109999999999,0,46.813699999999997,0,20.595199999999998,0,0.53939999999999999
2005-10,657.79340000000002,514.88199999999995,698.29859999999996,2751.9193,2443.9029999999998,122.4727,122.2748,45.949100000000001,17.319700000000001,-2053.6206999999999,-352.80200000000002,-439.79390000000001,-1261.0247999999999,67.850300000000004,466.49529999999999,175.9478,123.81140000000001,13.5937,4.1787999999999998,10.8949,48.101900000000001,1.1621999999999999,28.941600000000001,1.2553000000000001,14.4122,4.3563999999999998,0.63239999999999996,7.9561000000000002,7.1440999999999999,24.1065,0,-398.64499999999998,-51.621699999999997,-68.880899999999997,-10.0634,-36.297199999999997,-9.4570000000000007,-97.441800000000001,-43.332700000000003,-7.6635999999999997,-10.657500000000001,-10.6653,-6.9199999999999998E-2,-10.7866,-8.9923999999999999,-4.4706999999999999,-28.245000000000001,0,-287.05630000000002,10.172800000000001,2.1772999999999998,5.3064999999999998,1.9480999999999999,0.7409,-297.22910000000002,-79.974500000000006,-217.17779999999999,0,-7.6799999999999993E-2,35.789400000000001,75.262799999999999,-39.473399999999998,1.4538,1.5138,-0.06,141.45759999999999,176.50040000000001,182.8766,171.74369999999999,8.8854000000000006,2.2475000000000001,-6.3761999999999999,-3.5127999999999999,0,-2.8633999999999999,33.547699999999999,192.58279999999999,113.3515,40.180900000000001,0.51570000000000005,38.534700000000001,-159.0351,-17.2559,-116.94,-1.9893000000000001,-22.849900000000002,123.63930000000001,982.01319999999998,715.64419999999996,0,266.36900000000003,-858.37390000000005,-565.32600000000002,-6.3952,-286.65269999999998,0,-74.096800000000002,-187.99350000000001,69.860500000000002,0,0.3427
2005-11,575.76909999999998,395.67680000000001,484.55259999999998,2720.0016999999998,2170.0165000000002,128.72210000000001,336.19959999999998,70.977199999999996,14.0862,-2235.4490999999998,-333.6284,-392.73129999999998,-1509.0894000000001,53.6021,493.35199999999998,214.39879999999999,143.47749999999999,9.0632000000000001,3.1951999999999998,16.673400000000001,31.010100000000001,1.0859000000000001,25.023599999999998,3.6259999999999999,7.1829000000000001,0.86909999999999998,0.89490000000000003,7.3922999999999996,9.3605999999999998,20.098500000000001,0,-439.74990000000003,-49.009799999999998,-86.231300000000005,-11.558400000000001,-57.472700000000003,-16.140799999999999,-103.90130000000001,-47.527099999999997,-9.0966000000000005,-7.8661000000000003,-11.551600000000001,-8.48E-2,-4.9958,-9.4306999999999999,-4.4626000000000001,-20.420100000000001,0,-176.0968,16.792899999999999,8.1387,5.0468999999999999,2.3837999999999999,1.2235,-192.8897,-92.745000000000005,-99.870699999999999,0,-0.27400000000000002,33.618899999999996,67.231399999999994,-33.612499999999997,1.0138,1.0138,0,179.07849999999996,157.06229999999999,161.5753,146.2723,11.1409,4.1620999999999997,-4.5129999999999999,-1.9025000000000001,0,-2.6105,188.31780000000001,394.67160000000001,68.196299999999994,267.70490000000001,0.14119999999999999,58.629199999999997,-206.35380000000001,-16.051300000000001,-170.27269999999999,-4.5019999999999998,-15.527799999999999,-244.33869999999999,822.87180000000001,658.67870000000005,0,164.19309999999999,-1067.2104999999999,-735.29930000000002,-4.6820000000000004,-327.22919999999999,0,74.578699999999998,-1.0696000000000001,4.5279999999999996,0,0.4985
2005-12,751.15150000000006,748.9162,906.6318,3187.2883999999999,2325.5484999999999,268.29349999999999,363.06319999999999,208.04730000000001,22.335799999999999,-2280.6565999999998,-373.88810000000001,-439.2047,-1467.5637999999999,114.9122,585.9932,213.8235,167.66,16.370699999999999,4.7811000000000003,19.5764,66.201800000000006,1.9038999999999999,23.263200000000001,6.3947000000000003,12.565799999999999,5.8625999999999996,1.4329000000000001,9.3975000000000009,7.4657,29.293299999999999,0,-471.08100000000002,-48.593499999999999,-118.7594,-21.005299999999998,-29.293700000000001,-12.371,-106.2311,-55.412199999999999,-9.0533000000000001,-6.5519999999999996,-12.7258,-3.27E-2,-8.3031000000000006,-12.141,-5.1218000000000004,-25.485199999999999,0,-309.56110000000001,15.0372,4.3948,4.6119000000000003,2.1579000000000002,3.8725999999999998,-324.59829999999999,-107.6491,-216.72710000000001,0,-0.22209999999999999,36.933300000000003,92.873999999999995,-55.9407,2.7134,3.0840999999999998,-0.37069999999999997,-0.47799999999999976,206.81200000000001,236.82650000000001,213.3099,13.297700000000001,10.2189,-30.014500000000002,-28.610600000000002,0,-1.4038999999999999,104.2629,890.83989999999994,370.26339999999999,407.46100000000001,5.4054000000000002,107.7101,-786.577,-27.777699999999999,-677.38549999999998,-9.7408000000000001,-71.673000000000002,-252.46360000000001,1033.3153,763.6748,0,269.64049999999997,-1285.7789,-823.73440000000005,-3.5148999999999999,-458.52960000000002,0,-45.2761,-2.9853000000000001,-10.8279,0,1.3058000000000001
2006-01,540.27380000000005,747.18640000000005,826.42949999999996,2842.0911000000001,2100.6466999999998,196.56180000000001,329.82299999999998,189.8613,25.1983,-2015.6615999999999,-345.0849,-355.39960000000002,-1315.1771000000001,56.481999999999999,510.78789999999998,219.37309999999999,159.16399999999999,8.1295000000000002,3.2290999999999999,11.0526,34.494199999999999,3.4350000000000001,27.7258,1.0515000000000001,13.9315,1.9044000000000001,1.9838,8.1829999999999998,6.8962000000000003,10.2341,0,-454.30590000000001,-71.407899999999998,-120.1887,-8.7302,-37.325299999999999,-12.8765,-79.049899999999994,-48.057299999999998,-6.4264999999999999,-10.494999999999999,-10.062099999999999,-0.1013,-6.6750999999999996,-7.0236000000000001,-6.6113,-29.275200000000002,0,-168.91249999999999,12.132999999999999,3.3397999999999999,3.2532000000000001,1.6131,3.9268999999999998,-181.0455,-124.5051,-56.497999999999998,0,-4.24E-2,33.187399999999997,72.890699999999995,-39.703299999999999,1.6282000000000001,1.6282000000000001,0,-208.54059999999996,83.229100000000003,89.502399999999994,71.773300000000006,5.0403000000000002,12.688800000000001,-6.2732999999999999,-5.1416000000000004,0,-1.1316999999999999,120.1023,405.11059999999998,150.0703,208.89320000000001,6.4203000000000001,39.726799999999997,-285.00830000000002,-24.0244,-192.26840000000001,-48.736199999999997,-19.979299999999999,-274.54629999999997,796.45650000000001,623.75689999999997,0,172.6996,-1071.0028,-703.08900000000006,-3.5619000000000001,-364.3519,0,-119.06789999999999,0,-18.2578,0,0.45729999999999998
2006-02,765.30399999999997,752.06700000000001,702.05010000000004,2545.4679999999998,1807.655,239.03059999999999,360.80650000000003,125.756,12.219799999999999,-1843.4178999999999,-334.47449999999998,-273.44909999999999,-1235.4943000000001,96.910899999999998,460.84840000000003,193.73159999999999,139.88990000000001,9.9636999999999993,4.8827999999999996,10.798,35.181100000000001,1.3609,18.7209,1.7810999999999999,8.0277999999999992,2.7332999999999998,0.70579999999999998,6.8483999999999998,6.4061000000000003,19.817,0,-363.93759999999997,-64.268900000000002,-59.739699999999999,-12.3789,-30.501100000000001,-9.6548999999999996,-80.790499999999994,-40.332799999999999,-5.0980999999999996,-7.0109000000000004,-10.8917,-0.1154,-4.9419000000000004,-6.8731999999999998,-13.4687,-17.870899999999999,0,-82.764399999999995,6.9903000000000004,2.1168999999999998,2.3976000000000002,1.6266,0.84919999999999995,-89.7547,-64.889700000000005,-24.7623,0,-0.1027,35.870399999999997,64.623099999999994,-28.752700000000001,2.7517999999999998,2.7517999999999998,0,10.485500000000002,118.96899999999999,121.9503,113.334,6.7953999999999999,1.8209,-2.9813000000000001,-1.079,0,-1.9023000000000001,94.202799999999996,213.7945,91.360200000000006,52.317300000000003,5.2923,64.824700000000007,-119.5917,-15.892799999999999,-43.097200000000001,-36.390799999999999,-24.210899999999999,-115.9716,774.20960000000002,591.63160000000005,0,182.578,-890.18119999999999,-601.99540000000002,-3.0663,-285.11950000000002,0,99.195800000000006,0,-185.91050000000001,0,0.60699999999999998
2006-03,900.03139999999996,1110.5489,1236.3912,3526.1608999999999,2520.2064,320.89980000000003,452.11759999999998,219.66759999999999,13.269500000000001,-2289.7696999999998,-370.95830000000001,-399.71690000000001,-1519.0944999999999,52.148000000000003,492.09309999999999,221.5403,135.26070000000001,8.5494000000000003,4.2037000000000004,10.114100000000001,38.0077,3.8553000000000002,28.097000000000001,1.3298000000000001,8.3742999999999999,2.2311000000000001,0.12970000000000001,7.8220000000000001,9.3109999999999999,13.2667,0,-439.94510000000002,-61.421500000000002,-104.7231,-13.3988,-21.4575,-9.1882000000000001,-91.492099999999994,-53.491700000000002,-6.7398999999999996,-10.551,-9.7539999999999996,-1.3100000000000001E-2,-5.4443999999999999,-24.546900000000001,-7.0583,-20.6646,0,-216.88409999999999,8.4818999999999996,2.8586999999999998,1.9663999999999999,2.6478000000000002,1.0089999999999999,-225.36600000000001,-87.844399999999993,-137.25470000000001,0,-0.26690000000000003,38.893799999999999,73.644800000000004,-34.750999999999998,4.5921000000000003,4.6165000000000003,-2.4400000000000002E-2,-215.1095,160.13829999999999,169.9511,84.043000000000006,9.8056999999999999,76.102400000000003,-9.8127999999999993,-0.89610000000000001,0,-8.9167000000000005,71.428299999999993,298.36930000000001,69.865200000000002,147.90880000000001,22.043800000000001,58.551499999999997,-226.941,-45.275599999999997,-160.98689999999999,-4.5984999999999996,-16.079999999999998,-280.78289999999998,932.20389999999998,696.41520000000003,0,235.78870000000001,-1212.9867999999999,-696.29340000000002,-5.9379999999999997,-510.75540000000001,0,85.192499999999995,-14.988,-236.0977,0,0.39839999999999998
2006-04,1284.8126,1202.6351,1351.2655999999999,3531.9279000000001,2390.0005999999998,356.9622,434.65719999999999,335.92919999999998,14.3786,-2180.6623,-352.7473,-325.74970000000002,-1502.1652999999999,82.558000000000007,491.62299999999999,199.99959999999999,132.24809999999999,10.5578,3.0665,9.8409999999999993,33.484400000000001,1.4249000000000001,38.848999999999997,31.136600000000001,8.5048999999999992,0.46639999999999998,0.35949999999999999,6.0822000000000003,4.9592999999999998,10.642899999999999,0,-409.065,-61.273000000000003,-74.170900000000003,-11.1782,-37.0792,-9.6218000000000004,-78.108800000000002,-54.133200000000002,-10.434799999999999,-8.8518000000000008,-14.5966,-0.2044,-7.0776000000000003,-9.4847999999999999,-4.7251000000000003,-28.1248,0,-265.92989999999998,8.1354000000000006,3.2736999999999998,2.1907000000000001,1.9681,0.70289999999999997,-274.06529999999998,-130.25200000000001,-143.68860000000001,0,-0.12470000000000001,34.741399999999999,75.704499999999996,-40.963099999999997,0.70099999999999996,0.85129999999999995,-0.15029999999999999,81.476500000000044,154.23169999999999,160.56800000000001,147.7123,10.569699999999999,2.286,-6.3362999999999996,-0.66930000000000001,0,-5.6669999999999998,361.47919999999999,914.82429999999999,81.066299999999998,783.59550000000002,1.9370000000000001,48.225499999999997,-553.3451,-17.085799999999999,-507.43900000000002,-1.0192000000000001,-27.801100000000002,-351.4692,1035.6442,560.49689999999998,0,475.14729999999997,-1387.1134,-676.29459999999995,-3.1926999999999999,-707.62609999999995,0,-0.75419999999999998,0,-82.010999999999996,0,0.39610000000000001
2006-05,1564.058,1569.6468,1805.8387,4265.4237000000003,2866.0243999999998,407.81490000000002,477.41890000000001,498.42880000000002,15.736800000000001,-2459.585,-406.60770000000002,-376.9307,-1676.0465999999999,23.992999999999999,497.4194,192.0282,145.30439999999999,13.1302,4.2793999999999999,11.382899999999999,41.295699999999997,1.629,35.789299999999997,5.7651000000000003,9.093,0.55349999999999999,0.3155,9.7674000000000003,8.2098999999999993,18.875800000000002,0,-473.42630000000003,-68.630399999999995,-83.981999999999999,-12.1267,-53.0259,-7.2096,-100.4821,-67.630899999999997,-7.8712999999999997,-9.1481999999999992,-14.2585,-0.12230000000000001,-4.6651999999999996,-12.676500000000001,-8.6371000000000002,-22.959599999999998,0,-303.59769999999997,18.038900000000002,11.462400000000001,3.0832000000000002,2.2193000000000001,1.274,-321.63659999999999,-142.9633,-178.53290000000001,0,-0.1404,43.412799999999997,76.8108,-33.398000000000003,1.9652000000000001,2.0409999999999999,-7.5800000000000006E-2,-7.5540999999999947,94.623500000000007,97.554199999999994,78.637299999999996,15.213800000000001,3.7031000000000001,-2.9306999999999999,-1.1588000000000001,0,-1.7719,-65.051299999999998,245.80609999999999,86.381299999999996,73.560299999999998,10.3406,75.523899999999998,-310.85739999999998,-24.2621,-218.9393,-20.005700000000001,-47.650300000000001,-86.850300000000004,984.54179999999997,675.70659999999998,0,308.83519999999999,-1071.3921,-748.63430000000005,-10.9604,-311.79739999999998,0,31.883199999999999,0,17.840800000000002,0,0.40620000000000001
2006-06,1041.4822999999999,1114.5286000000001,1452.4476999999999,3938.4457000000002,2750.9396999999999,313.82859999999999,579.94690000000003,278.89890000000003,14.8316,-2485.998,-433.17039999999997,-380.20760000000001,-1672.6198999999999,25.5259,485.44170000000003,163.63399999999999,162.11330000000001,10.3019,7.8437000000000001,8.2757000000000005,37.6995,1.1692,42.789400000000001,4.4772999999999996,9.1170000000000009,1.5752999999999999,0.80579999999999996,6.7972000000000001,16.3398,12.502700000000001,0,-459.91579999999999,-68.043099999999995,-101.3288,-12.5768,-24.179600000000001,-10.5853,-94.295699999999997,-65.376499999999993,-8.9099000000000004,-9.7706,-11.558,-8.9899999999999994E-2,-8.8808000000000007,-18.185300000000002,-7.7567000000000004,-18.378699999999998,0,-409.72739999999999,13.892799999999999,5.5891000000000002,4.9309000000000003,2.5209000000000001,0.85189999999999999,-423.62020000000001,-181.98769999999999,-241.36760000000001,0,-0.26490000000000002,46.282400000000003,76.184600000000003,-29.902200000000001,2.0158,3.0878000000000001,-1.0720000000000001,-75.06219999999999,96.174599999999998,100.3109,84.141900000000007,10.711600000000001,5.4573999999999998,-4.1363000000000003,-1.2789999999999999,0,-2.8573,-37.993899999999996,398.92489999999998,87.006,197.7508,28.023099999999999,86.144999999999996,-436.91879999999998,-25.426100000000002,-367.66449999999998,-5.1307999999999998,-38.697400000000002,-109.2607,1000.6514,632.88729999999998,0,367.76409999999998,-1109.9121,-762.84739999999999,-3.2433999999999998,-343.82130000000001,0,-12.675000000000001,0,-11.3072,0,0.91220000000000001
2006-07,1110.0831000000001,1061.4323999999999,1126.8003000000001,3475.1333,2247.8865000000001,333.34809999999999,459.49290000000002,421.66469999999998,12.741099999999999,-2348.3330000000001,-370.27140000000003,-379.4769,-1598.5847000000001,73.558199999999999,510.03769999999997,194.75200000000001,147.37299999999999,11.8858,6.3921000000000001,9.0220000000000002,55.562199999999997,2.6669999999999998,36.831800000000001,2.2843,11.463100000000001,1.7183999999999999,0.12,8.4776000000000007,10.2296,11.258800000000001,0,-436.4794,-65.2239,-72.501400000000004,-11.747299999999999,-41.789900000000003,-7.6802000000000001,-94.566000000000003,-53.344799999999999,-8.2931000000000008,-17.398599999999998,-11.3789,-1.5299999999999999E-2,-3.9491999999999998,-12.9879,-5.2935999999999996,-30.3093,0,-182.9598,11.9602,3.6484000000000001,4.7282000000000002,2.0413000000000001,1.5423,-194.92,-136.99529999999999,-57.833799999999997,0,-9.0899999999999995E-2,44.033700000000003,89.520300000000006,-45.486600000000003,9.4671000000000003,10.9163,-1.4492,39.183399999999963,156.5745,169.61429999999999,157.14850000000001,10.087300000000001,2.3784999999999998,-13.0398,-5.5265000000000004,0,-7.5133000000000001,108.4079,466.4443,105.8096,233.29679999999999,39.7029,87.635000000000005,-358.03640000000001,-21.072700000000001,-270.39690000000002,-26.485399999999998,-40.081400000000002,-289.13740000000001,856.95249999999999,587.81349999999998,0,269.13900000000001,-1146.0898999999999,-806.12929999999994,-4.2140000000000004,-335.7466,0,81.575699999999998,-5.7023000000000001,-12.535,0,0.47099999999999997
2006-08,1168.171,1044.9593,1094.0202999999999,3657.0511999999999,2542.3717999999999,372.25400000000002,450.42809999999997,277.50110000000001,14.4962,-2563.0309000000002,-424.27600000000001,-459.00630000000001,-1679.7485999999999,59.939500000000002,556.64610000000005,189.989,169.62039999999999,10.955299999999999,7.9394999999999998,12.876799999999999,53.493000000000002,2.0608,29.258700000000001,31.095400000000001,10.4146,1.044,6.6799999999999998E-2,17.638400000000001,7.9955999999999996,12.197699999999999,0,-496.70659999999998,-55.265000000000001,-96.788200000000003,-14.2425,-46.7547,-18.8704,-103.2321,-61.2575,-10.437900000000001,-11.307,-13.468400000000001,-1.95E-2,-8.6595999999999993,-31.030100000000001,-5.0361000000000002,-20.337499999999999,0,-150.94069999999999,11.600899999999999,3.1082000000000001,4.7176,2.238,1.5370999999999999,-162.54159999999999,-72.208200000000005,-90.137100000000004,0,-0.1963,41.940199999999997,74.042199999999994,-32.101999999999997,13.8096,13.8626,-5.2999999999999999E-2,109.40220000000002,153.19130000000001,156.5813,141.3426,12.1599,3.0788000000000002,-3.39,-1.8496999999999999,0,-1.5403,143.45580000000001,491.61500000000001,94.122200000000007,274.36149999999998,13.479100000000001,109.65219999999999,-348.1592,-18.752500000000001,-238.54390000000001,-46.8581,-44.0047,-204.542,939.14430000000004,682.07860000000005,0,257.06569999999999,-1143.6863000000001,-825.67139999999995,-5.2092999999999998,-312.80560000000003,0,33.3596,0,-16.0625,0,0.45590000000000003
2006-09,674.03779999999995,548.78250000000003,843.6395,3460.0545999999999,2412.9476,311.6189,505.1875,218.73439999999999,11.5662,-2616.4151000000002,-357.577,-423.66950000000003,-1835.1686,51.9893,509.81130000000002,179.72370000000001,151.70269999999999,13.279299999999999,4.5336999999999996,8.4354999999999993,50.064399999999999,2.1583000000000001,49.600900000000003,4.3682999999999996,7.6654,2.4508999999999999,0.20330000000000001,11.437799999999999,8.6171000000000006,15.5703,0,-457.822,-53.994799999999998,-81.802599999999998,-14.656000000000001,-56.63,-21.097999999999999,-97.347999999999999,-54.457000000000001,-8.2649000000000008,-9.5679999999999996,-8.7765000000000004,-2.2000000000000001E-3,-6.8281000000000001,-21.598600000000001,-4.1163999999999996,-18.680900000000001,0,-387.82159999999999,12.2201,3.7930999999999999,3.7871000000000001,2.2753000000000001,2.3645999999999998,-400.04169999999999,-103.28019999999999,-296.26119999999997,0,-0.50029999999999997,40.975299999999997,70.251900000000006,-29.276599999999998,10.400399999999999,10.4213,-2.0899999999999998E-2,114.8548,84.456999999999994,87.686899999999994,70.471299999999999,15.9748,1.2407999999999999,-3.2299000000000002,-1.2291000000000001,0,-2.0007999999999999,368.85120000000001,884.55719999999997,105.7372,647.60850000000005,21.041799999999999,110.16970000000001,-515.70600000000002,-26.245100000000001,-422.40339999999998,-36.997,-30.060500000000001,-292.83920000000001,889.6472,625.03,0,264.61720000000003,-1182.4864,-801.71439999999996,-6.9645999999999999,-373.80739999999997,0,9.4207000000000001,-52.071300000000001,-2.9636,0,0.71840000000000004
2006-10,994.56230000000005,945.24030000000005,867.52629999999999,3526.1455000000001,2363.3688000000002,314.9889,476.67039999999997,361.8784,9.2390000000000008,-2658.6192000000001,-384.2516,-443.84980000000002,-1830.5177000000001,47.330599999999997,564.15809999999999,222.3038,171.6165,17.0288,3.8249,9.0517000000000003,43.364199999999997,1.2516,32.042400000000001,0.84650000000000003,12.103,1.8754,0.59799999999999998,9.5420999999999996,11.2286,27.480699999999999,0,-516.82749999999999,-57.296199999999999,-91.1815,-21.446100000000001,-37.731999999999999,-10.798999999999999,-105.5655,-63.617100000000001,-9.6318999999999999,-43.210599999999999,-13.6312,-0.02,-11.352499999999999,-14.8809,-7.3053999999999997,-29.157699999999998,0,-15.837899999999999,224.26509999999999,5.1059999999999999,214.23840000000001,2.3205,2.6002000000000001,-240.10300000000001,-150.3425,-89.689099999999996,0,-7.1400000000000005E-2,46.221299999999999,87.644000000000005,-41.422699999999999,5.7447999999999997,5.8710000000000004,-0.12620000000000001,43.57729999999998,101.3356,104.63160000000001,90.577600000000004,12.394500000000001,1.6595,-3.2959999999999998,-1.0158,0,-2.2801999999999998,528.8134,1108.8530000000001,174.77019999999999,796.65809999999999,35.925600000000003,101.4991,-580.03959999999995,-18.951499999999999,-473.09789999999998,-13.4764,-74.513800000000003,-641.42880000000002,1025.2167999999999,639.99189999999999,0,385.22489999999999,-1666.6456000000001,-825.9982,-3.1920000000000002,-837.45540000000005,0,62.738100000000003,0,-7.8810000000000002,0,0.60919999999999996
2006-11,1549.3767,822.71100000000001,825.75890000000004,3563.1102000000001,2384.0230999999999,297.8245,555.41880000000003,314.4554,11.388299999999999,-2737.3512999999998,-393.38029999999998,-442.30279999999999,-1901.6682000000001,125.9919,600.55830000000003,268.14080000000001,171.4616,10.190300000000001,5.8917999999999999,8.0093999999999994,45.804200000000002,4.5286999999999997,27.635000000000002,7.5042999999999997,15.5185,0.65900000000000003,0.1305,11.432499999999999,8.6472999999999995,15.004300000000001,0,-474.56630000000001,-64.300200000000004,-87.067300000000003,-18.459800000000001,-48.941899999999997,-7.6932,-95.305800000000005,-61.926499999999997,-10.4473,-9.6958000000000002,-14.083,-6.7999999999999996E-3,-5.9851000000000001,-11.2958,-3.9064999999999999,-35.451300000000003,0,-176.15209999999999,18.649100000000001,11.7072,2.8441000000000001,2.9106000000000001,1.1872,-194.80119999999999,-101.1474,-92.640699999999995,0,-1.0130999999999999,47.112299999999998,67.110900000000001,-19.9986,3.1882000000000001,3.2463000000000002,-5.8099999999999999E-2,723.4774000000001,131.45419999999999,136.18719999999999,121.824,10.088699999999999,4.2744999999999997,-4.7329999999999997,-1.2146999999999999,0,-3.5183,741.57150000000001,967.58489999999995,93.713899999999995,729.09630000000004,12.167400000000001,132.60730000000001,-226.01339999999999,-13.2453,-130.19210000000001,-12.4305,-70.145499999999998,-205.95939999999999,934.30600000000004,630.53729999999996,0,303.76870000000002,-1140.2654,-772.34540000000004,-2.6970999999999998,-365.22289999999998,0,72.888099999999994,0,-16.477,0,0.80789999999999995
2006-12,1273.7012,1142.9477999999999,1180.412,4002.8775000000001,2685.2420999999999,293.66390000000001,547.37360000000001,464.36329999999998,12.2346,-2822.4654999999998,-530.66449999999998,-434.66660000000002,-1857.1344999999999,110.0712,677.54579999999999,257.74180000000001,215.4556,15.040100000000001,20.812899999999999,10.6151,69.182100000000005,5.7164999999999999,26.869299999999999,10.9407,10.1455,2.8675000000000002,1.2916000000000001,11.073600000000001,6.0815999999999999,13.7118,0,-567.47469999999998,-70.587199999999996,-111.8048,-26.733599999999999,-43.380600000000001,-8.2507999999999999,-104.6807,-65.623099999999994,-11.509499999999999,-6.5552000000000001,-12.2334,-0.37590000000000001,-9.0654000000000003,-23.209599999999998,-4.5742000000000003,-68.890600000000006,0,-199.24459999999999,169.26820000000001,9.6867999999999999,156.1431,2.4853999999999998,0.95289999999999997,-368.51280000000003,-213.10050000000001,-155.11259999999999,0,-0.29970000000000002,51.709200000000003,120.9635,-69.254300000000001,10.325200000000001,10.758100000000001,-0.43290000000000001,120.42809999999997,343.84339999999997,347.92079999999999,224.22309999999999,15.966900000000001,107.7308,-4.0773999999999999,-1.4576,0,-2.6198000000000001,-139.93459999999999,884.19290000000001,132.38820000000001,657.87850000000003,5.0683999999999996,88.857799999999997,-1024.1275000000001,-35.4923,-870.15930000000003,-9.6292000000000009,-108.8467,-141.73910000000001,1292.8892000000001,858.21600000000001,0,434.67320000000001,-1434.6283000000001,-874.53129999999999,-4.1520999999999999,-555.94489999999996,0,45.5837,-12.5343,25.209,0,1.1698999999999999
2007-01,1137.2393,1147.3561999999999,1409.0442,4030.2311,2721.5796,336.40539999999999,535.41600000000005,416.39179999999999,20.438300000000002,-2621.1869000000002,-361.70389999999998,-410.01330000000002,-1849.4698000000001,177.77080000000001,670.6739,271.82190000000003,223.03700000000001,11.9459,12.050700000000001,16.751799999999999,43.4833,5.5159000000000002,41.0471,0.99809999999999999,10.577400000000001,1.2861,1.0026999999999999,11.622,8.7459000000000007,10.788,0,-492.90309999999999,-94.366100000000003,-86.660399999999996,-14.0962,-37.669499999999999,-13.666600000000001,-104.9978,-51.838700000000003,-11.920999999999999,-8.6791999999999998,-13.893800000000001,-2.12E-2,-9.2690000000000001,-10.8024,-5.8602999999999996,-29.161000000000001,0,-485.07690000000002,14.401300000000001,4.1231999999999998,2.5148999999999999,2.5253999999999999,5.2378,-499.47820000000002,-167.85550000000001,-331.46359999999999,0,-0.15909999999999999,45.618099999999998,95.227500000000006,-49.609400000000001,18.6004,20.7864,-2.1859999999999999,-28.717199999999991,187.4143,219.35980000000001,199.51730000000001,10.8748,8.9677000000000007,-31.945499999999999,-28.264700000000001,0,-3.6808000000000001,53.273099999999999,428.36160000000001,54.056399999999996,253.16849999999999,27.851600000000001,93.2851,-375.08850000000001,-20.5427,-226.64230000000001,-48.598999999999997,-79.304500000000004,-130.77359999999999,1106.1238000000001,690.4873,0,415.63650000000001,-1236.8974000000001,-823.66890000000001,-2.6972,-410.53129999999999,0,55.936500000000002,-23.235199999999999,-171.3323,0,1.4579
2007-02,855.68880000000001,822.24260000000004,724.15200000000004,3193.3656000000001,2154.5041999999999,270.7516,575.15139999999997,177.58019999999999,15.3782,-2469.2136,-304.27179999999998,-626.09960000000001,-1538.8421000000001,139.8897,579.31470000000002,238.36680000000001,180.6456,9.4368999999999996,11.216900000000001,16.1571,37.827199999999998,5.2935999999999996,37.449399999999997,1.2315,6.5675999999999997,1.4365000000000001,0.22209999999999999,13.6257,10.1221,9.7157999999999998,0,-439.42500000000001,-82.134900000000002,-80.447100000000006,-13.192299999999999,-39.876899999999999,-7.5929000000000002,-85.039400000000001,-48.457900000000002,-7.0819000000000001,-13.4664,-14.959300000000001,-4.4000000000000003E-3,-11.554,-14.473800000000001,-4.6818,-16.462199999999999,0,-82.909400000000005,9.4509000000000007,3.3490000000000002,1.8233999999999999,2.0707,2.2078000000000002,-92.360299999999995,-45.586799999999997,-46.695099999999996,0,-7.8399999999999997E-2,41.110300000000002,71.942700000000002,-30.8324,4.6605999999999996,6.4031000000000002,-1.7424999999999999,28.785600000000045,118.7945,123.0926,81.742699999999999,8.0213000000000001,33.328600000000002,-4.2980999999999998,-0.79179999999999995,0,-3.5063,-57.107900000000001,331.60840000000002,24.012799999999999,211.13509999999999,27.307200000000002,69.153300000000002,-388.71629999999999,-25.410799999999998,-278.3886,-20.936599999999999,-63.9803,39.566299999999998,1264.0169000000001,822.45270000000005,0,441.56420000000003,-1224.4505999999999,-773.44730000000004,-2.4597000000000002,-448.54360000000003,0,241.5607,-10.145,-303.88299999999998,0,1.5416000000000001
2007-03,1379.4203,1026.1110000000001,1137.3947000000001,3987.5428000000002,2565.2736,363.1157,711.96159999999998,331.3288,15.863200000000001,-2850.1480999999999,-368.86059999999998,-467.7473,-2013.5401999999999,100.24,616.48239999999998,249.5412,190.05070000000001,18.681699999999999,5.2088000000000001,10.241199999999999,35.6511,5.8376000000000001,38.782299999999999,4.9669999999999996,9.1823999999999995,3.4988999999999999,0.70069999999999999,10.921099999999999,11.494999999999999,21.722799999999999,0,-516.24239999999998,-80.501199999999997,-105.735,-19.46,-50.802900000000001,-8.9741,-101.0184,-61.817500000000003,-10.2895,-6.7468000000000004,-15.3642,-0.25890000000000002,-5.4019000000000004,-14.461,-8.7156000000000002,-26.695399999999999,0,-273.25479999999999,10.335900000000001,4.3204000000000002,2.0846,3.0871,0.84379999999999999,-283.59070000000003,-146.68629999999999,-136.6053,0,-0.29909999999999998,61.731099999999998,94.821299999999994,-33.090200000000003,2.0733000000000001,2.5293000000000001,-0.45600000000000002,351.23579999999998,194.13910000000001,198.92449999999999,175.71510000000001,17.448799999999999,5.7606000000000002,-4.7854000000000001,-1.7826,0,-3.0028000000000001,88.8994,376.2353,23.328800000000001,203.00909999999999,20.1798,129.7176,-287.33589999999998,-24.7944,-155.9725,-19.131399999999999,-87.437600000000003,87.962900000000005,1299.0382999999999,669.44780000000003,0,629.59050000000002,-1211.0753999999999,-825.89869999999996,-2.3393000000000002,-382.8374,0,41.744100000000003,0,-61.509700000000002,0,1.3594999999999999
2007-04,1645.0913,1330.6246000000001,1543.6324,4120.2148999999999,2595.5277000000001,459.565,509.887,546.875,8.3602000000000007,-2576.5825,-355.73680000000002,-510.48129999999998,-1710.3643999999999,12.476699999999999,581.57159999999999,233.1352,193.9161,15.860300000000001,5.5949999999999998,11.1761,40.433799999999998,1.9428000000000001,28.414300000000001,3.0453000000000001,10.4459,5.4650999999999996,0.19409999999999999,14.5722,6.7976999999999999,10.5777,0,-569.09490000000005,-79.154300000000006,-112.00879999999999,-15.791499999999999,-100.8276,-9.0922999999999998,-106.5839,-57.420900000000003,-7.7572999999999999,-7.3596000000000004,-17.578399999999998,-7.7999999999999996E-3,-6.4366000000000003,-16.680800000000001,-6.9703999999999997,-25.424700000000001,0,-265.22550000000001,10.7033,5.3677999999999999,2.4666999999999999,2.3157000000000001,0.55310000000000004,-275.92880000000002,-155.99160000000001,-119.81529999999999,0,-0.12189999999999999,39.741,83.334100000000007,-43.5931,2.7561,2.8090999999999999,-5.2999999999999999E-2,311.71029999999996,220.70920000000001,224.66739999999999,205.84610000000001,12.473800000000001,6.3475000000000001,-3.9582000000000002,-3.2810000000000001,0,-0.67720000000000002,151.70349999999999,412.26859999999999,12.2645,259.49959999999999,41.264800000000001,99.239699999999999,-260.56509999999997,-15.8687,-135.93680000000001,-32.986199999999997,-75.773399999999995,-33.877499999999998,1259.4594,572.18510000000003,0,687.27430000000004,-1293.3369,-847.69650000000001,-11.393000000000001,-434.24740000000003,0,58.402900000000002,-29.235800000000001,-55.991999999999997,0,1.5482
2007-05,1942.93,1641.6469,1817.0307,4930.0934999999999,3296.6534000000001,581.63620000000003,599.66210000000001,433.37040000000002,18.7714,-3113.0628000000002,-400.94139999999999,-572.42060000000004,-2139.7008000000001,48.392099999999999,625.09339999999997,215.58349999999999,202.45769999999999,14.71,8.4985999999999997,13.7746,45.325400000000002,11.507199999999999,41.86,1.1172,15.868399999999999,7.3247,0.1076,16.325399999999998,13.613300000000001,17.0198,0,-576.70129999999995,-89.0886,-109.1781,-19.005199999999999,-75.350200000000001,-8.4426000000000005,-102.4169,-75.356800000000007,-15.2942,-6.9600999999999997,-13.1576,-9.0899999999999995E-2,-8.8178999999999998,-23.471900000000002,-11.321199999999999,-18.749099999999999,0,-293.55419999999998,72.186400000000006,14.313499999999999,49.342300000000002,2.5888,5.9417999999999997,-365.74059999999997,-130.5016,-235.1146,0,-0.1244,69.778300000000002,80.837699999999998,-11.0594,4.3227000000000002,4.3853,-6.2600000000000003E-2,296.96069999999997,189.8903,193.9975,169.87260000000001,19.3339,4.7910000000000004,-4.1071999999999997,-1.2897000000000001,0,-2.8174999999999999,192.46129999999999,1161.9121,33.508499999999998,941.71460000000002,56.2851,130.40389999999999,-969.45079999999996,-27.132400000000001,-823.20740000000001,-18.742100000000001,-100.3689,-105.4539,1752.3069,891.92610000000002,0,860.38080000000002,-1857.7608,-1184.8513,-2.4125000000000001,-670.49699999999996,0,59.7044,-24.8872,-14.754200000000001,0,2.0108999999999999
2007-06,2163.8510000000001,1509.0834,1825.6579999999999,4886.9760999999999,3009.3065999999999,529.48649999999998,605.73170000000005,727.93,14.5213,-3061.3181,-463.0779,-526.53480000000002,-2071.7053000000001,90.817499999999995,657.10670000000005,183.64269999999999,216.78639999999999,23.528199999999998,14.94,12.011100000000001,50.604199999999999,3.0165999999999999,71.872600000000006,5.4551999999999996,16.086500000000001,4.7854999999999999,0.13500000000000001,23.192799999999998,14.370900000000001,16.678899999999999,0,-566.28909999999996,-86.790999999999997,-100.3729,-54.671900000000001,-43.0762,-9.43,-105.9811,-67.206500000000005,-11.0451,-11.3034,-18.111999999999998,-1.1259999999999999,-7.2862999999999998,-14.145,-5.8937999999999997,-29.847799999999999,0,-477.37169999999998,15.245100000000001,6.8064999999999998,3.7061000000000002,2.5588000000000002,2.1737000000000002,-492.61680000000001,-188.10659999999999,-303.971,0,-0.53920000000000001,69.979600000000005,79.388900000000007,-9.4093,2.7254,3.2138,-0.4884,652.04219999999998,197.9256,206.95099999999999,179.93270000000001,18.082799999999999,8.9354999999999993,-9.0253999999999994,-3.6654,0,-5.36,536.59979999999996,1207.4648999999999,68.304100000000005,913.26660000000004,17.667000000000002,208.22720000000001,-670.86509999999998,-20.5914,-521.77250000000004,-3.5032999999999999,-124.9979,-121.2808,1415.0174999999999,652.67960000000005,0,762.33789999999999,-1536.2982999999999,-941.94240000000002,-5.7187999999999999,-588.63710000000003,0,12.521699999999999,0,26.2759,0,2.8555999999999999
2007-07,657.66480000000001,1261.5751,1309.3271999999999,4684.4021000000002,2719.8335000000002,781.1653,598.60640000000001,562.28150000000005,22.5153,-3375.0749000000001,-518.8442,-645.91449999999998,-2210.3162000000002,137.08029999999999,691.19600000000003,262.69279999999998,234.22479999999999,13.999499999999999,7.9974999999999996,11.6898,41.801699999999997,7.8851000000000004,41.198599999999999,4.335,9.2067999999999994,2.1978,0.27879999999999999,19.5947,10.8567,23.2364,0,-554.11569999999995,-110.01649999999999,-95.880600000000001,-13.531000000000001,-40.4495,-9.9064999999999994,-121.6996,-60.647300000000001,-13.3147,-7.3630000000000004,-18.14,-5.1776999999999997,-10.726100000000001,-14.113099999999999,-5.3215000000000003,-27.828600000000002,0,-258.26960000000003,13.6396,5.4009,3.6732999999999998,2.4678,2.0975999999999999,-271.9092,-133.57939999999999,-138.1677,0,-0.16209999999999999,73.437200000000004,97.489800000000002,-24.052600000000002,28.491599999999998,32.616700000000002,-4.1250999999999998,-632.40149999999994,168.27,181.69149999999999,149.28639999999999,17.273700000000002,15.131399999999999,-13.4215,-5.1078000000000001,0,-8.3137000000000008,649.50160000000005,1532.0669,71.578100000000006,1151.1069,87.49,221.89189999999999,-882.56529999999998,-47.542400000000001,-683.36500000000001,-31.404199999999999,-120.25369999999999,-1235.1288999999999,792.50019999999995,644.00900000000001,0,148.49119999999999,-2027.6291000000001,-1227.1615999999999,-36.612200000000001,-763.85530000000006,0,-175.6534,-1.4895,-37.901299999999999,0,3.3412999999999999
2007-08,-917.20960000000002,829.62339999999995,912.76919999999996,4729.8386,2666.5596,644.87450000000001,735.68010000000004,654.71860000000004,28.005800000000001,-3817.0693999999999,-450.5856,-858.72529999999995,-2507.7584000000002,22.546700000000001,672.63469999999995,235.9539,247.78899999999999,12.9754,5.9126000000000003,13.5305,54.137300000000003,2.0933000000000002,42.7014,2.4055,13.8939,2.4407000000000001,0.32840000000000003,12.924799999999999,8.9055,16.642499999999998,0,-650.08799999999997,-115.08329999999999,-92.057199999999995,-16.604099999999999,-68.382199999999997,-9.8183000000000007,-156.8938,-62.763599999999997,-21.056899999999999,-30.854900000000001,-14.101699999999999,-3.1871999999999998,-16.930599999999998,-19.8017,-6.2191000000000001,-16.333400000000001,0,-179.8014,33.972299999999997,5.9191000000000003,22.754799999999999,2.8290000000000002,2.4693999999999998,-213.77369999999999,-61.806199999999997,-151.90180000000001,0,-6.5699999999999995E-2,74.108900000000006,85.519199999999998,-11.410299999999999,58.469299999999997,61.247399999999999,-2.7780999999999998,-1805.3021999999999,200.5094,204.822,189.02780000000001,13.4551,2.3391000000000002,-4.3125999999999998,-3.3256000000000001,0,-0.98699999999999999,287.67770000000002,816.67219999999998,100.05240000000001,404.54070000000002,80.418899999999994,231.6602,-528.99450000000002,-22.832599999999999,-348.01150000000001,-42.187199999999997,-115.9632,-2326.5673999999999,872.99620000000004,621.71780000000001,0,251.2784,-3199.5636,-1892.316,-31.262799999999999,-1275.9848,0,-8.3131000000000004,0,41.391199999999998,0,5.6364999999999998
2007-09,-481.06450000000001,747.08749999999998,838.54570000000001,4338.0817999999999,2403.5241999999998,652.4357,690.94169999999997,574.60249999999996,16.5776,-3499.5360999999998,-389.33100000000002,-599.77030000000002,-2510.4346999999998,18.746700000000001,604.64390000000003,223.57820000000001,219.41890000000001,16.028600000000001,9.2093000000000007,9.7386999999999997,35.718400000000003,6.9478999999999997,30.707799999999999,1.7458,11.5959,0.95450000000000002,0.38119999999999998,12.2887,9.1181000000000001,17.2119,0,-585.8972,-113.4928,-84.9191,-23.4146,-41.6982,-14.1859,-141.06120000000001,-56.113300000000002,-10.206200000000001,-14.2293,-13.988799999999999,-2.2942999999999998,-14.789,-16.839500000000001,-7.2304000000000004,-31.4345,0,-179.32149999999999,9.6575000000000006,4.2771999999999997,2.2145999999999999,2.3090999999999999,0.85660000000000003,-188.97900000000001,-128.1602,-60.205199999999998,0,-0.61360000000000003,69.116600000000005,78.631900000000002,-9.5152999999999999,16.3383,17.259799999999998,-0.92149999999999999,-1244.4902999999999,189.38069999999999,203.75399999999999,182.55420000000001,14.5273,6.6725000000000003,-14.3733,-12.2982,0,-2.0750999999999999,315.25630000000001,650.87940000000003,104.6255,280.34030000000001,39.343299999999999,226.5703,-335.62310000000002,-22.217600000000001,-199.64500000000001,-14.2842,-99.476299999999995,-1802.5880999999999,956.14329999999995,599.72069999999997,0,356.42259999999999,-2758.7314000000001,-1836.8308,-8.6336999999999993,-913.26689999999996,0,0.51829999999999998,0,52.942500000000003,0,9.5180000000000007
2007-10,-717.51310000000001,917.36980000000005,1108.8054999999999,4806.7453999999998,2864.5299,673.38040000000001,560.5326,682.65300000000002,25.6495,-3697.9398999999999,-514.32759999999996,-580.38760000000002,-2603.2247000000002,-3.8269000000000002,723.44640000000004,283.23919999999998,238.13399999999999,16.801200000000001,3.2888999999999999,16.011600000000001,51.102899999999998,8.4909999999999997,34.2699,0.99309999999999998,12.306100000000001,1.8577999999999999,0.68989999999999996,21.8901,7.3262,27.044499999999999,0,-727.27329999999995,-123.74979999999999,-124.16840000000001,-22.164899999999999,-75.204800000000006,-11.6411,-157.92660000000001,-60.723199999999999,-13.7325,-10.678000000000001,-14.5364,-25.242899999999999,-14.2357,-31.521799999999999,-7.032,-34.715299999999999,0,-271.96960000000001,13.03,5.4279000000000002,2.7172999999999998,3.5992000000000002,1.2856000000000001,-284.99959999999999,-190.91589999999999,-93.947000000000003,0,-0.13669999999999999,84.360799999999998,110.8676,-26.506799999999998,4.2865000000000002,4.3166000000000002,-3.0099999999999998E-2,-1639.1693999999998,214.61600000000001,220.25030000000001,203.6447,13.1006,3.5049999999999999,-5.6342999999999996,-3.4087000000000001,0,-2.2256,35.394300000000001,951.07510000000002,113.8008,602.59950000000003,62.020200000000003,172.65459999999999,-915.68079999999998,-13.511799999999999,-735.73009999999999,-38.296199999999999,-128.14269999999999,-1869.4530999999999,1284.0062,695.80889999999999,0,588.19730000000004,-3153.4593,-2025.009,-15.3592,-1113.0911000000001,0,-130.34229999999999,-1.3589,111.9746,0,9.1390999999999991
2007-11,928.40260000000001,1046.0429999999999,1098.9667999999999,4652.0491000000002,3075.9702000000002,557.97069999999997,592.42399999999998,400.72579999999999,24.958400000000001,-3553.0823,-451.76069999999999,-681.30139999999994,-2420.0203000000001,138.32570000000001,804.94659999999999,316.98169999999999,252.54249999999999,24.391400000000001,3.6749000000000001,12.532299999999999,46.7547,10.932,63.647199999999998,6.7735000000000003,8.3450000000000006,4.3244999999999996,0.18679999999999999,14.8957,8.2248999999999999,30.7395,0,-666.62080000000003,-112.8361,-113.9234,-17.6448,-60.551099999999998,-9.8709000000000007,-138.1045,-80.321799999999996,-17.7195,-7.4809999999999999,-23.531199999999998,-26.586200000000002,-10.860300000000001,-20.709299999999999,-4.9983000000000004,-21.482199999999999,0,-271.7002,21.996300000000002,15.351599999999999,3.8003999999999998,2.37,0.4743,-293.69650000000001,-169.3707,-124.20229999999999,0,-0.1235,80.450699999999998,90.870999999999995,-10.420299999999999,4.7759999999999998,4.9846000000000004,-0.20860000000000001,-122.4162,307.08760000000001,313.5505,298.12729999999999,12.444900000000001,2.9782999999999999,-6.4629000000000003,-2.9632000000000001,0,-3.4996999999999998,399.65260000000001,869.44899999999996,84.557000000000002,426.07760000000002,97.061300000000003,261.75310000000002,-469.79640000000001,-28.237500000000001,-250.7766,-41.881999999999998,-148.90029999999999,-857.41369999999995,1210.5817,761.14739999999995,0,449.43430000000001,-2067.9953999999998,-1409.0793000000001,-13.104900000000001,-645.81119999999999,0,-1.6605000000000001,-77.599999999999994,107.51779999999999,0,11.905200000000001
2007-12,1419.1088,1552.1980000000001,1677.1932999999999,5071.0891000000001,3280.8512000000001,605.32399999999996,750.08910000000003,411.65280000000001,23.172000000000001,-3393.8957999999998,-491.45240000000001,-527.1644,-2375.279,207.66810000000001,858.77919999999995,287.06810000000002,289.94110000000001,16.581800000000001,8.8681000000000001,14.301600000000001,56.6828,8.9847000000000001,94.183800000000005,4.3042999999999996,13.165699999999999,2.8860000000000001,0.28449999999999998,17.944199999999999,8.8942999999999994,34.688299999999998,0,-651.11109999999996,-102.068,-136.95009999999999,-29.4969,-42.012799999999999,-10.577999999999999,-129.61330000000001,-73.025199999999998,-26.7377,-5.8342999999999998,-20.522200000000002,-6.5689000000000002,-11.1286,-20.2972,-5.9749999999999996,-30.303000000000001,0,-441.5557,20.388999999999999,7.6601999999999997,9.3407999999999998,2.8494999999999999,0.53849999999999998,-461.94470000000001,-300.99759999999998,-159.39750000000001,0,-1.5496000000000001,108.89230000000001,119.67149999999999,-10.779199999999999,2.3927,2.3927,0,-135.48179999999996,368.84550000000002,373.33260000000001,357.79660000000001,10.698399999999999,4.8376000000000001,-4.4870999999999999,-2.5449000000000002,0,-1.9421999999999999,69.137600000000006,730.61890000000005,73.703400000000002,408.60070000000002,36.604500000000002,211.71029999999999,-661.48130000000003,-22.955300000000001,-410.79340000000002,-83.440100000000001,-144.29249999999999,-654.64350000000002,1213.8145,874.32839999999999,0,339.48610000000002,-1868.4580000000001,-1281.0310999999999,-91.410600000000002,-496.0163,0,-2.9058999999999999,0,84.084500000000006,0,8.5198999999999998
2008-01,1567.7947999999999,1567.1128000000001,1469.3639000000001,5172.9084000000003,3056.3852000000002,806.61159999999995,765.64490000000001,526.59209999999996,17.674499999999998,-3703.5445,-513.47550000000001,-606.25040000000001,-2583.8186000000001,168.85830000000001,905.08849999999995,357.04180000000002,301.98480000000001,16.582699999999999,8.5645000000000007,18.624099999999999,54.253300000000003,8.4666999999999994,52.265799999999999,11.976800000000001,12.510999999999999,3.4239000000000002,0.20280000000000001,28.3065,8.1734000000000009,22.7105,0,-736.23019999999997,-157.67240000000001,-128.18510000000001,-18.6858,-58.884300000000003,-29.731200000000001,-170.2612,-70.772300000000001,-10.4208,-9.2881,-12.6629,-6.2983000000000002,-7.6825000000000001,-18.625699999999998,-11.831799999999999,-25.227799999999998,0,-145.90700000000001,20.959599999999998,8.7504000000000008,8.1473999999999993,2.4902000000000002,1.5716000000000001,-166.86660000000001,-132.32749999999999,-34.470300000000002,0,-6.88E-2,74.797600000000003,101.1932,-26.395600000000002,23.825399999999998,25.074400000000001,-1.2490000000000001,-23.14329999999994,316.16660000000002,321.04309999999998,304.43669999999997,10.4938,6.1125999999999996,-4.8765000000000001,-1.6976,0,-3.1789000000000001,398.46370000000002,845.22059999999999,133.75710000000001,361.30439999999999,106.6056,243.55350000000001,-446.75689999999997,-23.560500000000001,-168.5196,-56.463999999999999,-198.21279999999999,-600.59519999999998,1075.8036999999999,843.48350000000005,0,232.3202,-1676.3988999999999,-1140.6238000000001,-11.6531,-524.12199999999996,0,-83.956999999999994,0,-53.221400000000003,0,9.1356999999999999
2008-02,557.27149999999995,1495.04,1379.1659999999999,4832.5474999999997,3015.9391999999998,497.27179999999998,587.68110000000001,698.42510000000004,33.2303,-3453.3815,-441.76889999999997,-548.7731,-2462.8393999999998,145.42750000000001,827.23479999999995,321.98079999999999,254.2638,19.236999999999998,6.5609000000000002,13.9238,35.676099999999998,9.3527000000000005,77.909899999999993,18.178100000000001,28.2315,2.1377000000000002,0.1951,17.063400000000001,11.206799999999999,11.3172,0,-681.80719999999997,-143.49979999999999,-110.057,-19.761299999999999,-62.735799999999998,-11.2378,-139.05629999999999,-68.718800000000002,-23.5501,-6.3281000000000001,-16.418399999999998,-8.8033999999999999,-10.632099999999999,-16.348099999999999,-15.607699999999999,-29.052600000000002,0,-101.1234,14.954599999999999,6.2689000000000004,5.5494000000000003,2.7010999999999998,0.43519999999999998,-116.078,-88.3352,-27.5916,0,-0.1512,71.569900000000004,83.088899999999995,-11.519,14.7035,16.960100000000001,-2.2566000000000002,-952.47219999999982,627.57600000000002,638.1309,620.16959999999995,14.731400000000001,3.2299000000000002,-10.5549,-6.3484999999999996,0,-4.2064000000000004,397.15730000000002,750.80780000000004,153.37,203.04830000000001,149.0581,245.3314,-353.65050000000002,-19.546700000000001,-59.120800000000003,-72.474299999999999,-202.5087,-879.13289999999995,1005.3662,773.62419999999997,0,231.74199999999999,-1884.4991,-998.71519999999998,-13.3613,-872.42259999999999,0,-123.2556,0,-974.81700000000001,0,13.558199999999999
2008-03,8.5358999999999998,757.33280000000002,1185.2039,4557.8851000000004,2954.1713,462.7312,596.08960000000002,523.81590000000006,21.077000000000002,-3372.6812,-470.00009999999997,-588.6848,-2313.9962999999998,96.821600000000004,765.85739999999998,321.9751,247.73929999999999,25.4696,5.7935999999999996,13.105499999999999,41.148499999999999,7.7397999999999998,49.863,3.9885000000000002,11.531599999999999,0.3654,3.3000000000000002E-2,15.305400000000001,9.0572999999999997,12.742000000000001,0,-669.03579999999999,-139.75899999999999,-122.6921,-18.3962,-50.981099999999998,-11.118399999999999,-145.2097,-78.931399999999996,-11.320399999999999,-5.9877000000000002,-14.158099999999999,-6.9165999999999999,-11.267200000000001,-17.1205,-13.254200000000001,-21.923200000000001,0,-598.36059999999998,17.380600000000001,10.846500000000001,1.3968,2.6362000000000001,2.5011000000000001,-615.74120000000005,-119.8931,-495.02859999999998,0,-0.81950000000000001,73.667900000000003,81.135900000000007,-7.468,8.4422999999999995,8.8816000000000006,-0.43930000000000002,-757.23910000000001,312.8492,315.26459999999997,274.12790000000001,13.5465,27.590199999999999,-2.4154,-0.997,0,-1.4184000000000001,174.06209999999999,665.9194,24.737300000000001,348.83929999999998,78.808499999999995,213.5343,-491.85730000000001,-22.421199999999999,-198.06049999999999,-84.848200000000006,-186.5274,-832.40800000000002,1206.5264999999999,771.94920000000002,0,434.57729999999998,-2038.9345000000001,-1120.4480000000001,-5.1172000000000004,-913.36929999999995,0,-174.91159999999999,0,-236.83080000000001,0,13.046099999999999
2008-04,-363.37270000000001,1490.0152,1780.8317,6184.29,3299.0444000000002,942.96619999999996,809.57950000000005,1091.2239999999999,41.475900000000003,-4403.4583000000002,-617.58799999999997,-974.45150000000001,-2811.4189000000001,15.448399999999999,834.67370000000005,285.95839999999998,268.81110000000001,20.329899999999999,6.2526000000000002,17.4879,40.065399999999997,9.0634999999999994,105.842,2.2845,15.877700000000001,1.2499,0.26400000000000001,24.816299999999998,10.656499999999999,25.714099999999998,0,-819.22529999999995,-134.36580000000001,-154.19829999999999,-20.9207,-107.9254,-14.0136,-172.5042,-81.616299999999995,-17.427,-10.304600000000001,-30.215199999999999,-6.7591000000000001,-11.518000000000001,-22.980499999999999,-15.275700000000001,-19.200900000000001,0,-390.49740000000003,17.2912,8.2098999999999993,2.9076,2.9813000000000001,3.1924000000000001,-407.78859999999997,-206.61789999999999,-200.91200000000001,0,-0.25869999999999999,84.232500000000002,110.61020000000001,-26.377700000000001,10.250400000000001,10.6608,-0.41039999999999999,-1863.6380000000001,170.1602,175.6609,152.40010000000001,15.1273,8.1334999999999997,-5.5007000000000001,-3.2955999999999999,0,-2.2050999999999998,-24.631,645.38530000000003,41.007300000000001,259.49360000000001,92.749399999999994,252.13499999999999,-670.0163,-11.9375,-369.06569999999999,-56.479100000000003,-232.53399999999999,-1907.8251,1559.3356000000001,799.53210000000001,0,759.80349999999999,-3467.1606999999999,-1982.4818,-7.4960000000000004,-1477.1829,0,-131.59200000000001,0,30.2499,0,12.6021
2008-05,-2020.0458000000001,1619.8163999999999,2149.3715000000002,6063.3456999999999,3442.6212,982.78359999999998,707.12829999999997,903.27880000000005,27.5337,-3913.9742000000001,-566.79399999999998,-659.24459999999999,-2687.9355999999998,-71.97,769.58299999999997,279.05869999999999,275.62979999999999,23.029399999999999,8.3039000000000005,15.2813,47.611199999999997,2.9565999999999999,44.11,4.0346000000000002,11.992000000000001,0.95689999999999997,0.77390000000000003,30.386299999999999,11.557600000000001,13.901,0,-841.553,-156.48759999999999,-179.20609999999999,-21.003499999999999,-82.211600000000004,-14.9382,-167.22659999999999,-102.12130000000001,-13.686,-10.3362,-18.433499999999999,-12.1449,-17.254999999999999,-17.332799999999999,-11.1449,-18.024699999999999,0,-533.90989999999999,23.229900000000001,14.4975,3.7048999999999999,3.5333000000000001,1.4942,-557.13980000000004,-159.32579999999999,-396.85849999999999,0,-0.95550000000000002,76.324799999999996,86.313900000000004,-9.9891000000000005,6.6544999999999996,6.6879,-3.3399999999999999E-2,-3646.5167999999999,193.6755,205.98859999999999,189.1541,15.245699999999999,1.5888,-12.3131,-8.1618999999999993,0,-4.1512000000000002,-125.76649999999999,740.69389999999999,33.9771,352.79140000000001,84.131,269.7944,-866.46040000000005,-10.003500000000001,-474.52910000000003,-82.451599999999999,-299.47620000000001,-3443.8071,1359.6868999999999,771.25379999999996,0,588.43309999999997,-4803.4939999999997,-3245.3359,-20.3371,-1537.8209999999999,0,-311.59879999999998,0,40.9801,0,13.5284
2008-06,-1219.6978999999999,1366.3104000000001,1706.1487,5665.9858999999997,3498.8690999999999,895.42939999999999,614.76239999999996,612.70339999999999,44.221600000000002,-3959.8371999999999,-580.57000000000005,-691.54330000000004,-2687.7238000000002,136.928,816.3682,258.68880000000001,287.98809999999997,34.319099999999999,6.5198,12.234400000000001,66.178700000000006,8.4069000000000003,47.161799999999999,0.77139999999999997,11.9017,6.8262999999999998,0.24929999999999999,21.750299999999999,17.598199999999999,35.773600000000002,0,-679.44029999999998,-148.93389999999999,-115.9847,-24.459599999999998,-38.970199999999998,-12.039,-145.40880000000001,-91.891000000000005,-12.3042,-5.4092000000000002,-21.5259,-5.9444999999999997,-16.318999999999999,-14.3599,-5.0354000000000001,-20.854900000000001,0,-552.9615,17.577300000000001,5.7103000000000002,7.9943,3.4483999999999999,0.42430000000000001,-570.53880000000004,-219.53469999999999,-350.68810000000002,0,-0.316,76.1952,87.501499999999993,-11.3063,6.9432,8.0508000000000006,-1.1075999999999999,-2592.9519,412.0324,419.58049999999997,400.02679999999998,8.7718000000000007,10.7819,-7.5480999999999998,-2.3226,0,-5.2255000000000003,364.77199999999999,874.61519999999996,56.597900000000003,396.8159,123.37860000000001,297.82279999999997,-509.84320000000002,-39.6708,-152.13300000000001,-87.252499999999998,-230.7869,-2851.3849,1114.2731000000001,815.30219999999997,0,298.97089999999997,-3965.6579999999999,-2537.9103,-1.6611,-1426.0866000000001,0,-562.17690000000005,0,43.805500000000002,0,12.1058
2008-07,189.01949999999999,1902.7168999999999,1925.4222,6950.7183000000005,4147.1554999999998,1128.3,774.77120000000002,865.1318,35.3598,-5025.2960999999996,-673.62810000000002,-914.59259999999995,-3437.0754000000002,191.86529999999999,977.83479999999997,312.3381,331.05889999999999,24.6143,4.3502999999999998,14.471,56.583399999999997,3.2475999999999998,133.613,1.9575,16.536100000000001,1.3613999999999999,0.62209999999999999,26.503699999999998,20.842300000000002,29.734999999999999,0,-785.96950000000004,-144.24719999999999,-153.17529999999999,-22.170999999999999,-36.987400000000001,-14.081099999999999,-170.10980000000001,-97.543000000000006,-19.413699999999999,-13.3286,-18.630700000000001,-17.151599999999998,-15.719200000000001,-22.466999999999999,-13.7012,-27.242599999999999,0,-302.02730000000003,21.924900000000001,6.4527999999999999,11.143700000000001,3.0167999999999999,1.3116000000000001,-323.9522,-144.59370000000001,-178.41679999999999,0,-0.94169999999999998,87.456699999999998,112.5457,-25.088999999999999,30.801400000000001,32.136800000000001,-1.3353999999999999,-1744.4986000000001,332.38850000000002,339.76650000000001,319.8449,14.142200000000001,5.7793999999999999,-7.3780000000000001,-3.6715,0,-3.7065000000000001,327.46769999999998,1024.0998,65.976200000000006,493.44409999999999,102.3108,362.36869999999999,-696.63210000000004,-36.319000000000003,-222.58359999999999,-100.3772,-337.35230000000001,-1998.0693000000001,1599.2170000000001,1140.3041000000001,0,458.91289999999998,-3597.2863000000002,-2209.1026000000002,-2.2160000000000002,-1385.9676999999999,0,-642.27250000000004,0,235.98699999999999,0,13.273400000000001
2008-08,1.5734999999999999,1465.4721999999999,1692.4417000000001,6099.9696999999996,3954.8253,967.57839999999999,569.78989999999999,575.32349999999997,32.452599999999997,-4407.5280000000002,-510.8211,-695.73779999999999,-3200.9690999999998,16.8291,785.82330000000002,281.60950000000003,273.03019999999998,25.7819,7.0472999999999999,15.468299999999999,41.102699999999999,9.4873999999999992,55.995100000000001,1.3399000000000001,18.2973,0.61829999999999996,0.43180000000000002,21.396100000000001,14.652699999999999,19.564800000000002,0,-768.99419999999998,-141.285,-120.6681,-23.438500000000001,-86.1477,-12.2568,-162.39109999999999,-93.862700000000004,-14.647399999999999,-6.7483000000000004,-19.034600000000001,-2.7000999999999999,-37.779499999999999,-18.843499999999999,-7.6105999999999998,-21.580300000000001,0,-328.83969999999999,12.1145,4.9126000000000003,3.0771000000000002,3.7105000000000001,0.4143,-340.95420000000001,-73.587999999999994,-266.40539999999999,0,-0.96079999999999999,85.0411,95.936499999999995,-10.8954,28.9361,30.5489,-1.6128,-1492.8349000000003,219.0187,264.96319999999997,250.44749999999999,12.548999999999999,1.9666999999999999,-45.944499999999998,-41.452199999999998,0,-4.4923000000000002,96.152199999999993,866.01589999999999,90.013300000000001,328.60129999999998,113.756,333.64530000000002,-769.86369999999999,-22.135300000000001,-399.73020000000002,-83.448700000000002,-264.54950000000002,-1576.8767,1476.6628000000001,998.06780000000003,0,478.59500000000003,-3053.5394999999999,-1623.7473,-3.5430999999999999,-1426.2491,0,-335.56060000000002,0,104.4315,0,13.093500000000001
2008-09,-351.93639999999999,1630.0707,1783.4867999999999,6093.0420000000004,4030.924,851.62689999999998,777.32370000000003,408.86239999999998,24.3049,-4309.5551999999998,-501.74209999999999,-627.05160000000001,-3180.7615999999998,75.872,849.7758,281.39150000000001,302.78370000000001,25.8276,6.0495999999999999,13.847200000000001,55.501800000000003,12.1669,71.9422,2.3546,18.273499999999999,2.0472999999999999,0.2326,22.165800000000001,15.457100000000001,19.734400000000001,0,-773.90380000000005,-165,-138.13380000000001,-23.334399999999999,-48.399299999999997,-18.237200000000001,-177.70359999999999,-71.000100000000003,-12.678699999999999,-8.4589999999999996,-17.731400000000001,-10.735200000000001,-31.049199999999999,-22.9816,-8.4893999999999998,-19.9709,0,-300.1601,14.881,4.9297000000000004,5.5712999999999999,3.8108,0.56920000000000004,-315.04109999999997,-128.82329999999999,-184.44139999999999,0,-1.7764,70.872,81.480199999999996,-10.6082,11.3439,11.5951,-0.25119999999999998,-1993.3513999999996,220.52359999999999,254.32060000000001,224.2713,8.5320999999999998,21.517199999999999,-33.796999999999997,-28.4025,0,-5.3944999999999999,409.8777,1171.5020999999999,200.22210000000001,522.2826,111.4611,337.53629999999998,-761.62440000000004,-32.791499999999999,-389.96280000000002,-73.196899999999999,-265.67320000000001,-2236.5524999999998,1234.9105,865.49199999999996,0,369.41849999999999,-3471.4630000000002,-2009.3478,-19.2179,-1442.8973000000001,0,-477.64359999999999,0,90.443399999999997,0,14.151400000000001
2008-10,-3601.5904,832.12249999999995,1389.9393,5809.6597000000002,3838.1271000000002,422.3784,802.63739999999996,713.40679999999998,33.109900000000003,-4419.7204000000002,-463.18860000000001,-629.13900000000001,-3327.3928999999998,-19.163499999999999,894.50049999999999,287.3109,347.52260000000001,22.510200000000001,3.2385999999999999,16.6294,47.979799999999997,8.4893000000000001,54.485900000000001,16.671099999999999,20.603400000000001,2.1905000000000001,0.20419999999999999,34.911499999999997,13.1913,18.561900000000001,0,-913.66399999999999,-170.5376,-183.91659999999999,-24.973500000000001,-58.741,-17.972100000000001,-178.00129999999999,-98.123599999999996,-24.893599999999999,-12.9674,-31.504999999999999,-4.4591000000000003,-48.329700000000003,-26.362500000000001,-16.916,-15.9651,0,-612.62480000000005,12.374000000000001,4.0730000000000004,2.8481999999999998,4.4919000000000002,0.96089999999999998,-624.99879999999996,-204.6634,-418.33620000000002,0,-1.9992000000000001,73.971500000000006,98.274199999999993,-24.302700000000002,4.8173000000000004,4.8183999999999996,-1.1000000000000001E-3,-4438.5300999999999,430.91980000000001,463.46390000000002,434.0378,8.3925000000000001,21.0336,-32.5441,-27.657800000000002,0,-4.8863000000000003,-386.81150000000002,1021.3914,179.42910000000001,470.57260000000002,57.1629,314.22680000000003,-1408.2029,-10.1496,-861.53399999999999,-129.4281,-407.09120000000001,-4367.7066000000004,1297.7433000000001,852.11779999999999,0,445.62549999999999,-5665.4498999999996,-3891.1491000000001,-2.1848000000000001,-1772.116,0,-252.0043,0,137.07249999999999,0,19.041399999999999
2008-11,603.75670000000002,1413.2973,2070.7386000000001,5466.2960999999996,4034.2631000000001,406.71879999999999,474.2414,524.7106,26.362200000000001,-3395.5574999999999,-394.50630000000001,-544.00779999999997,-2457.0434,208.22819999999999,1014.2277,262.1191,352.2276,45.3386,8.8453999999999997,10.420500000000001,89.390799999999999,42.230600000000003,103.2336,3.1190000000000002,24.074200000000001,6.1772999999999998,0.3105,30.389099999999999,13.1562,23.195,0,-805.99950000000001,-140.35429999999999,-115.9418,-34.503799999999998,-95.255700000000004,-13.371499999999999,-143.1635,-73.439899999999994,-30.172000000000001,-5.0743,-30.920200000000001,-5.2664,-36.862900000000003,-20.800799999999999,-37.642200000000003,-23.2302,0,-932.40369999999996,17.075399999999998,9.0135000000000005,3.3803999999999998,4.3856999999999999,0.29580000000000001,-949.47910000000002,-159.2578,-789.91890000000001,0,-0.3024,66.734200000000001,75.825900000000004,-9.0916999999999994,7.6307,7.6492000000000004,-1.8499999999999999E-2,-817.17140000000018,214.24289999999999,248.54900000000001,240.91059999999999,5.8623000000000003,1.7761,-34.306100000000001,-28.153199999999998,0,-6.1528999999999998,41.572800000000001,751.73929999999996,15.0321,420.67020000000002,77.314300000000003,238.7227,-710.16650000000004,-37.138300000000001,-193.33580000000001,-139.8981,-339.79430000000002,-1226.8949,1745.2744,878.44159999999999,0,866.83280000000002,-2972.1693,-2287.2368999999999,-1.3527,-683.5797,0,-53.493699999999997,0,207.4015,0,15.050800000000001
2008-12,670.65499999999997,1388.8968,1539.3302000000001,5059.1205,3196.6596,706.22640000000001,470.36559999999997,658.09630000000004,27.772500000000001,-3519.7903000000001,-448.24459999999999,-399.0299,-2672.5158999999999,134.0675,983.21050000000002,312.5129,350.09289999999999,31.658899999999999,3.137,13.633800000000001,56.6798,6.9131,73.269199999999998,45.969200000000001,21.495699999999999,2.6332,0.30430000000000001,32.490400000000001,11.142899999999999,21.277200000000001,0,-849.14300000000003,-148.7586,-182.65090000000001,-47.562399999999997,-88.885800000000003,-14.0365,-154.9846,-69.812700000000007,-16.299299999999999,-33.939100000000003,-17.4877,-0.74329999999999996,-15.8026,-22.9331,-11.082599999999999,-24.164100000000001,0,-389.95600000000002,23.6343,5.4962,11.974399999999999,4.7849000000000004,1.3788,-413.59030000000001,-201.10300000000001,-212.1395,0,-0.3478,105.4551,117.4495,-11.994400000000001,6.2092999999999998,6.3022999999999998,-9.2999999999999999E-2,-724.45090000000005,249.28909999999999,337.55349999999999,324.14350000000002,7.6315,5.7785000000000002,-88.264399999999995,-83.957400000000007,0,-4.3070000000000004,-13.8994,736.75750000000005,27.6206,360.40129999999999,85.202699999999993,263.53289999999998,-750.65689999999995,-25.756699999999999,-273.78070000000002,-138.0284,-313.09109999999998,-1087.4404999999999,1323.6719000000001,954.61749999999995,0,369.05439999999999,-2411.1124,-1848.8480999999999,-6.1146000000000003,-556.14970000000005,0,-44.971899999999998,0,172.5718,0,17.0441
2009-01,462.0616,1333.1866,1465.1927000000001,4326.0375000000004,2525.8742999999999,710.41790000000003,546.82399999999996,507.57740000000001,35.343899999999998,-2860.8447999999999,-319.17790000000002,-270.11160000000001,-2271.5554000000002,55.344700000000003,845.40689999999995,291.49930000000001,335.74090000000001,27.153400000000001,7.58,10.398099999999999,50.619100000000003,3.0093999999999999,44.381900000000002,5.0079000000000002,21.630400000000002,3.2877999999999998,0.14699999999999999,22.990500000000001,8.6465999999999994,13.3147,0,-790.06209999999999,-199.72149999999999,-140.28129999999999,-30.3095,-101.4798,-18.217300000000002,-112.4901,-62.093600000000002,-15.042999999999999,-14.593,-14.0517,-1.3955,-16.9209,-21.4208,-11.704700000000001,-30.339500000000001,0,-252.6748,10.7247,3.3820000000000001,2.8794,3.7290999999999999,0.73419999999999996,-263.39949999999999,-187.8177,-75.461399999999998,0,-0.12039999999999999,65.323999999999998,91.468100000000007,-26.144100000000002,7.5438999999999998,7.8940999999999999,-0.35020000000000001,-878.66890000000012,199.44450000000001,253.23349999999999,242.33590000000001,7.5227000000000004,3.3748999999999998,-53.789000000000001,-50.9345,0,-2.8544999999999998,56.925899999999999,758.05420000000004,28.1751,386.43360000000001,44.229700000000001,299.2158,-701.12829999999997,-23.866299999999999,-256.13350000000003,-100.952,-320.17649999999998,-1211.4552000000001,996.95569999999998,794.3424,0,202.61330000000001,-2208.4108999999999,-1600.1771000000001,-33.180199999999999,-575.05359999999996,0,6.6848999999999998,0,69.730999999999995,0,35.9039
2009-02,-480.02480000000003,1081.7945,1147.5463999999999,3901.5169000000001,2157.9675999999999,652.51930000000004,712.13459999999998,352.1816,26.713899999999999,-2753.9704999999999,-284.51710000000003,-297.47000000000003,-2171.9834000000001,19.2134,730.49710000000005,244.57509999999999,284.50319999999999,26.2272,4.157,8.8324999999999996,38.520699999999998,9.8687000000000005,33.921599999999998,2.4845000000000002,20.171500000000002,2.1555,6.9199999999999998E-2,29.147200000000002,7.6336000000000004,18.229700000000001,0,-711.28380000000004,-178.89449999999999,-140.4924,-21.543600000000001,-102.92270000000001,-14.1099,-83.460099999999997,-73.242199999999997,-9.9809000000000001,-6.9690000000000003,-11.621499999999999,-9.7999999999999997E-3,-23.458600000000001,-16.016200000000001,-5.1529999999999996,-23.409400000000002,0,-142.94990000000001,7.8041999999999998,1.9094,2.0295999999999998,3.3506,0.51459999999999995,-150.75409999999999,-117.2099,-33.348300000000002,0,-0.19589999999999999,57.9846,68.3185,-10.3339,10.255100000000001,10.3337,-7.8600000000000003E-2,-1572.0743000000002,131.3854,139.81469999999999,132.70910000000001,6.0647000000000002,1.0408999999999999,-8.4292999999999996,-1.8806,0,-6.5487000000000002,-30.298999999999999,661.21389999999997,48.328000000000003,363.83629999999999,32.401200000000003,216.64840000000001,-691.51289999999995,-27.333400000000001,-288.9744,-96.315100000000001,-278.89,-1699.5046,1048.0916,665.0942,0,382.99740000000003,-2747.5962,-1830.2582,-7.1062000000000003,-910.23180000000002,0,-67.074700000000007,0,93.418599999999998,0,21.8095
2009-03,-2156.0643,723.62869999999998,975.23850000000004,3923.3154,2542.1698000000001,503.95339999999999,613.22640000000001,241.6207,22.345099999999999,-2948.0769,-455.44229999999999,-380.39519999999999,-2112.2393999999999,39.022300000000001,785.99779999999998,257.83449999999999,304.18560000000002,22.657900000000001,5.8326000000000002,10.4694,42.343499999999999,8.0338999999999992,41.572200000000002,9.3439999999999994,24.550599999999999,2.9897999999999998,0.124,26.7637,8.8671000000000006,20.428899999999999,0,-746.97540000000004,-173.7724,-136.3699,-25.7713,-89.682199999999995,-12.8666,-86.509,-83.1999,-9.8008000000000006,-25.314900000000002,-16.1557,-2.4199000000000002,-23.247699999999998,-25.869900000000001,-7.4485000000000001,-28.546900000000001,0,-353.42619999999999,19.9788,1.6315,13.223699999999999,4.5358000000000001,0.58779999999999999,-373.40499999999997,-114.8275,-258.16570000000002,0,-0.4118,62.7941,71.248599999999996,-8.4544999999999995,3.6461000000000001,3.8561999999999999,-0.21010000000000001,-2883.3393000000001,210.91679999999999,234.41739999999999,224.50149999999999,5.8517999999999999,4.0640999999999998,-23.500599999999999,-20.369,0,-3.1316000000000002,-233.9897,537.11919999999998,69.171300000000002,191.79140000000001,28.769500000000001,247.387,-771.10889999999995,-39.357599999999998,-312.28100000000001,-86.120699999999999,-333.34960000000001,-2806.4277000000002,1078.1548,672.91010000000006,0,405.24470000000002,-3884.5825,-3100.9211,-2.3254000000000001,-781.33600000000001,0,-77.914299999999997,0,24.075600000000001,0,27.288399999999999
2009-04,-20.092400000000001,1828.1142,2115.5783999999999,5012.1376,2947.4913999999999,808.83759999999995,723.38490000000002,509.95319999999998,22.470500000000001,-2896.5592000000001,-375.09309999999999,-451.50670000000002,-2069.9594000000002,-68.967399999999998,760.3999,247.42609999999999,305.50729999999999,24.081700000000001,8.2401,11.6591,40.628999999999998,8.0039999999999996,35.172899999999998,3.08,17.099,5.1631999999999998,0.6069,28.404499999999999,9.3963999999999999,15.929600000000001,0,-829.3673,-150.79650000000001,-211.97489999999999,-38.632100000000001,-93.011200000000002,-13.502800000000001,-86.288600000000002,-70.216700000000003,-8.1150000000000002,-18.544799999999999,-14.982799999999999,-6.1516000000000002,-32.465499999999999,-32.769100000000002,-12.4031,-39.512700000000002,0,-282.8528,8.7632999999999992,1.2847,2.9855999999999998,3.9609999999999999,0.53200000000000003,-291.61610000000002,-186.934,-104.42919999999999,0,-0.25290000000000001,64.355999999999995,87.831199999999995,-23.475200000000001,1.3053999999999999,1.3077000000000001,-2.3E-3,-1849.5117,83.622100000000003,165.1626,158.35830000000001,5.2999000000000001,1.5044,-81.540499999999994,-78.579599999999999,0,-2.9609000000000001,-386.66199999999998,574.84479999999996,73.499200000000002,221.04650000000001,21.622699999999998,258.6764,-961.5068,-12.892099999999999,-506.18650000000002,-65.644099999999995,-376.78410000000002,-1621.9262000000001,1363.5698,711.58479999999997,0,651.98500000000001,-2985.4960000000001,-2216.1950999999999,-2.5905,-766.71040000000005,0,-108.5217,0,183.9761,0,18.439800000000002
2009-05,479.76459999999997,1931.2394999999999,2765.9232999999999,5561.2966999999999,2780.6605,880.21090000000004,825.42700000000002,1041.4416000000001,33.556699999999999,-2795.3733999999999,-387.72390000000001,-356.1037,-2051.5457000000001,-21.890499999999999,674.60249999999996,192.78649999999999,258.00069999999999,29.2318,4.5423,7.8437000000000001,45.351599999999998,7.1513999999999998,40.1462,5.2656999999999998,28.085000000000001,1.5761000000000001,0.1913,28.6279,9.4834999999999994,16.318899999999999,0,-696.49300000000005,-133.91839999999999,-150.7354,-30.803999999999998,-76.4315,-11.4132,-82.595299999999995,-61.818300000000001,-6.6142000000000003,-19.1919,-16.7088,-2.92E-2,-31.068999999999999,-23.466799999999999,-22.7423,-28.954599999999999,0,-875.25279999999998,28.190799999999999,7.9005000000000001,11.174300000000001,4.6193999999999997,4.4965999999999999,-903.44359999999995,-175.69110000000001,-725.43740000000003,0,-2.3151000000000002,62.459499999999998,71.870800000000003,-9.4113000000000007,0.44500000000000001,0.52129999999999999,-7.6300000000000007E-2,-1451.9200999999998,103.71599999999999,191.0676,185.47900000000001,3.3066,2.282,-87.351600000000005,-82.7971,0,-4.5545,-184.78389999999999,448.17189999999999,30.8703,177.35,26.635200000000001,213.31639999999999,-632.95579999999995,-42.085700000000003,-196.1644,-43.633099999999999,-351.07260000000002,-1424.9474,1106.7071000000001,708.4837,0,398.22340000000003,-2531.6545000000001,-1814.7122999999999,-0.94569999999999999,-715.99649999999997,0,-73.552099999999996,0,127.6473,0,20.364899999999999
2009-06,-815.63660000000004,1463.9478999999999,1755.5533,4874.6891999999998,2813.9908999999998,847.96510000000001,569.40060000000005,617.87890000000004,25.453700000000001,-3119.1359000000002,-497.55009999999999,-422.64030000000002,-2198.9454000000001,-19.449100000000001,746.80129999999997,209.5592,305.54689999999999,31.3002,8.2481000000000009,10.1554,39.638399999999997,10.735799999999999,38.032800000000002,1.6104000000000001,27.333400000000001,2.7349999999999999,0.67090000000000005,30.158200000000001,9.6912000000000003,21.3855,0,-766.25049999999999,-122.107,-165.4742,-29.126300000000001,-101.1268,-12.102499999999999,-79.180199999999999,-63.577599999999997,-8.4032999999999998,-16.9391,-43.1066,-5.5E-2,-36.149799999999999,-25.185600000000001,-43.3979,-20.3186,0,-334.577,21.736999999999998,4.1614000000000004,10.7188,4.8878000000000004,1.9690000000000001,-356.31400000000002,-159.50729999999999,-196.4939,0,-0.31280000000000002,62.420699999999997,72.9542,-10.5335,3.4458000000000002,3.4681999999999999,-2.24E-2,-2283.0302999999999,183.12219999999999,192.3708,185.70249999999999,4.7942,1.8741000000000001,-9.2485999999999997,-3.9767999999999999,0,-5.2717999999999998,-58.995600000000003,747.78740000000005,197.1534,249.15450000000001,30.6416,270.83789999999999,-806.78300000000002,-43.651699999999998,-246.7424,-44.389800000000001,-471.9991,-2570.4760000000001,1028.3031000000001,705.33759999999995,0,322.96550000000002,-3598.7791000000002,-2877.4313999999999,-3.14,-718.20770000000005,0,-75.038899999999998,-1.7176,240.07560000000001,0,19.6342
2009-07,-264.77780000000001,1066.0139999999999,1301.8518999999999,4232.2878000000001,2715.5583000000001,506.52519999999998,467.81729999999999,511.61919999999998,30.767700000000001,-2930.4358999999999,-383.65629999999999,-390.56279999999998,-2156.2168999999999,-59.490299999999998,734.43880000000001,182.45,315.1069,30.152200000000001,5.0552000000000001,8.8431999999999995,40.2515,13.592499999999999,35.3294,4.9459,23.5794,4.1523000000000003,0.2954,36.850200000000001,10.6242,23.2104,0,-793.92909999999995,-135.80340000000001,-139.0172,-23.622800000000002,-87.016599999999997,-21.224299999999999,-100.0039,-77.688199999999995,-11.4985,-14.629300000000001,-14.618499999999999,-53.467300000000002,-33.836399999999998,-21.052,-28.990100000000002,-31.4605,0,-262.61700000000002,15.5435,3.7239,6.4561000000000002,4.4645999999999999,0.89890000000000003,-278.16050000000001,-139.76480000000001,-137.7697,0,-0.626,86.269400000000005,109.3751,-23.105699999999999,17.783300000000001,18.5276,-0.74429999999999996,-1348.5751,126.2205,178.9041,170.96019999999999,4.4805999999999999,3.4632999999999998,-52.683599999999998,-45.297899999999998,0,-7.3856999999999999,13.828099999999999,470.98809999999997,15.1273,194.73929999999999,24.809200000000001,236.31229999999999,-457.16,-45.389000000000003,-125.09480000000001,-21.194199999999999,-265.48200000000003,-1544.4509,1059.6895999999999,780.66219999999998,0,279.0274,-2604.1405,-2037.5108,-5.9078999999999997,-560.72180000000003,0,-18.520499999999998,0,74.347700000000003,0,21.764800000000001
2009-08,458.04410000000001,831.97820000000002,1147.0368000000001,4130.2371999999996,2691.7004000000002,589.38,486.27940000000001,341.63260000000002,21.244700000000002,-2983.2004000000002,-335.68689999999998,-372.37759999999997,-2275.1359000000002,-84.5261,649.71420000000001,173.3032,279.1705,19.494800000000001,7.4337999999999997,8.7235999999999994,37.495199999999997,6.7408000000000001,30.499300000000002,1.6783999999999999,21.117000000000001,3.4685999999999999,0.30840000000000001,31.195,10.6404,18.445399999999999,0,-734.24030000000005,-117.2146,-128.93719999999999,-24.868300000000001,-62.732300000000002,-10.670400000000001,-90.444800000000001,-64.098699999999994,-10.760199999999999,-13.414199999999999,-23.829499999999999,-83.599000000000004,-29.9117,-21.8126,-36.131700000000002,-15.815,0,-297.84350000000001,27.866800000000001,2.6320999999999999,20.651599999999998,4.2099000000000002,0.37319999999999998,-325.71030000000002,-70.025099999999995,-255.4803,0,-0.2049,67.311000000000007,77.488,-10.177,15.2371,18.364799999999999,-3.1276999999999999,-389.17089999999996,63.912399999999998,144.04519999999999,136.50829999999999,3.6867000000000001,3.8502000000000001,-80.132800000000003,-77.255099999999999,0,-2.8776999999999999,92.0261,674.75879999999995,184.292,184.2491,20.5916,285.62610000000001,-582.73270000000002,-5.9410999999999996,-285.72519999999997,-18.648,-272.41840000000002,-770.45119999999997,1094.6950999999999,837.59939999999995,0,257.09570000000002,-1865.1463000000001,-1415.5286000000001,-1.5862000000000001,-448.03149999999999,0,52.023899999999998,0,173.31790000000001,0,17.515499999999999
2009-09,144.5403,525.24239999999998,729.42340000000002,3967.8087999999998,2678.1922,580.15390000000002,456.68060000000003,229.54409999999999,23.238,-3238.3854000000001,-453.91660000000002,-439.8424,-2344.6262999999999,-2.4618000000000002,670.74680000000001,199.82679999999999,269.54020000000003,28.401900000000001,7.8977000000000004,8.7479999999999993,34.82,5.7499000000000002,26.470800000000001,1.1282000000000001,33.418999999999997,2.7111999999999998,0.65629999999999999,23.8901,9.2707999999999995,18.215900000000001,0,-673.20860000000005,-123.6467,-146.4725,-20.2257,-50.695900000000002,-13.351000000000001,-91.986000000000004,-75.296400000000006,-8.7711000000000006,-20.964500000000001,-17.428599999999999,-2.0209000000000001,-35.038899999999998,-31.8154,-13.8927,-21.602399999999999,0,-264.76909999999998,10.16,2.4485999999999999,3.2328999999999999,4.1534000000000004,0.3251,-274.92910000000001,-102.8485,-171.08099999999999,0,-0.99960000000000004,63.049900000000001,73.081699999999998,-10.0318,10.906599999999999,11.2729,-0.36630000000000001,-391.60910000000007,91.706800000000001,170.5814,165.73830000000001,4.2455999999999996,0.59750000000000003,-78.874600000000001,-76.2316,0,-2.6429999999999998,9.6479999999999997,606.42039999999997,62.7196,198.4402,32.828099999999999,312.4325,-596.77239999999995,-33.075600000000001,-253.2216,-17.131900000000002,-293.3433,-714.87580000000003,1211.8161,961.53679999999997,0,250.27930000000001,-1926.6919,-1291.2168999999999,-5.0381999999999998,-630.43679999999995,0,30.547999999999998,0,191.3639,0,21.179200000000002
2009-10,1199.8646000000001,848.86990000000003,1121.4486999999999,4445.2505000000001,2951.4576000000002,688.76419999999996,470.14420000000001,314.57639999999998,20.308199999999999,-3323.8018000000002,-399.35590000000002,-494.74340000000001,-2429.7024000000001,-3.0388000000000002,803.53409999999997,253.29320000000001,325.55630000000002,27.725899999999999,7.1632999999999996,11.211600000000001,37.004399999999997,7.7742000000000004,29.327200000000001,7.4329000000000001,30.33,3.4479000000000002,0.72970000000000002,25.1692,11.7448,25.6236,0,-806.5729,-137.0247,-186.13570000000001,-26.3962,-69.432100000000005,-12.6333,-94.9542,-89.112899999999996,-12.0466,-25.1936,-21.1829,-36.8247,-32.939399999999999,-21.493300000000001,-16.046299999999999,-25.1571,0,-336.50220000000002,9.6173999999999999,0.71050000000000002,3.4965999999999999,4.468,0.94230000000000003,-346.11959999999999,-167.8201,-177.30680000000001,0,-0.99270000000000003,66.962199999999996,92.202200000000005,-25.24,10.2697,10.283099999999999,-1.34E-2,340.72489999999999,194.12389999999999,200.4513,193.86420000000001,5.7542999999999997,0.83279999999999998,-6.3273999999999999,-3.4441000000000002,0,-2.8833000000000002,-136.4939,668.69489999999996,170.93860000000001,105.7119,35.851999999999997,356.19240000000002,-805.18880000000001,-8.2363,-565.58619999999996,-18.114000000000001,-213.25229999999999,102.2281,1600.2229,1110.3421000000001,0,489.88080000000002,-1497.9947999999999,-1089.3239000000001,-3.6514000000000002,-405.01949999999999,0,62.205500000000001,0,118.6613,0,21.083600000000001
2009-11,1011.5182,96.377300000000005,1059.8148000000001,4415.1992,2560.8209999999999,556.74699999999996,590.96029999999996,679.66579999999999,27.005099999999999,-3355.3843999999999,-389.8272,-407.87720000000002,-2557.6799999999998,-22.3796,827.55039999999997,286.6925,318.4769,26.566700000000001,3.4796,8.5066000000000006,37.4955,3.3704000000000001,25.208300000000001,9.3835999999999995,28.891200000000001,3.5268999999999999,0.65800000000000003,38.685400000000001,7.2572000000000001,29.351700000000001,0,-849.93,-123.8222,-207.57669999999999,-23.9712,-98.040300000000002,-12.172499999999999,-106.3668,-92.723600000000005,-12.333500000000001,-46.887900000000002,-18.566199999999998,-10.496,-29.185600000000001,-18.816800000000001,-27.503399999999999,-21.467400000000001,0,-1006.0946,11.364000000000001,1.9764999999999999,3.8525999999999998,4.3708999999999998,1.1639999999999999,-1017.4586,-191.18700000000001,-824.90189999999996,0,-1.3696999999999999,65.036699999999996,73.556100000000001,-8.5193999999999992,2.6377999999999999,2.8954,-0.2576,912.50329999999997,169.28829999999999,173.0763,162.53960000000001,5.8574000000000002,4.6792999999999996,-3.7879999999999998,-2.5615999999999999,0,-1.2263999999999999,277.8322,783.71190000000001,125.3387,212.80179999999999,55.6755,389.89589999999998,-505.87970000000001,-47.9405,-133.4743,-27.725100000000001,-296.7398,122.7814,1492.1351,1119.0922,0,373.04289999999997,-1369.3536999999999,-1005.1151,-3.6404000000000001,-360.59820000000002,0,100.96729999999999,0,241.63409999999999,0,21.413900000000002
2009-12,2224.8663000000001,567.99109999999996,842.38220000000001,4398.3301000000001,2925.7251000000001,433.27440000000001,580.45439999999996,432.2448,26.631399999999999,-3555.9479000000001,-445.22820000000002,-439.08539999999999,-2671.6342,26.994800000000001,927.95540000000005,308.91480000000001,380.39120000000003,26.5654,5.4127000000000001,10.2188,30.3887,5.8367000000000004,42.982599999999998,15.517099999999999,36.243899999999996,2.7616999999999998,0.31869999999999998,28.121400000000001,9.2734000000000005,25.008400000000002,0,-900.9606,-128.31700000000001,-177.11420000000001,-45.024500000000003,-101.1857,-11.211,-108.95959999999999,-112.0829,-9.9732000000000003,-18.574000000000002,-38.288899999999998,-49.383200000000002,-30.0471,-23.016100000000002,-19.635000000000002,-28.148199999999999,0,-402.1617,17.708100000000002,3.3940999999999999,6.1881000000000004,5.1510999999999996,2.9748000000000001,-419.8698,-192.09970000000001,-221.39490000000001,0,-6.3752000000000004,100.7758,112.78870000000001,-12.0129,1.4556,1.4875,-3.1899999999999998E-2,1655.4196999999999,279.02420000000001,297.2867,283.30029999999999,7.5083000000000002,6.4781000000000004,-18.262499999999999,-9.7493999999999996,0,-8.5130999999999997,95.802999999999997,960.58360000000005,212.73410000000001,376.90309999999999,40.667299999999997,330.27910000000003,-864.78060000000005,-33.720799999999997,-454.79160000000002,-24.823799999999999,-351.44439999999997,-175.18219999999999,1591.8974000000001,1206.5644,0,385.33300000000003,-1767.0796,-1384.1133,-8.4646000000000008,-374.50170000000003,0,59.713799999999999,0,1396.0608999999999,0,23.478999999999999
2010-01,125.5393,971.25630000000001,1068.2438,4207.0312000000004,2712.8213999999998,498.20600000000002,460.81529999999998,512.19970000000001,22.988800000000001,-3138.7874000000002,-407.80259999999998,-408.42860000000002,-2322.5562,116.2007,898.00840000000005,336.61040000000003,347.1223,26.542899999999999,6.3474000000000004,8.1384000000000007,32.269199999999998,12.6365,35.659399999999998,9.6367999999999991,23.7225,2.5682999999999998,0.29759999999999998,26.5928,12.751200000000001,17.1126,0,-781.80769999999995,-191.81530000000001,-126.6234,-22.117699999999999,-90.974699999999999,-12.9795,-97.4465,-81.242900000000006,-6.6874000000000002,-19.707999999999998,-29.438700000000001,-4.9745999999999997,-29.107299999999999,-24.376300000000001,-16.874500000000001,-27.440799999999999,0,-292.4051,12.8787,4.1218000000000004,4.5913000000000004,3.476,0.68959999999999999,-305.28379999999999,-142.48009999999999,-162.63120000000001,0,-0.17249999999999999,79.216899999999995,89.306100000000001,-10.0892,2.7803,4.2590000000000003,-1.4786999999999999,-848.4974000000002,132.8904,152.893,147.41759999999999,3.3058999999999998,2.1695000000000002,-20.002600000000001,-14.4056,0,-5.5970000000000004,-126.76519999999999,477.96050000000002,46.301900000000003,140.36519999999999,30.63,260.66340000000002,-604.72569999999996,-29.846399999999999,-246.59110000000001,-29.511800000000001,-298.77640000000002,-1074.0965000000001,1083.3955000000001,859.76020000000005,0,223.6353,-2157.4920000000002,-1712.5211999999999,-3.0261,-441.94470000000001,0,85.851799999999997,0,133.62209999999999,0,24.5349
2010-02,-357.0129,711.71529999999996,883.99789999999996,3903.4589000000001,2511.1903000000002,550.35149999999999,518.84010000000001,303.05029999999999,20.026700000000002,-3019.4609999999998,-374.8252,-403.95510000000002,-2240.6806000000001,20.121700000000001,773.55089999999996,287.90280000000001,275.99360000000001,24.654699999999998,3.4731000000000001,6.9901999999999997,28.443899999999999,14.345599999999999,31.168299999999999,9.4713999999999992,25.821400000000001,1.1944999999999999,0.72840000000000005,28.000399999999999,9.3768999999999991,25.985700000000001,0,-753.42920000000004,-179.4264,-133.14590000000001,-22.327500000000001,-97.194000000000003,-14.415100000000001,-88.857799999999997,-82.930700000000002,-6.3895,-9.6262000000000008,-23.343599999999999,-6.9241999999999999,-21.567599999999999,-24.933399999999999,-16.639700000000001,-25.7075,0,-250.94640000000001,12.9497,1.9155,6.8700999999999999,3.7898999999999998,0.37419999999999998,-263.89609999999999,-86.597200000000001,-177.07679999999999,0,-0.22209999999999999,58.542099999999998,68.099500000000006,-9.5573999999999995,2.8338000000000001,3.2321,-0.39829999999999999,-1071.5618000000002,87.994900000000001,99.8108,92.519400000000005,3.6324999999999998,3.6589,-11.815899999999999,-4.5072999999999999,0,-7.3086000000000002,108.0035,537.79169999999999,16.658799999999999,81.706500000000005,27.7728,411.65359999999998,-429.78820000000002,-18.792000000000002,-128.03049999999999,-32.749600000000001,-250.21610000000001,-1591.5217,931.92650000000003,756.98170000000005,0,174.94479999999999,-2523.4481999999998,-2055.9245000000001,-2.3454000000000002,-465.17829999999998,0,-70.961600000000004,0,394.92309999999998,0,28.594899999999999
2010-03,136.12379999999999,907.65449999999998,1255.2893999999999,4813.62,2935.9555,722.71100000000001,650.29010000000005,480.56319999999999,24.100200000000001,-3558.3305999999998,-511.53449999999998,-530.13130000000001,-2516.6646999999998,-60.851500000000001,889.49159999999995,295.7681,339.17450000000002,31.2681,5.4825999999999997,10.046099999999999,39.937100000000001,6.0667999999999997,39.591200000000001,2.9872999999999998,23.704699999999999,5.9889000000000001,0.34089999999999998,33.110500000000002,17.308599999999998,38.716200000000001,0,-950.34310000000005,-181.32769999999999,-199.8828,-44.073099999999997,-89.663899999999998,-11.8863,-120.1591,-104.12520000000001,-13.994400000000001,-21.868200000000002,-16.522400000000001,-6.8551000000000002,-23.201499999999999,-38.162599999999998,-20.270700000000001,-58.35,0,-348.03399999999999,8.1598000000000006,1.9754,1.1989000000000001,4.6475,0.33800000000000002,-356.19380000000001,-87.531300000000002,-266.4228,0,-2.2397,61.250599999999999,72.094300000000004,-10.8437,4.2442000000000002,4.3959000000000001,-0.1517,-775.77500000000009,193.2012,202.16220000000001,193.8809,7.4630000000000001,0.81830000000000003,-8.9610000000000003,-3.7078000000000002,0,-5.2531999999999996,39.117699999999999,464.05419999999998,38.026200000000003,121.745,63.990499999999997,240.29249999999999,-424.93650000000002,-34.555199999999999,-123.8764,-38.838000000000001,-227.6669,-1180.3330000000001,1131.1886999999999,965.69500000000005,0,165.49369999999999,-2311.5216999999998,-1806.5618999999999,-4.3468,-500.613,0,47.406300000000002,0,124.83280000000001,0,32.698799999999999
2010-04,1258.9096999999999,2229.9386,2410.6662000000001,5798.0167000000001,2992.7541000000001,1049.4073000000001,791.66800000000001,933.18539999999996,31.001899999999999,-3387.3505,-466.81470000000002,-452.01459999999997,-2468.5210999999999,54.665500000000002,841.31870000000004,299.06689999999998,317.07240000000002,20.317399999999999,8.4542999999999999,13.1775,36.280099999999997,9.9984000000000002,43.550899999999999,4.2358000000000002,20.974399999999999,1.1140000000000001,0.1474,34.357199999999999,6.3540000000000001,26.2179,0,-786.65319999999997,-137.28819999999999,-159.71539999999999,-15.498100000000001,-85.696200000000005,-11.057499999999999,-106.2634,-109.60590000000001,-8.577,-17.911100000000001,-21.678899999999999,-0.51160000000000005,-31.2789,-40.005499999999998,-12.8835,-28.681999999999999,0,-305.10739999999998,10.4588,1.5959000000000001,3.2997999999999998,3.9178999999999999,1.6452,-315.56619999999998,-140.32650000000001,-174.4751,0,-0.76459999999999995,69.714299999999994,80.203900000000004,-10.489599999999999,0.86109999999999998,0.86529999999999996,-4.1999999999999997E-3,-971.89019999999971,176.9308,189.15960000000001,179.5908,5.7854999999999999,3.7833000000000001,-12.2288,-8.6401000000000003,0,-3.5886999999999998,74.947699999999998,755.82439999999997,104.51600000000001,340.26490000000001,41.731699999999996,269.31180000000001,-680.87670000000003,-5.9485000000000001,-297.94880000000001,-35.514400000000002,-341.46499999999997,-1405.0691999999999,1136.2872,929.7473,0,206.53989999999999,-2541.3564000000001,-1466.4708000000001,-2.2128999999999999,-1072.6727000000001,0,-35.535699999999999,-5.79,222.62620000000001,0,30.112500000000001
2010-05,1666.2474,1302.3089,2573.0488999999998,6185.3777,3515.0864000000001,1115.6461999999999,517.74400000000003,992.16420000000005,44.736899999999999,-3612.3287999999998,-465.30459999999999,-387.59500000000003,-2759.4292999999998,-47.295000000000002,743.08759999999995,213.2054,301.61099999999999,21.389399999999998,8.7175999999999991,9.2393999999999998,32.989400000000003,10.5382,46.432099999999998,4.2839,21.049499999999998,2.3921999999999999,0.76480000000000004,31.0792,6.7873000000000001,32.6083,0,-790.38260000000002,-153.87970000000001,-149.3126,-29.8583,-111.5829,-9.1457999999999995,-116.9687,-102.7533,-9.9453999999999994,-9.2716999999999992,-14.2065,-0.88380000000000003,-22.3963,-21.302299999999999,-19.0852,-19.790199999999999,0,-1281.6289999999999,7.8464,0.46960000000000002,2.8290000000000002,3.7223999999999999,0.82540000000000002,-1289.4754,-193.572,-1095.2913000000001,0,-0.61209999999999998,58.183999999999997,68.275800000000004,-10.091799999999999,3.0131000000000001,3.0272000000000001,-1.41E-2,360.92549999999994,182.57980000000001,226.61770000000001,218.91849999999999,4.6855000000000002,3.0137,-44.0379,-19.6294,0,-24.4085,286.94569999999999,973.19809999999995,92.6584,533.00149999999996,45.810200000000002,301.72800000000001,-686.25239999999997,-56.543999999999997,-227.43860000000001,-50.619700000000002,-351.65010000000001,-273.60430000000002,1862.6277,993.81110000000001,0,868.81659999999999,-2136.232,-1594.3054999999999,-7.6928000000000001,-534.2337,0,-33.588799999999999,-1.9641,200.55719999999999,0,29.111699999999999
2010-06,1074.0623000000001,1794.5914,2621.4756000000002,6975.1787999999997,4262.7251999999999,1175.8366000000001,684.87040000000002,814.95399999999995,36.792499999999997,-4353.7031999999999,-568.07730000000004,-656.62490000000003,-3129.0010000000002,95.032899999999998,904.7482,270.5702,335.61450000000002,26.593,14.263500000000001,9.1236999999999995,42.4191,14.442299999999999,52.6873,11.5021,36.198300000000003,2.0581999999999998,0.18940000000000001,29.0246,7.4923000000000002,52.569699999999997,0,-809.71529999999996,-169.47579999999999,-166.9477,-27.2729,-43.880499999999998,-8.4879999999999995,-122.7414,-109.6215,-10.1509,-18.5547,-23.900400000000001,-0.95340000000000003,-35.013500000000001,-27.965699999999998,-22.543700000000001,-22.205300000000001,0,-980.30340000000001,10.2471,1.8996,4.0199999999999996,4.0427999999999997,0.28470000000000001,-990.55050000000006,-132.57740000000001,-855.53710000000001,0,-2.4359999999999999,58.386299999999999,69.682699999999997,-11.2964,2.8774999999999999,3.8296999999999999,-0.95220000000000005,-723.40640000000008,170.89959999999999,280.89330000000001,270.78039999999999,7.4070999999999998,2.7058,-109.9937,-100.82170000000001,0,-9.1720000000000006,-152.66720000000001,685.47460000000001,108.5514,179.85919999999999,58.199800000000003,338.86419999999998,-838.14179999999999,-26.7776,-323.74860000000001,-57.105800000000002,-430.50979999999998,-1135.4780000000001,1173.2575999999999,856.28570000000002,0,316.97190000000001,-2308.7356,-1797.7097000000001,-5.2962999999999996,-505.7296,0,-48.656100000000002,-3.4832000000000001,445.9785,0,29.409300000000002
2010-07,1394.5453,1939.4935,2062.7469999999998,6414.8932000000004,3887.2876999999999,1142.1275000000001,802.11350000000004,559.32240000000002,24.042200000000001,-4352.1462000000001,-436.15039999999999,-705.41219999999998,-3210.5835999999999,65.223500000000001,946.22749999999996,275.75940000000003,369.33949999999999,26.261399999999998,8.5183,10.3226,38.613300000000002,5.4146000000000001,53.663200000000003,1.4594,62.017499999999998,5.1581999999999999,0.53759999999999997,44.970199999999998,10.5472,33.645000000000003,0,-881.00400000000002,-179.84010000000001,-190.73269999999999,-24.943899999999999,-65.5715,-13.0124,-127.9284,-117.2525,-11.928100000000001,-13.982100000000001,-24.150600000000001,-1.5255000000000001,-39.348399999999998,-22.6767,-12.8703,-35.240900000000003,0,-266.94389999999999,9.3872999999999998,1.2437,3.3679000000000001,4.2058999999999997,0.56979999999999997,-276.33120000000002,-123.64619999999999,-152.17679999999999,0,-0.50819999999999999,78.466899999999995,88.134600000000006,-9.6677,21.030200000000001,21.7011,-0.67090000000000005,-565.97820000000002,177.66030000000001,212.26130000000001,202.46770000000001,6.2098000000000004,3.5838000000000001,-34.600999999999999,-27.6266,0,-6.9744000000000002,274.46600000000001,1032.4768999999999,46.581499999999998,465.78160000000003,44.681399999999996,475.43239999999997,-758.01089999999999,-66.792000000000002,-276.42439999999999,-36.741500000000002,-378.053,-1015.8865,1123.5864999999999,806.94439999999997,0,316.64210000000003,-2139.473,-1578.2545,-47.094999999999999,-514.12350000000004,0,-11.393000000000001,0,9.1750000000000007,0,35.368200000000002
2010-08,1105.7646999999999,976.12260000000003,1165.3109999999999,5794.6746000000003,3589.4050999999999,879.12099999999998,702.03359999999998,569.89670000000001,54.218200000000003,-4629.3635999999997,-601.50019999999995,-570.39859999999999,-3457.4647,18.976099999999999,895.2808,312.90199999999999,317.60739999999998,25.303799999999999,5.7053000000000003,8.4701000000000004,51.290199999999999,11.7934,54.258499999999998,7.8971,25.087399999999999,1.2697000000000001,0.31469999999999998,28.704999999999998,8.234,36.442300000000003,0,-876.3048,-157.65209999999999,-210.25110000000001,-36.525700000000001,-75.958600000000004,-13.1008,-138.39609999999999,-90.652199999999993,-11.676299999999999,-17.490300000000001,-16.867899999999999,-0.69510000000000005,-40.303199999999997,-25.6053,-19.946300000000001,-21.183900000000001,0,-264.0652,9.7992000000000008,0.28770000000000001,5.4191000000000003,3.766,0.32640000000000002,-273.86439999999999,-90.4739,-182.97200000000001,0,-0.41849999999999998,55.900700000000001,68.066599999999994,-12.165900000000001,25.078600000000002,28.529599999999999,-3.4510000000000001,104.5634,87.333699999999993,217.78919999999999,212.2167,4.7781000000000002,0.7944,-130.4555,-115.8353,0,-14.620200000000001,539.95669999999996,1073.8726999999999,23.3919,545.97990000000004,76.353800000000007,428.14710000000002,-533.91600000000005,-7.0545999999999998,-170.46449999999999,-36.488,-319.90890000000002,-785.48050000000001,1135.3352,867.39110000000005,0,267.94409999999999,-1920.8157000000001,-1478.0996,-4.2988999999999997,-438.41719999999998,0,-10.3911,0,273.14460000000003,0,29.060500000000001
2010-09,803.92499999999995,770.85990000000004,1054.8741,5823.9598999999998,3752.538,943.90189999999996,566.82529999999997,517.38369999999998,43.311,-4769.0857999999998,-569.31219999999996,-609.6739,-3590.0997000000002,4.0434999999999999,869.96010000000001,300.54239999999999,333.65870000000001,20.184699999999999,9.5503,8.3211999999999993,36.322699999999998,6.9337999999999997,46.558300000000003,9.6636000000000006,22.8002,4.2171000000000003,0.2276,27.198599999999999,9.3285999999999998,34.452300000000001,0,-865.91669999999999,-189.37690000000001,-162.84700000000001,-22.98,-53.884799999999998,-10.162100000000001,-137.69649999999999,-110.9564,-16.391400000000001,-34.124899999999997,-15.7761,-2.1547999999999998,-35.799100000000003,-28.167000000000002,-26.597799999999999,-19.002099999999999,0,-339.45069999999998,6.8365,0.71870000000000001,1.9590000000000001,3.7938999999999998,0.3649,-346.28719999999998,-87.067999999999998,-257.02100000000002,-7.5700000000000003E-2,-2.1225000000000001,51.393000000000001,61.408700000000003,-10.015700000000001,8.3070000000000004,8.6692,-0.36220000000000002,24.757800000000032,122.25709999999999,209.39230000000001,202.21899999999999,6.2203999999999997,0.95289999999999997,-87.135199999999998,-80.716200000000001,-4.9500000000000002E-2,-6.3695000000000004,277.8295,826.18899999999996,50.991900000000001,300.95310000000001,99.688100000000006,374.55590000000001,-548.35950000000003,-30.5792,-178.1026,-44.823300000000003,-294.8544,-716.74249999999995,1161.7085999999999,862.64760000000001,0,299.06099999999998,-1878.4511,-1463.5297,-50.941699999999997,-363.97969999999998,0,8.0812000000000008,0,333.33249999999998,0,27.804099999999998
2010-10,1005.2199000000001,910.95899999999995,1365.663,5794.5016999999998,3397.3525,865.98130000000003,788.8338,720.13649999999996,22.197600000000001,-4428.8387000000002,-530.00540000000001,-524.25739999999996,-3374.5758999999998,-51.041899999999998,851.10649999999998,292.66570000000002,341.35410000000002,25.486899999999999,3.5718999999999999,7.8056999999999999,36.064500000000002,5.9561999999999999,42.503799999999998,1.2814000000000001,25.0883,1.5925,0.2601,30.285900000000002,11.292400000000001,25.897300000000001,0,-902.14850000000001,-183.31129999999999,-224.99189999999999,-29.844000000000001,-85.340100000000007,-11.867100000000001,-128.78710000000001,-107.39149999999999,-10.093299999999999,-11.4496,-17.7743,-1.5766,-30.454799999999999,-15.1793,-19.092199999999998,-24.9955,0,-473.7115,6.2458,0.51970000000000005,2.3176999999999999,3.1337000000000002,0.2747,-479.95729999999998,-145.59030000000001,-333.32389999999998,-0.86950000000000005,-0.1736,70.049400000000006,80.760199999999998,-10.710800000000001,5.1946000000000003,5.5091999999999999,-0.31459999999999999,89.066399999999973,247.3518,290.3689,285.8655,3.8210000000000002,0.68240000000000001,-43.017099999999999,-35.47,-1.0585,-6.4885999999999999,610.63959999999997,1232.3707999999999,59.655299999999997,672.20249999999999,72.769300000000001,427.74369999999999,-621.73119999999994,-66.254999999999995,-158.58359999999999,-39.8399,-357.05270000000002,-844.08550000000002,1071.7953,823.0258,0,248.76949999999999,-1915.8807999999999,-1342.9559999999999,-2.6747000000000001,-570.25009999999997,0,11.742699999999999,-0.25,63.6678,0,34.768099999999997
2010-11,385.69009999999997,-71.494500000000002,424.26159999999999,5631.6059999999998,3458.9814000000001,731.07079999999996,722.9289,685.96410000000003,32.660699999999999,-5207.3444,-635.49900000000002,-581.55330000000004,-3990.2919999999999,-87.996899999999997,955.71500000000003,333.06450000000001,373.48149999999998,21.603400000000001,5.7618999999999998,8.0602,39.144300000000001,3.8950999999999998,44.075899999999997,2.2309999999999999,28.7744,1.4905999999999999,0.69940000000000002,29.924199999999999,8.9504999999999999,54.558100000000003,0,-1043.7119,-191.54409999999999,-263.08539999999999,-25.094200000000001,-111.1109,-11.7773,-137.37209999999999,-135.06200000000001,-14.2614,-23.1159,-37.868400000000001,-2.5314000000000001,-38.996099999999998,-20.276599999999998,-13.9001,-17.716100000000001,0,-464.92320000000001,12.214,1.5492999999999999,6.2298,3.4519000000000002,0.98299999999999998,-477.13720000000001,-167.535,-306.23259999999999,-0.89080000000000004,-2.4788000000000001,57.164000000000001,68.314300000000003,-11.1503,6.2305000000000001,6.3329000000000004,-0.1024,450.95400000000006,135.57820000000001,185.1892,179.07550000000001,4.9782999999999999,1.1354,-49.610999999999997,-40.764200000000002,-0.77849999999999997,-8.0683000000000007,537.83330000000001,1668.8610000000001,80.546999999999997,990.98839999999996,96.279799999999994,501.04579999999999,-1131.0277000000001,-115.5868,-517.8048,-86.289299999999997,-411.34679999999997,-706.07650000000001,1365.4042999999999,882.30920000000003,0,483.0951,-2071.4807999999998,-1465.6714999999999,-5.7830000000000004,-600.02629999999999,0,-9.3901000000000003,-2.5173000000000001,495.52640000000002,0,33.597900000000003
2010-12,1493.2019,836.14639999999997,1102.3447000000001,6140.5309999999999,3737.7782999999999,964.84310000000005,795.73360000000002,603.40279999999996,38.773200000000003,-5038.1863000000003,-598.26890000000003,-610.27970000000005,-3829.6378,30.186800000000002,1083.7402,369.51330000000002,427.53289999999998,34.672800000000002,5.8144999999999998,9.2323000000000004,43.329099999999997,7.8456000000000001,47.041499999999999,6.9166999999999996,26.901199999999999,4.4283999999999999,0.1195,41.553100000000001,9.3596000000000004,49.479700000000001,0,-1053.5534,-186.32169999999999,-241.86269999999999,-29.3462,-139.60079999999999,-20.556100000000001,-134.39070000000001,-138.85210000000001,-11.2712,-6.7956000000000003,-22.531099999999999,-1.6685000000000001,-38.837499999999999,-35.161499999999997,-23.932500000000001,-22.4254,0,-380.10570000000001,14.515000000000001,2.1657000000000002,6.8083999999999998,4.2454000000000001,1.2955000000000001,-394.6207,-124.6926,-266.4042,-1.5401,-1.9838,83.720600000000005,97.243899999999996,-13.523300000000001,4.2055999999999996,4.4752000000000001,-0.26960000000000001,652.84960000000001,237.84119999999999,299.07089999999999,288.77999999999997,6.0007999999999999,4.2900999999999998,-61.229700000000001,-48.9467,-2.9813999999999998,-9.3016000000000005,495.75080000000003,1451.0905,86.055599999999998,593.88419999999996,131.9248,639.22590000000002,-955.33969999999999,-38.025500000000001,-510.6549,-84.953800000000001,-321.70549999999997,-731.61519999999996,1480.4739999999999,980.39599999999996,0,500.07799999999997,-2212.0891999999999,-1759.6495,-8.4626000000000001,-443.97710000000001,0,-6.9551999999999996,0,657.82799999999997,0,36.314900000000002
2011-01,785.21960000000001,714.73220000000003,829.82839999999999,5281.2237999999998,3025.2303000000002,781.5557,847.66920000000005,593.95410000000004,32.814599999999999,-4451.3954000000003,-542.85389999999995,-538.62649999999996,-3369.915,-24.933499999999999,1024.8043,360.12200000000001,427.30099999999999,25.297499999999999,4.3383000000000003,9.6753,41.6111,13.337300000000001,39.557899999999997,5.476,23.333300000000001,3.3546999999999998,0.4657,42.2776,8.0307999999999993,20.625699999999998,0,-1049.7378000000001,-300.14679999999998,-214.43350000000001,-39.104399999999998,-123.2508,-11.766400000000001,-115.5784,-98.940200000000004,-9.8626000000000005,-9.2085000000000008,-17.954599999999999,-0.47399999999999998,-45.081899999999997,-18.627800000000001,-17.043600000000001,-28.264299999999999,0,-155.87809999999999,6.5113000000000003,0.2656,1.9963,3.4161000000000001,0.83330000000000004,-162.38939999999999,-123.49379999999999,-36.642699999999998,-1.4575,-0.7954,65.715400000000002,78.491500000000002,-12.7761,7.3452000000000002,7.7438000000000002,-0.39860000000000001,63.142100000000028,272.2867,295.51859999999999,289.89490000000001,4.4873000000000003,1.1364000000000001,-23.2319,-9.9959000000000007,-0.64139999999999997,-12.5946,321.49329999999998,891.1114,132.489,260.22550000000001,93.846800000000002,404.55009999999999,-569.61810000000003,-22.0703,-142.84569999999999,-76.213399999999993,-328.48869999999999,-1094.4032,980.99800000000005,770.16949999999997,0,210.82849999999999,-2075.4011999999998,-1702.7275999999999,-12.1678,-360.50580000000002,0,-27.610099999999999,-1,592.37540000000001,0,29.637
2011-02,742.77480000000003,119.64400000000001,331.52670000000001,4503.2718999999997,2780.6313,566.82339999999999,619.25049999999999,509.86759999999998,26.699100000000001,-4171.7452000000003,-488.63979999999998,-510.37279999999998,-3172.7325000000001,-108.9602,879.976,283.48590000000002,342.38299999999998,32.381900000000002,2.8393999999999999,9.9215,32.287399999999998,12.992800000000001,43.695300000000003,0.53159999999999996,25.775300000000001,4.8220000000000001,0.27850000000000003,40.990099999999998,11.158799999999999,36.432499999999997,0,-988.93619999999999,-267.53370000000001,-166.41659999999999,-27.599,-167.07130000000001,-12.101000000000001,-107.8817,-85.806100000000001,-12.1836,-20.063800000000001,-15.385300000000001,-0.61980000000000002,-28.960799999999999,-31.938400000000001,-18.843900000000001,-26.531199999999998,0,-158.3098,20.932600000000001,0.33200000000000002,16.5579,3.8757999999999999,0.16689999999999999,-179.2424,-104.7111,-73.7136,-0.61729999999999996,-0.20039999999999999,55.387300000000003,63.712200000000003,-8.3248999999999995,8.7113999999999994,9.8026999999999997,-1.0912999999999999,614.41980000000001,214.21109999999999,230.33510000000001,227.34219999999999,2.3422999999999998,0.65059999999999996,-16.123999999999999,-2.8971,-0.33710000000000001,-12.889799999999999,1121.1996999999999,1825.9589000000001,115.5808,1147.6316999999999,82.285399999999996,480.46100000000001,-704.75919999999996,-15.936500000000001,-280.08370000000002,-74.968299999999999,-333.77069999999998,-1316.4005999999999,950.52440000000001,793.19439999999997,0,157.33000000000001,-2266.9250000000002,-1668.7207000000001,-2.1621999999999999,-596.0421,0,-39.403500000000001,-1.9975000000000001,636.81060000000002,0,38.736899999999999
2011-03,1059.2914000000001,1080.4828,1260.6187,5953.8131000000003,3488.6511,959.1567,743.08600000000001,722.69870000000003,40.220599999999997,-4693.1944000000003,-531.78629999999998,-491.18329999999997,-3670.2248,96.798900000000003,1055.2539999999999,331.80669999999998,420.76339999999999,31.991399999999999,18.280999999999999,11.748200000000001,34.860500000000002,11.1159,54.6494,7.6444000000000001,29.840800000000002,5.0822000000000003,0.25600000000000001,35.801000000000002,14.7042,46.708799999999997,0,-958.45510000000002,-233.78550000000001,-201.25970000000001,-34.317300000000003,-125.0968,-14.7849,-117.3725,-103.7944,-11.7323,-4.5907,-17.997900000000001,-0.83560000000000001,-31.198499999999999,-23.0627,-14.4131,-24.2134,0,-332.47699999999998,7.4462000000000002,0.51970000000000005,2.5173999999999999,4.0883000000000003,0.32079999999999997,-339.92320000000001,-92.299199999999999,-243.79339999999999,-1.8398000000000001,-1.9907999999999999,55.542200000000001,67.507300000000001,-11.9651,3.6856,4.7134999999999998,-1.0279,-24.876999999999839,211.7122,234.73509999999999,227.0478,6.8041,0.88319999999999999,-23.0229,-14.7378,-1.2468999999999999,-7.0381999999999998,554.26020000000005,1250.9274,27.789000000000001,623.88620000000003,131.71639999999999,467.53579999999999,-696.66719999999998,-24.444299999999998,-240.27420000000001,-84.043199999999999,-347.90550000000002,-1297.6741999999999,941.6404,752.27340000000004,0,189.36699999999999,-2239.3146000000002,-1731.6382000000001,-8.5153999999999996,-499.161,0,-36.372199999999999,-0.5,543.697,0,51.011899999999997
2011-04,742.26059999999995,1767.3298,2432.9110999999998,6829.6984000000002,3908.9603000000002,1142.5442,1044.1031,685.85080000000005,48.24,-4396.7873,-517.40830000000005,-510.61810000000003,-3368.761,14.988200000000001,949.226,299.80560000000003,401.32810000000001,29.9665,6.9066999999999998,8.7957000000000001,29.984100000000002,8.1731999999999996,56.502099999999999,9.7728000000000002,24.897600000000001,5.7859999999999996,0.80759999999999998,34.195999999999998,12.093299999999999,20.210799999999999,0,-934.23770000000002,-239.75899999999999,-200.8409,-30.703199999999999,-73.734200000000001,-9.4581999999999997,-111.0115,-114.2273,-14.8505,-10.6157,-17.081600000000002,-1.3069999999999999,-31.790800000000001,-30.6829,-15.823600000000001,-32.351300000000002,0,-748.29330000000004,6.8193000000000001,0.2223,3.0049999999999999,3.3159999999999998,0.27600000000000002,-755.11260000000004,-221.72559999999999,-530.98910000000001,-1.0582,-1.3396999999999999,67.723799999999997,79.551400000000001,-11.8276,2.6743000000000001,2.6818,-7.4999999999999997E-3,-1027.7433000000001,184.76669999999999,201.297,196.75409999999999,3.8376000000000001,0.70530000000000004,-16.5303,-9.5549999999999997,-1.0519000000000001,-5.9234,339.75049999999999,1111.6849999999999,40.162799999999997,533.80899999999997,102.4532,435.26,-771.93449999999996,-56.845500000000001,-222.0873,-74.858500000000006,-418.14319999999998,-1682.6241,867.94899999999996,683.95579999999995,0,183.9932,-2550.5731000000001,-1811.2365,-3.8439000000000001,-735.49270000000001,0,-22.829699999999999,0,153.19329999999999,0,39.315199999999997
2011-05,604.4606,1662.5388,2591.7611000000002,8199.6743000000006,4595.7824000000001,1658.1452999999999,917.40599999999995,985.01829999999995,43.322299999999998,-5607.9132,-682.24490000000003,-727.60260000000005,-4198.0657000000001,-158.2791,962.93089999999995,274.75720000000001,396.51100000000002,22.5458,7.0514000000000001,11.120699999999999,37.439500000000002,10.0977,64.981700000000004,12.932,29.173100000000002,1.5943000000000001,0.56489999999999996,65.225099999999998,10.4999,18.436699999999998,0,-1121.21,-255.52719999999999,-303.79840000000002,-30.0885,-123.7217,-8.9541000000000004,-116.48180000000001,-126.9984,-13.551,-4.2038000000000002,-15.6218,-1.0545,-34.4011,-30.325500000000002,-35.015099999999997,-21.466999999999999,0,-817.92539999999997,11.415800000000001,4.7392000000000003,1.8812,4.0819999999999999,0.71340000000000003,-829.34119999999996,-153.36160000000001,-672.87040000000002,-1.6960999999999999,-1.4131,46.982199999999999,60.7393,-13.757099999999999,4.9444999999999997,4.9444999999999997,0,-1063.0227,248.70439999999999,265.53710000000001,256.18810000000002,7.4097999999999997,1.9392,-16.832699999999999,-1.8737999999999999,-0.75280000000000002,-14.206099999999999,591.95429999999999,1509.6396999999999,17.626200000000001,727.77790000000005,180.07159999999999,584.16399999999999,-917.68539999999996,-93.419200000000004,-97.501499999999993,-99.753200000000007,-627.01149999999996,-2169.1754999999998,1079.3317999999999,790.75199999999995,0,288.57979999999998,-3248.5073000000002,-2460.1563999999998,-5.5922000000000001,-782.75869999999998,0,-54.843200000000003,0,320.33730000000003,0,42.6357
2011-06,380.7045,1399.8838000000001,1953.9846,7829.6189000000004,4553.0736999999999,1467.3012000000001,929.63610000000006,833.30420000000004,46.303800000000003,-5875.6342999999997,-747.07889999999998,-766.32820000000004,-4362.2271000000001,-43.843899999999998,968.06140000000005,254.0324,419.84429999999998,31.649699999999999,6.3064999999999998,11.1335,33.545699999999997,13.758800000000001,61.204999999999998,9.8722999999999992,31.362400000000001,1.1999,0.5323,57.326799999999999,8.1030999999999995,28.188700000000001,0,-1011.9053,-240.15450000000001,-201.2158,-40.466999999999999,-73.165099999999995,-13.805300000000001,-124.0513,-172.00370000000001,-18.9284,-15.8614,-22.0124,-0.74390000000000001,-28.606999999999999,-21.3002,-16.945499999999999,-22.643899999999999,0,-565.3537,7.6962000000000002,0.63029999999999997,2.73,3.4578000000000002,0.87809999999999999,-573.04989999999998,-120.16679999999999,-451.0206,-1.427,-0.4355,55.096800000000002,71.891499999999994,-16.794699999999999,4.5449999999999999,4.5467000000000004,-1.6999999999999999E-3,-1023.7244000000003,385.97699999999998,439.72989999999999,426.65140000000002,8.0561000000000007,5.0224000000000002,-53.752899999999997,-37.921500000000002,-0.60299999999999998,-15.228400000000001,360.60140000000001,1246.8842999999999,22.234500000000001,195.60499999999999,170.25290000000001,858.79190000000006,-886.28290000000004,-28.431000000000001,-99.012500000000003,-100.1651,-658.67430000000002,-2272.5133000000001,1075.7692,654.74469999999997,0,421.02449999999999,-3348.2824999999998,-2497.8411000000001,-1.8624000000000001,-848.57899999999995,0,-53.723500000000001,0,555.93399999999997,0,43.027099999999997
2011-07,-108.7617,896.0249,1383.9690000000001,6987.3579,3995.5214000000001,1160.9940999999999,932.95129999999995,859.42660000000001,38.464399999999998,-5603.3888999999999,-714.35119999999995,-831.88239999999996,-4057.1552999999999,-111.2076,974.56,276.61329999999998,435.57420000000002,22.5335,3.8887999999999998,9.9643999999999995,41.351799999999997,7.8594999999999997,56.529800000000002,2.2263999999999999,26.679300000000001,3.4222000000000001,0.2762,49.0274,10.123100000000001,28.489899999999999,0,-1085.7675999999999,-246.14400000000001,-213.4821,-34.681800000000003,-154.8083,-10.7141,-130.66249999999999,-130.15809999999999,-19.903300000000002,-5.7266000000000004,-21.103000000000002,-1.7353000000000001,-28.802099999999999,-35.109200000000001,-19.142900000000001,-33.5944,0,-456.96609999999998,10.755800000000001,1.0974999999999999,5.7549000000000001,3.4047000000000001,0.49869999999999998,-467.72190000000001,-153.9366,-311.44529999999997,-1.6860999999999999,-0.65390000000000004,80.229600000000005,95.111099999999993,-14.881500000000001,11.701000000000001,12.8222,-1.1212,-1016.4875000000002,264.21899999999999,279.791,273.07900000000001,5.0323000000000002,1.6797,-15.571999999999999,-1.9045000000000001,-0.93100000000000005,-12.736499999999999,463.8057,1335.1288,63.907499999999999,526.56439999999998,149.66659999999999,594.99030000000005,-871.32309999999995,-31.9026,-223.3647,-117.14190000000001,-498.91390000000001,-2329.1399000000001,1019.7827,586.51790000000005,0,433.26479999999998,-3348.9225999999999,-2642.9668999999999,-4.0162000000000004,-701.93949999999995,0,-35.026499999999999,0,619.65419999999995,0,49.155900000000003
2011-08,-850.75760000000002,320.3768,822.20209999999997,7407.1261000000004,4322.9142000000002,1324.8536999999999,934.17700000000002,793.35159999999996,31.829599999999999,-6584.924,-742.24879999999996,-1053.7757999999999,-4788.8994000000002,-116.7302,992.89229999999998,277.19740000000002,405.50450000000001,33.911200000000001,4.8395000000000001,15.3871,34.376300000000001,10.3391,67.563299999999998,2.9474,24.9392,3.1240000000000001,0.78420000000000001,62.691699999999997,21.139199999999999,28.148299999999999,0,-1109.6224999999999,-280.91550000000001,-227.05359999999999,-38.068800000000003,-91.750299999999996,-10.399100000000001,-158.4787,-131.86160000000001,-24.5413,-10.377700000000001,-19.418800000000001,-0.57569999999999999,-38.471600000000002,-33.497199999999999,-21.590199999999999,-22.622399999999999,0,-437.02420000000001,9.3270999999999997,0.25690000000000002,4.6825999999999999,3.3408000000000002,1.0468,-446.35129999999998,-119.3515,-324.47309999999999,-1.9698,-0.55689999999999995,51.929099999999998,66.799499999999995,-14.8704,25.381900000000002,27.291899999999998,-1.91,-1196.5161999999996,137.4332,324.4409,314.26440000000002,6.8399000000000001,3.3365999999999998,-187.0077,-170.1086,-1.1007,-15.798400000000001,492.08879999999999,1389.0835,112.77209999999999,438.7201,153.2072,684.38409999999999,-896.99469999999997,-41.612400000000001,-118.083,-122.7713,-614.52800000000002,-2881.2390999999998,924.67259999999999,701.9171,0,222.75550000000001,-3805.9117000000001,-2948.6604000000002,-6.5616000000000003,-850.68970000000002,0,-24.1584,0,1079.3593000000001,0,40.183100000000003
2011-09,-2354.1851999999999,-274.60500000000002,683.64980000000003,6927.4362000000001,4283.3806000000004,1209.3832,827.53650000000005,555.18679999999995,51.949100000000001,-6243.7864,-653.26469999999995,-895.30600000000004,-4695.2157999999999,-243.2441,1004.6511,295.57499999999999,425.41969999999998,15.498900000000001,4.8840000000000003,8.8980999999999995,41.275500000000001,13.238099999999999,56.073999999999998,6.5911,33.943399999999997,2.6227,0.45129999999999998,67.305800000000005,9.6346000000000007,23.238800000000001,0,-1247.8951999999999,-272.87459999999999,-292.62450000000001,-40.2911,-106.0086,-16.417200000000001,-168.13040000000001,-166.70490000000001,-27.912600000000001,-30.651,-19.090299999999999,-1.1896,-28.464200000000002,-42.661200000000001,-17.7011,-17.1739,0,-766.54970000000003,25.4544,0.79500000000000004,21.458300000000001,2.8988,0.30230000000000001,-792.00409999999999,-117.1123,-671.86950000000002,-1.8038000000000001,-1.2184999999999999,51.539000000000001,66.453900000000004,-14.914899999999999,18.853300000000001,19.056100000000001,-0.20280000000000001,-2098.4331999999995,144.84520000000001,213.42400000000001,207.3683,4.8476999999999997,1.208,-68.578800000000001,-48.959600000000002,-5.1143999999999998,-14.504799999999999,213.51339999999999,1047.4179999999999,76.969200000000001,219.1052,140.1283,611.21529999999996,-833.90459999999996,-23.693999999999999,-117.2016,-98.778700000000001,-594.23030000000006,-3267.2485999999999,1098.5428999999999,657.92870000000005,0,440.61419999999998,-4365.7915000000003,-3329.0016000000001,-7.3164999999999996,-1029.4734000000001,0,-53.143599999999999,0,863.60040000000004,0,47.458399999999997
2011-10,-2165.2574,-123.2954,616.19090000000006,6524.4085999999998,4157.8896000000004,986.07280000000003,927.51710000000003,399.77980000000002,53.1492,-5908.2177000000001,-571.85590000000002,-805.05780000000004,-4531.3040000000001,-261.1035,960.42439999999999,275.31720000000001,406.22699999999998,32.347900000000003,4.6471999999999998,10.818199999999999,40.723500000000001,6.5690999999999997,56.492800000000003,3.4512999999999998,33.511200000000002,2.7504,0.50580000000000003,41.800899999999999,9.2462999999999997,36.0154,0,-1221.5279,-296.53359999999998,-237.13200000000001,-26.6676,-116.87220000000001,-13.0975,-146.14080000000001,-150.70529999999999,-28.8828,-15.9641,-76.467200000000005,-1.3035000000000001,-36.002600000000001,-30.087499999999999,-12.329700000000001,-33.341500000000003,0,-535.84500000000003,7.2988999999999997,0.58909999999999996,3.1916000000000002,3.2309000000000001,0.2873,-543.14390000000003,-221.71510000000001,-319.91739999999999,-0.94820000000000004,-0.56320000000000003,57.462200000000003,72.882900000000006,-15.4207,9.0265000000000004,9.3721999999999994,-0.34570000000000001,-2050.9883999999997,481.85939999999999,574.91980000000001,569.85220000000004,4.0167999999999999,1.0508,-93.060400000000001,-74.032499999999999,-3.0802999999999998,-15.9476,197.94399999999999,1106.8483000000001,56.884599999999999,257.38010000000003,146.13159999999999,646.452,-908.90430000000003,-59.500500000000002,-107.0498,-141.8777,-600.47630000000004,-2974.0799000000002,989.78740000000005,626.44590000000005,0,363.3415,-3963.8672999999999,-3010.2203,-7.5388999999999999,-946.10810000000004,0,-47.340400000000002,-0.21690000000000001,290.84539999999998,0,45.414099999999998
2011-11,427.70679999999999,12.2018,1056.7646999999999,5986.7581,3508.5581999999999,836.83969999999999,743.99270000000001,843.69550000000004,53.671900000000001,-4929.9934000000003,-562.8252,-602.42039999999997,-3764.7476999999999,-72.837800000000001,934.45960000000002,295.25020000000001,377.48110000000003,28.388100000000001,11.7729,8.4282000000000004,41.0289,1.3953,52.643300000000004,6.2282000000000002,19.967500000000001,1.6176999999999999,0.26440000000000002,50.912599999999998,6.6623999999999999,32.418900000000001,0,-1007.2974,-246.4126,-201.86590000000001,-26.220500000000001,-68.188199999999995,-14.245100000000001,-148.0275,-152.82089999999999,-30.093499999999999,-1.8146,-14.1775,-5.2762000000000002,-41.808799999999998,-25.310099999999998,-12.541399999999999,-18.494800000000001,0,-1022.249,5.8688000000000002,1.4886999999999999,1.0424,2.6781999999999999,0.65949999999999998,-1028.1178,-216.3518,-808.33199999999999,-2.1352000000000002,-1.2988,50.523899999999998,62.402299999999997,-11.878399999999999,3.5672999999999999,3.8746999999999998,-0.30740000000000001,411.93740000000003,342.15960000000001,353.65300000000002,347.00810000000001,4.0380000000000003,2.6069,-11.493399999999999,-6.2614000000000001,-2.3593999999999999,-2.8725999999999998,357.28870000000001,1272.7079000000001,280.5093,242.2852,310.90140000000002,439.012,-915.41920000000005,-28.4878,-89.805400000000006,-168.0368,-629.08920000000001,-439.34500000000003,1342.0845999999999,355.90379999999999,0,986.18079999999998,-1781.4295999999999,-1139.8414,-1.8885000000000001,-639.69970000000001,0,-44.073099999999997,-3.7400000000000003E-2,195.94460000000001,0,49.971499999999999
2011-12,2160.0108,1148.6764000000001,1264.1412,6768.0555999999997,4295.5234,995.75149999999996,634.19979999999998,798.7867,43.7943,-5503.9143999999997,-537.44349999999997,-587.88829999999996,-4378.5825999999997,44.942300000000003,1152.4313,304.80279999999999,521.76880000000006,32.433799999999998,5.5629,8.8271999999999995,45.415399999999998,3.2997000000000001,51.194000000000003,5.9123999999999999,27.5626,5.3472999999999997,0.51549999999999996,78.521799999999999,6.7495000000000003,54.517299999999999,0,-1107.4889000000001,-298.45620000000002,-214.6936,-55.210500000000003,-88.326599999999999,-7.7430000000000003,-147.50890000000001,-154.00989999999999,-24.097799999999999,-5.0823,-16.656199999999998,-2.7833999999999999,-27.821400000000001,-25.817499999999999,-11.4693,-27.8124,0,-243.2313,9.5571999999999999,0.47599999999999998,1.9834000000000001,2.9693000000000001,4.1284999999999998,-252.7885,-200.01310000000001,-49.788600000000002,-2.3833000000000002,-0.60350000000000004,82.824200000000005,99.032399999999996,-16.208200000000001,5.1101999999999999,5.4188999999999998,-0.30869999999999997,1006.2241,509.67529999999999,533.33230000000003,527.31380000000001,4.2438000000000002,1.7746999999999999,-23.657,-12.640700000000001,-1.6527000000000001,-9.3635999999999999,43.0747,1039.4033999999999,64.572000000000003,343.01499999999999,214.3947,417.42169999999999,-996.32870000000003,-40.006999999999998,-254.40719999999999,-165.74870000000001,-536.16579999999999,150.28980000000001,1415.1509000000001,434.0204,0,981.13049999999998,-1264.8611000000001,-1115.6912,-1.3313999999999999,-147.83850000000001,0,-51.183500000000002,0,354.36779999999999,0,62.523099999999999
2012-01,778.87779999999998,987.04639999999995,1262.4761000000001,6404.6508999999996,3766.7745,954.10230000000001,858.71659999999997,781.20330000000001,43.854100000000003,-5142.1747999999998,-489.25920000000002,-615.20920000000001,-4037.7064999999998,-113.0278,1108.6431,323.42700000000002,527.1703,18.678699999999999,10.494400000000001,7.8768000000000002,47.155200000000001,8.7675000000000001,56.4238,2.5556999999999999,22.616800000000001,1.5468,0.58930000000000005,59.457000000000001,4.3296999999999999,17.554099999999998,0,-1221.6709000000001,-457.44069999999999,-198.386,-27.335999999999999,-102.6765,-6.2697000000000003,-133.1079,-112.9742,-22.626200000000001,-11.382300000000001,-19.6373,-0.31790000000000002,-37.093499999999999,-27.061499999999999,-33.160299999999999,-32.200800000000001,0,-216.11420000000001,12.2105,0.66759999999999997,8.1190999999999995,2.5981999999999998,0.8256,-228.32470000000001,-214.76759999999999,-11.450200000000001,-1.4719,-0.63500000000000001,53.712299999999999,70.052899999999994,-16.340599999999998,8.8613,9.7306000000000008,-0.86929999999999996,-217.02989999999997,221.53110000000001,236.83410000000001,207.5334,2.984,26.316700000000001,-15.303000000000001,-6.2178000000000004,-0.92879999999999996,-8.1563999999999997,271.81610000000001,970.95330000000001,151.89529999999999,273.87450000000001,142.751,402.4325,-699.13720000000001,-34.834099999999999,-65.190899999999999,-151.08799999999999,-448.02420000000001,-837.11360000000002,465.70549999999997,299.96809999999999,0,165.73740000000001,-1302.8190999999999,-1190.6945000000001,-0.40439999999999998,-111.72020000000001,0,-54.435299999999998,-0.25,181.42179999999999,0,64.526499999999999
2012-02,740.43489999999997,728.27009999999996,1044.0990999999999,5359.5618999999997,3221.2105999999999,881.32950000000005,649.13160000000005,568.79669999999999,39.093400000000003,-4315.4628000000002,-42.237200000000001,-596.65440000000001,-3676.5711999999999,-223.5129,831.56830000000002,243.8673,344.81400000000002,21.898900000000001,4.5675999999999997,7.1882999999999999,42.698799999999999,8.8468999999999998,51.842599999999997,7.6219999999999999,18.678699999999999,0.97889999999999999,0.26540000000000002,43.320500000000003,5.6955,29.282800000000002,0,-1055.0812000000001,-469.9529,-154.6831,-17.5077,-37.6417,-5.5011999999999999,-105.3591,-115.74469999999999,-27.004000000000001,-9.7622999999999998,-10.3718,-0.49049999999999999,-19.416399999999999,-33.240900000000003,-16.442599999999999,-31.962199999999999,0,-133.76240000000001,12.022399999999999,0.58160000000000001,8.8887999999999998,2.3294999999999999,0.2225,-145.78479999999999,-141.94999999999999,-1.6664000000000001,-1.3248,-0.84360000000000002,41.446300000000001,54.414299999999997,-12.968,1.224,2.1240000000000001,-0.9,10.754843999999977,309.50970000000001,316.62509999999997,312.67689999999999,2.5148999999999999,1.4333,-7.1154000000000002,-1.4109,-2.8490000000000002,-2.8555000000000001,-86.3018,910.88729999999998,22.8812,375.31630000000001,110.7375,401.95229999999998,-997.18910000000005,-41.158200000000001,-239.4555,-131.9169,-584.6585,-305.6823,728.49659999999994,469.87520000000001,0,258.62139999999999,-1034.1789000000001,-868.89139999999998,-0.84470000000000001,-164.44280000000001,0,-34.724755999999999,-0.186,128.13999999999999,0,75.023499999999999
2012-03,1547.7928999999999,943.13509999999997,1362.1297,6846.1881000000003,3742.4097000000002,1094.2014999999999,1042.3095000000001,906.23260000000005,61.034700000000001,-5484.0583999999999,-205.03370000000001,-634.08069999999998,-4644.9440000000004,-267.7792,1042.9141,298.07499999999999,439.86630000000002,29.8931,7.5979000000000001,9.9443999999999999,36.031100000000002,3.8525999999999998,69.799599999999998,28.676600000000001,19.1677,2.2576000000000001,0.32079999999999997,53.968600000000002,8.1649999999999991,35.298000000000002,0,-1310.6932999999999,-421.66140000000001,-292.00400000000002,-32.354100000000003,-36.1111,-9.1318000000000001,-148.08240000000001,-122.3121,-42.101700000000001,-11.3538,-25.972000000000001,-4.3170000000000002,-44.239600000000003,-66.401300000000006,-28.994499999999999,-25.656500000000001,0,-200.06120000000001,5.9271000000000003,0.52449999999999997,1.8012999999999999,3.0571999999999999,0.54410000000000003,-205.98830000000001,-171.41810000000001,-32.427999999999997,-1.8112999999999999,-0.33090000000000003,48.845799999999997,65.219399999999993,-16.3736,7.7256999999999998,9.9245000000000001,-2.1987999999999999,596.93209999999999,504.5009,529.5086,525.06179999999995,2.7323,1.7144999999999999,-25.0077,-11.224,-1.9792000000000001,-11.804500000000001,475.75240000000002,1576.3444999999999,38.476199999999999,868.96600000000001,163.00450000000001,505.89780000000002,-1100.5921000000001,-47.219799999999999,-157.0163,-204.59440000000001,-691.76160000000004,-498.4135,791.053,550.23320000000001,0,240.81979999999999,-1289.4665,-1246.4755,-1.722,-41.268999999999998,0,-54.882399999999997,-0.11070000000000001,170.08539999999999,0,102.3082
2012-04,1380.9267,2250.0762,2407.1612,6627.7282999999998,3252.3670000000002,1369.0309,931.6703,1040.5963999999999,34.063699999999997,-4220.5671000000002,-238.08949999999999,-576.15309999999999,-3406.3245000000002,50.425600000000003,798.63430000000005,240.68459999999999,335.59820000000002,20.831700000000001,4.5361000000000002,11.000500000000001,31.640799999999999,1.8151999999999999,51.634599999999999,9.3604000000000003,10.4518,1.2609999999999999,5.7000000000000002E-2,48.215499999999999,7.5534999999999997,23.993500000000001,0,-748.20870000000002,-326.80509999999998,-35.83,-27.3415,-0.49459999999999998,-4.7594000000000003,-93.612499999999997,-99.395600000000002,-20.226299999999998,-21.5486,-6.9378000000000002,-8.7965999999999998,-59.471400000000003,-2.5975000000000001,-9.4237000000000002,-30.968,0,-256.59300000000002,4.5736999999999997,0.57420000000000004,1.5820000000000001,1.9729000000000001,0.4446,-261.16669999999999,-257.25970000000001,-1.6806000000000001,-1.9979,-0.22850000000000001,49.0824,63.814300000000003,-14.7319,0.68930000000000002,0.68930000000000002,0,-869.83890000000008,379.52409999999998,393.0027,389.51190000000003,1.1002000000000001,2.3906000000000001,-13.4786,-2.1882000000000001,-1.0685,-10.2219,-227.18039999999999,871.68880000000001,41.553600000000003,270.77730000000003,192.45359999999999,366.90429999999998,-1098.8692000000001,-67.538799999999995,-173.50829999999999,-226.566,-631.25609999999995,-1037.3658,294.34640000000002,197.1062,0,97.240200000000002,-1331.7121999999999,-1290.7616,-0.29870000000000002,-40.651899999999998,0,-59.473700000000001,0,74.656899999999993,0,76.948400000000007
2012-05,2305.9787999999999,2936.1208999999999,3292.3526000000002,8907.6362000000008,5467.2691000000004,1488.4602,909.46019999999999,989.28549999999996,53.161099999999998,-5615.2835999999998,-362.53590000000003,-1015.5784,-4237.1692999999996,-182.01140000000001,871.69740000000002,241.0239,391.79770000000002,17.571300000000001,6.2530999999999999,7.2538999999999998,32.811300000000003,3.1560000000000001,70.480999999999995,4.4020999999999999,14.4023,0.56689999999999996,0.33429999999999999,44.3611,6.7653999999999996,30.517099999999999,0,-1053.7088000000001,-402.27629999999999,-88.701099999999997,-20.520600000000002,-14.9497,-10.356400000000001,-145.48670000000001,-143.67740000000001,-24.855699999999999,-32.341200000000001,-14.5091,-39.791899999999998,-54.3643,-12.773999999999999,-18.816600000000001,-30.287700000000001,0,-218.6806,6.6169000000000002,1.4629000000000001,1.6129,1.9052,1.6358999999999999,-225.29750000000001,-222.79599999999999,-0.32140000000000002,-1.6759999999999999,-0.50409999999999999,44.460299999999997,63.094700000000003,-18.634399999999999,3.5156000000000001,4.4194000000000004,-0.90380000000000005,-633.65779999999995,326.2484,368.33670000000001,356.66129999999998,1.494,10.1814,-42.088299999999997,-20.8535,-2.6865999999999999,-18.548200000000001,-366.392,861.03510000000006,18.933199999999999,239.6952,234.48079999999999,367.92590000000001,-1227.4271000000001,-29.433299999999999,-84.294600000000003,-190.23949999999999,-923.4597,-842.56960000000004,242.81290000000001,177.3793,0,65.433599999999998,-1085.3824999999999,-1059.4146000000001,-1.4824999999999999,-24.485399999999998,0,-79.682400000000001,-0.12520000000000001,328.863,0,89.427099999999996
2012-06,804.16510000000005,916.97730000000001,1329.9236000000001,7077.3856999999998,4392.2354999999998,1407.6204,399.34469999999999,821.47109999999998,56.714100000000002,-5747.4620999999997,-399.90600000000001,-1077.2243000000001,-4270.3317999999999,-281.1037,841.17679999999996,181.4649,394.93090000000001,24.1706,7.1181000000000001,8.3729999999999993,31.523,2.2219000000000002,64.001800000000003,17.290400000000002,14.967499999999999,23.135899999999999,0.62250000000000005,48.823999999999998,5.4112999999999998,17.120899999999999,0,-1122.2805000000001,-480.71050000000002,-113.9071,-28.937000000000001,-25.507999999999999,-6.0217000000000001,-127.5247,-154.9727,-24.1465,-22.9892,-16.436900000000001,-3.9782000000000002,-41.572499999999998,-22.666,-22.9436,-29.966200000000001,0,-159.93299999999999,6.1802999999999999,0.76719999999999999,3.5764999999999998,1.5747,0.26190000000000002,-166.11330000000001,-164.78909999999999,-0.18479999999999999,-0.95330000000000004,-0.18609999999999999,28.090399999999999,50.254600000000003,-22.164200000000001,2.7124000000000001,2.8852000000000002,-0.17280000000000001,-115.52470000000005,441.23259999999999,460.36320000000001,459.51139999999998,0.49540000000000001,0.35639999999999999,-19.130600000000001,-6.1788999999999996,-0.81740000000000002,-12.1343,-697.95190000000002,797.47130000000004,70.874300000000005,299.34570000000002,247.45609999999999,179.79519999999999,-1495.4232,-33.066000000000003,-376.16559999999998,-138.67330000000001,-947.51829999999995,-84.908500000000004,188.4179,120.85639999999999,0,67.561499999999995,-273.32639999999998,-272.9864,-4.1000000000000003E-3,-0.33589999999999998,0,-48.581800000000001,-0.2681,274.95299999999997,0,110.0849
2012-07,58.240099999999998,315.32229999999998,902.41380000000004,7124.4214000000002,4156.9331000000002,1682.4836,297.73759999999999,955.72,31.5471,-6222.0075999999999,-386.24930000000001,-993.71489999999994,-4842.0433999999996,-468.90559999999999,797.08100000000002,189.76339999999999,376.35109999999997,17.9864,5.6825000000000001,5.9635999999999996,32.2151,1.8461000000000001,65.189800000000005,11.8286,13.8346,0.83489999999999998,0.26979999999999998,45.236400000000003,5.2466999999999997,24.832000000000001,0,-1265.9865,-571.90099999999995,-112.15009999999999,-26.407399999999999,-11.559900000000001,-4.7164000000000001,-138.761,-160.56,-27.847200000000001,-27.65,-16.1249,-1.6687000000000001,-69.620800000000003,-35.978999999999999,-26.549199999999999,-34.4908,0,-166.44499999999999,2.5217000000000001,0.66069999999999995,0.36630000000000001,1.1584000000000001,0.33629999999999999,-168.9667,-159.1232,-7.3840000000000003,-1.7705,-0.68899999999999995,48.259099999999997,72.024799999999999,-23.765699999999999,12.8371,14.123100000000001,-1.286,-269.91940000000011,131.37469999999999,193.64769999999999,192.59190000000001,0.64300000000000002,0.4128,-62.273000000000003,-45.605699999999999,-3.4115000000000002,-13.255800000000001,-691.21900000000005,452.75290000000001,5.7991999999999999,183.4881,116.834,146.63159999999999,-1143.9719,-33.615600000000001,-165.45949999999999,-182.80369999999999,-762.09310000000005,-0.51449999999999996,128.3015,89.648700000000005,0,38.652799999999999,-128.816,-92.680700000000002,0,-36.135300000000001,0,-0.53110000000000002,0,290.97050000000002,0,113.4623
2012-08,-15.357699999999999,-77.281099999999995,742.53480000000002,7201.3978999999999,4240.6864999999998,1433.4819,509.26780000000002,978.41539999999998,39.546300000000002,-6458.8630999999996,-424.02499999999998,-1057.2506000000001,-4977.5874000000003,-634.63890000000004,791.97170000000006,184.29519999999999,360.10750000000002,17.830500000000001,5.5591999999999997,6.1845999999999997,34.563000000000002,2.778,65.556299999999993,11.2865,14.5184,0.58520000000000005,0.43120000000000003,60.597200000000001,6.0959000000000003,21.582999999999998,0,-1426.6106,-662.01679999999999,-140.4914,-28.9023,-11.980399999999999,-5.4546999999999999,-163.5821,-185.6172,-34.174599999999998,-30.272099999999998,-10.816599999999999,-0.51160000000000005,-68.822299999999998,-38.926099999999998,-16.366900000000001,-28.675599999999999,0,-216.93209999999999,4.3066000000000004,1.0835999999999999,1.3096000000000001,1.0971,0.81630000000000003,-221.23869999999999,-183.4983,-35.588099999999997,-1.3413999999999999,-0.81089999999999995,31.755099999999999,47.555999999999997,-15.8009,6.6090999999999998,7.2454000000000001,-0.63629999999999998,55.314100000000025,203.99680000000001,281.66129999999998,280.3501,0.16930000000000001,1.1418999999999999,-77.664500000000004,-60.807899999999997,-3.8435999999999999,-13.013,-398.04539999999997,579.72540000000004,67.838099999999997,228.0445,140.36600000000001,143.4768,-977.77080000000001,-41.549500000000002,-115.16200000000001,-222.91669999999999,-598.14260000000002,1.9623999999999999,98.486699999999999,66.572500000000005,0,31.914200000000001,-96.524299999999997,-6.2192999999999996,-5,-85.305000000000007,0,-0.7631,0,248.1634,0,120.7837
2012-09,-16.701799999999999,-95.1387,472.07119999999998,5937.1198999999997,3720.0493000000001,1071.4273000000001,645.92129999999997,442.55849999999998,57.163600000000002,-5465.0487000000003,-370.0444,-878.29960000000005,-4216.7047000000002,-458.35899999999998,703.75710000000004,154.71250000000001,322.60599999999999,18.507300000000001,3.7993999999999999,7.4866000000000001,24.735499999999998,1.8474999999999999,62.773499999999999,3.5076000000000001,13.6973,1.8412999999999999,0.40789999999999998,66.817999999999998,4.4264000000000001,16.590199999999999,0,-1162.1161,-511.0992,-99.044799999999995,-29.0809,-7.2670000000000003,-5.0848000000000004,-141.93709999999999,-147.10890000000001,-25.758299999999998,-32.102600000000002,-8.0027000000000008,-16.552,-76.558499999999995,-23.8736,-11.7265,-26.9191,0,-133.10329999999999,5.3727999999999998,3.6547000000000001,0.65659999999999996,0.75049999999999994,0.311,-138.4761,-136.54759999999999,-2.3E-3,-1.5264,-0.39979999999999999,24.252400000000002,41.395099999999999,-17.142700000000001,4.3529,4.5221,-0.16919999999999999,74.083800000000025,205.05680000000001,245.82810000000001,245.1087,0.29199999999999998,0.4274,-40.771299999999997,-26.338899999999999,-2.3395000000000001,-12.0929,-264.19639999999998,632.54049999999995,104.17529999999999,191.88570000000001,126.53700000000001,209.9425,-896.73689999999999,-23.567,-126.36069999999999,-205.03479999999999,-541.77440000000001,-4.2618999999999998,79.135000000000005,51.750900000000001,0,27.3841,-83.396900000000002,-9.1943999999999999,0,-74.202500000000001,0,0,0,137.4853,0,148.78540000000001
2012-10,-128.95590000000001,-139.0839,528.85170000000005,6682.3984,4280.0108,1091.7222999999999,627.84640000000002,630.22789999999998,52.591000000000001,-6153.5466999999999,-439.92270000000002,-796.63589999999999,-4916.9880999999996,-435.2552,768.33219999999994,176.28210000000001,343.21929999999998,13.624499999999999,3.8209,6.2167000000000003,32.0886,1.1133,56.583300000000001,8.5716000000000001,15.125400000000001,0.74450000000000005,0.95899999999999996,77.251400000000004,4.2184999999999997,28.512899999999998,0,-1203.5873999999999,-463.70089999999999,-114.7957,-46.247599999999998,-9.1881000000000004,-8.2019000000000002,-161.19710000000001,-139.75190000000001,-31.2241,-34.457299999999996,-16.372,-12.7476,-72.923299999999998,-24.8398,-23.093900000000001,-44.8461,0,-279.9538,4.4664999999999999,2.1244000000000001,0.83550000000000002,0.97109999999999996,0.53549999999999998,-284.4203,-281.7242,-2.9700000000000001E-2,-2.0116000000000001,-0.65480000000000005,47.273400000000002,67.719200000000001,-20.445799999999998,3.8614999999999999,4.3906999999999998,-0.5292,6.2666000000000395,209.113,230.6788,230.1602,0.29749999999999999,0.22109999999999999,-21.565799999999999,-4.8171999999999997,-3.1101999999999999,-13.638400000000001,-452.56869999999998,624.6386,57.305700000000002,249.7183,86.777299999999997,230.8373,-1077.2073,-80.717799999999997,-333.22309999999999,-180.3767,-482.8897,19.901,95.753200000000007,59.327199999999998,0,36.426000000000002,-75.852199999999996,-8.7568000000000001,-5.7999999999999996E-3,-67.089600000000004,0,0,0,229.82130000000001,0,109.44880000000001
2012-11,-17.513100000000001,-198.2045,370.5025,6218.3387000000002,4134.3023999999996,967.02430000000004,566.52629999999999,492.49779999999998,57.988,-5847.8361999999997,-464.10120000000001,-855.40009999999995,-4528.3348999999998,-373.19110000000001,807.53980000000001,200.88040000000001,379.88839999999999,13.885999999999999,4.4516,5.6260000000000003,29.755099999999999,3.3715999999999999,53.1098,19.4785,16.1389,0.25659999999999999,0.72919999999999996,49.280500000000004,4.7689000000000004,25.918099999999999,0,-1180.731,-418.4049,-102.9659,-23.526299999999999,-19.376999999999999,-8.9608000000000008,-172.1499,-182.64609999999999,-19.199000000000002,-42.002800000000001,-11.6334,-24.7349,-67.749700000000004,-32.217199999999998,-21.8934,-33.2697,0,-258.18639999999999,4.2293000000000003,2.29,0.75739999999999996,0.66039999999999999,0.52149999999999996,-262.41570000000002,-216.13829999999999,-43.046500000000002,-2.7416,-0.48930000000000001,62.670499999999997,81.453800000000001,-18.783300000000001,6.3E-3,0.34770000000000001,-0.34139999999999998,180.68509999999998,234.4512,253.9641,253.2672,-0.75490000000000002,1.4518,-19.512899999999998,-3.8086000000000002,-4.0458999999999996,-11.6584,-261.26620000000003,521.90229999999997,6.9489999999999998,238.7937,57.188899999999997,218.97069999999999,-783.16849999999999,-40.747799999999998,-132.1704,-127.9804,-482.26990000000001,68.607299999999995,75.260400000000004,49.301900000000003,0,25.958500000000001,-6.6531000000000002,-5.9683999999999999,0,-0.68469999999999998,0,0,0,138.89279999999999,0,116.386
2012-12,806.1232,317.58139999999997,1013.8444,6539.6301999999996,4471.2996999999996,790.97969999999998,439.77940000000001,780.31979999999999,57.2515,-5525.7857999999997,-390.46850000000001,-825.26679999999999,-4310.0504000000001,-304.54410000000001,845.79280000000006,189.55240000000001,382.82650000000001,16.152899999999999,10.172499999999999,5.8837000000000002,30.382200000000001,5.4276999999999997,52.039900000000003,18.922499999999999,32.847999999999999,0.51490000000000002,1.4325000000000001,77.177199999999999,3.1158999999999999,19.344000000000001,0,-1150.337,-405.2826,-124.35039999999999,-22.353200000000001,-22.845700000000001,-6.9999000000000002,-160.18369999999999,-164.89490000000001,-17.752099999999999,-28.4803,-15.0901,-0.37319999999999998,-99.578599999999994,-31.196300000000001,-26.2287,-24.727399999999999,0,-438.22710000000001,5.7889999999999997,3.7307999999999999,0.75580000000000003,0.81210000000000004,0.49030000000000001,-444.01609999999999,-322.34620000000001,-119.2246,-2.1926000000000001,-0.25269999999999998,46.508200000000002,69.621399999999994,-23.113199999999999,5.6890000000000001,5.7925000000000004,-0.10349999999999999,482.8528,493.72669999999999,512.26930000000004,511.12920000000003,0.2016,0.9385,-18.5426,-10.2196,-5.3391000000000002,-2.9839000000000002,-301.87439999999998,555.48019999999997,47.911799999999999,200.32830000000001,52.086399999999998,255.15369999999999,-857.3546,-62.149700000000003,-250.2373,-190.94990000000001,-354.01769999999999,73.481499999999997,84.025300000000001,46.8874,0,37.137900000000002,-10.543799999999999,-2.0015000000000001,0,-8.5422999999999991,0,0,0,217.51900000000001,0,85.2483
2013-01,-198.81309999999999,-608.47469999999998,400.22320000000002,6109.3045000000002,4162.0612000000001,891.42690000000005,485.64890000000003,491.1891,78.978499999999997,-5709.0812999999998,-501.07639999999998,-939.02049999999997,-4268.9844999999996,-651.31140000000005,901.327,212.3004,410.50880000000001,38.055399999999999,14.0749,6.7355999999999998,32.949599999999997,30.559000000000001,63.752600000000001,6.5667,16.078600000000002,7.5999999999999998E-2,0.41789999999999999,52.813000000000002,3.8616000000000001,12.5771,0,-1552.6383000000001,-781.46960000000001,-104.7413,-38.919400000000003,-10.165900000000001,-4.3303000000000003,-173.43899999999999,-208.69460000000001,-25.514199999999999,-21.176400000000001,-17.775700000000001,-1.3537999999999999,-77.134699999999995,-26.258400000000002,-19.465699999999998,-42.199399999999997,0,-390.56849999999997,4.9005999999999998,1.7264999999999999,1.7572000000000001,0.57220000000000004,0.84470000000000001,-395.46910000000003,-328.38729999999998,-63.994799999999998,-2.7189000000000001,-0.36809999999999998,33.182000000000002,54.548299999999998,-21.366299999999999,4.5465,4.7685000000000004,-0.222,405.11509999999998,207.3536,212.70169999999999,204.16319999999999,0.1303,8.4082000000000008,-5.3480999999999996,-1.3108,-1.8597999999999999,-2.1775000000000002,-226.18520000000001,353.4991,8.1364000000000001,135.62,47.985999999999997,161.7567,-579.68430000000001,-28.842199999999998,-156.64779999999999,-80.7684,-313.42590000000001,34.411200000000001,54.121499999999997,32.122900000000001,0,21.9986,-19.7103,-2.1467999999999998,0,-17.563500000000001,0,0,0,389.53550000000001,0,82.903599999999997
2013-02,-305.82139999999998,-783.06619999999998,100.32389999999999,4779.4346999999998,3434.5073000000002,657.13220000000001,296.9502,364.976,25.869,-4679.1108000000004,-482.58069999999998,-655.21550000000002,-3541.3146999999999,-712.11950000000002,753.25239999999997,158.04920000000001,353.30279999999999,9.6804000000000006,4.5316999999999998,6.8547000000000002,41.406700000000001,10.867599999999999,51.821399999999997,7.3944000000000001,14.202400000000001,0.52729999999999999,0.49270000000000003,58.5,4.0815000000000001,31.5395,0,-1465.3719000000001,-793.32169999999996,-82.2363,-17.631799999999998,-30.105599999999999,-6.1534000000000004,-146.00540000000001,-182.83279999999999,-22.714400000000001,-22.355499999999999,-7.4085999999999999,-1.7154,-49.130499999999998,-30.304300000000001,-22.277000000000001,-51.179200000000002,0,-192.273,2.3426,1.3627,0.15590000000000001,0.58220000000000005,0.24179999999999999,-194.6156,-150.4751,-41.686700000000002,-2.1393,-0.3145,21.002400000000002,41.6496,-20.647200000000002,9.0999999999999998E-2,0.54679999999999995,-0.45579999999999998,477.154,242.76150000000001,249.27520000000001,248.39359999999999,5.7200000000000001E-2,0.82440000000000002,-6.5137,-1.3459000000000001,-2.8946999999999998,-2.2730999999999999,-269.53620000000001,319.94499999999999,5.9801000000000002,171.93520000000001,30.188500000000001,111.8412,-589.48119999999994,-48.719099999999997,-91.3309,-67.917199999999994,-381.51400000000001,45.208300000000001,52.066600000000001,23.858599999999999,0,28.207999999999998,-6.8582999999999998,-1.1954,-7.9200000000000007E-2,-5.5837000000000003,0,0,0,458.72039999999998,0,144.30090000000001
2013-03,-525.44949999999994,-505.96339999999998,443.19209999999998,5797.4255999999996,3835.8015,808.12900000000002,452.60359999999997,668.74749999999995,32.143999999999998,-5354.2335000000003,-463.12060000000002,-839.38720000000001,-4051.7257,-785.85569999999996,700.78599999999994,139.37180000000001,319.40960000000001,10.125400000000001,7.5324,6.3636999999999997,45.301000000000002,0.8498,66.057900000000004,3.9586000000000001,16.643000000000001,7.2900000000000006E-2,1.1719999999999999,57.683199999999999,4.8376000000000001,21.4069,0,-1486.6416999999999,-684.75630000000001,-86.3078,-39.259099999999997,-66.8185,-5.0254000000000003,-156.96170000000001,-184.25720000000001,-22.375399999999999,-41.4328,-12.6088,-16.492000000000001,-74.156300000000002,-48.371000000000002,-24.139399999999998,-23.680099999999999,0,-183.72219999999999,5.6158000000000001,3.8866000000000001,0.58289999999999997,0.95220000000000005,0.19409999999999999,-189.33799999999999,-139.40520000000001,-47.074599999999997,-2.3176999999999999,-0.54049999999999998,20.4224,44.3035,-23.8811,3.2585000000000002,3.9866999999999999,-0.72819999999999996,-22.744399999999985,216.18199999999999,229.0127,226.9813,0.13730000000000001,1.8940999999999999,-12.8307,-7.2218,-2.1387999999999998,-3.4701,-598.63350000000003,338.16879999999998,7.7367999999999997,121.3222,68.405900000000003,140.7039,-936.80229999999995,-49.635599999999997,-323.40969999999999,-94.772300000000001,-468.98469999999998,34.936599999999999,71.611999999999995,30.823899999999998,0,40.7881,-36.675400000000003,-2.7174999999999998,-6.1999999999999998E-3,-33.951700000000002,0,0,0,324.77050000000003,0,189.70189999999999
2013-04,474.52280000000002,360.1617,1492.8534999999999,7510.1198000000004,4595.9246000000003,1249.7159999999999,715.64120000000003,914.71810000000005,34.119900000000001,-6017.2663000000002,-557.45060000000001,-885.9633,-4573.8525,-791.60090000000002,728.45640000000003,140.565,320.2337,12.4274,10.3634,6.8845999999999998,43.599899999999998,11.3964,70.670599999999993,15.4824,14.236700000000001,2.6200000000000001E-2,3.3479999999999999,52.5105,4.4570999999999996,22.2545,0,-1520.0573999999999,-774.11270000000002,-115.10509999999999,-26.727,-30.652000000000001,-5.2864000000000004,-168.76400000000001,-151.35499999999999,-23.164300000000001,-23.637499999999999,-9.8007000000000009,-11.0783,-88.34,-36.397500000000001,-24.178599999999999,-31.458200000000001,0,-361.46570000000003,4.1153000000000004,2.8969999999999998,0.1565,0.91979999999999995,0.14199999999999999,-365.58100000000002,-267.0213,-96.600399999999993,-1.5267999999999999,-0.4325,20.3748,46.500599999999999,-26.125800000000002,0.27,0.68569999999999998,-0.41570000000000001,114.09119999999999,226.73179999999999,237.72399999999999,237.09800000000001,0.33500000000000002,0.29099999999999998,-10.9922,-5.4714999999999998,-1.9805999999999999,-3.5400999999999998,-313.8655,487.51400000000001,12.224299999999999,246.12790000000001,87.619699999999995,141.5421,-801.37950000000001,-69.656599999999997,-193.76509999999999,-72.377399999999994,-465.5804,47.882399999999997,49.731000000000002,25.2743,0,24.456700000000001,-1.8486,-1.1476,-6.4999999999999997E-3,-0.69450000000000001,0,0,0,153.3425,0,174.20359999999999
2013-05,222.9734,118.69750000000001,1343.4926,8038.7170999999998,5166.6851999999999,1152.2846,585.98979999999995,1087.6152999999999,46.142200000000003,-6695.2245000000003,-583.43010000000004,-1148.0346,-4963.7597999999998,-898.53989999999999,707.15030000000002,115.5791,355.90339999999998,13.907999999999999,6.6910999999999996,7.4722,27.545300000000001,4.3471000000000002,72.218900000000005,8.8117999999999999,25.3659,5.6800000000000003E-2,0.75260000000000005,44.480800000000002,5.4448999999999996,18.572700000000001,0,-1605.6902,-728.01120000000003,-137.50450000000001,-45.404000000000003,-39.414200000000001,-6.6642999999999999,-194.46090000000001,-194.5556,-23.952300000000001,-21.648,-15.2441,-24.339500000000001,-86.697400000000002,-30.552299999999999,-27.933800000000002,-29.3081,0,-343.4425,3.5583999999999998,1.1536,0.98319999999999996,0.44240000000000002,0.97919999999999996,-347.0009,-190.2861,-153.667,-2.0263,-1.0215000000000001,17.1873,47.317700000000002,-30.130400000000002,0.36120000000000002,0.64170000000000005,-0.28050000000000003,103.9147,151.4639,200.62090000000001,200.14760000000001,0.1764,0.2969,-49.156999999999996,-29.962299999999999,-14.9329,-4.2618,-241.64689999999999,671.59100000000001,11.2879,380.358,151.8938,128.0513,-913.23789999999997,-48.341099999999997,-264.55200000000002,-54.372100000000003,-545.97270000000003,64.608099999999993,70.983400000000003,28.810500000000001,0,42.172899999999998,-6.3753000000000002,-2.6621000000000001,-5.3E-3,-3.7079,0,0,0,129.4896,0,213.23089999999999
2013-06,415.2595,343.77089999999998,1198.2483,6776.1256999999996,4885.2285000000002,839.83439999999996,356.50170000000003,657.16539999999998,37.395699999999998,-5577.8774000000003,-490.07900000000001,-1104.2111,-3983.5871999999999,-622.68830000000003,655.11159999999995,87.8583,349.72199999999998,11.6622,7.5079000000000002,5.6287000000000003,19.665299999999998,1.6506000000000001,67.8215,17.641300000000001,12.6242,0.1399,0.58830000000000005,50.738799999999998,2.7086000000000001,19.154,0,-1277.7999,-606.35360000000003,-116.6561,-35.257800000000003,-19.855,-6.5185000000000004,-155.9485,-141.9332,-18.158899999999999,-15.8949,-14.199400000000001,-8.8800000000000004E-2,-64.736699999999999,-34.700400000000002,-16.802299999999999,-30.695799999999998,0,-245.23689999999999,1.4642999999999999,0.37119999999999997,0.45340000000000003,0.34699999999999998,0.29270000000000002,-246.7012,-126.7607,-115.88420000000001,-3.1764999999999999,-0.87980000000000003,13.447800000000001,44.582299999999996,-31.134499999999999,0.31740000000000002,0.5756,-0.25819999999999999,71.171099999999996,257.98070000000001,268.03890000000001,267.589,2.2800000000000001E-2,0.42709999999999998,-10.058199999999999,-2.6057999999999999,-4.7373000000000003,-2.7151000000000001,-406.92270000000002,401.32240000000002,43.501199999999997,171.875,45.9465,139.99969999999999,-808.24509999999998,-73.669899999999998,-192.4889,-59.341299999999997,-482.745,60.983699999999999,64.559799999999996,32.955800000000004,0,31.603999999999999,-3.5760999999999998,-2.8919999999999999,0,-0.68410000000000004,0,0,-1.5E-3,159.1309,0,164.89660000000001
2013-07,-416.8322,-537.73649999999998,494.13380000000001,7411.6225000000004,5374.7578999999996,976.05790000000002,393.62630000000001,620.3098,46.870600000000003,-6917.4886999999999,-600.67100000000005,-1267.9223,-5048.8953000000001,-767.51289999999995,787.69370000000004,154.90389999999999,381.435,12.680099999999999,5.3704999999999998,8.5815999999999999,28.629200000000001,1.7364999999999999,89.196200000000005,7.6653000000000002,15.456200000000001,1.14E-2,1.3080000000000001,51.648299999999999,2.97,26.101400000000002,0,-1555.2066,-667.36329999999998,-106.9871,-29.483599999999999,-82.705500000000001,-4.8628,-197.91839999999999,-189.18289999999999,-24.557500000000001,-48.613700000000001,-13.3766,-1.35E-2,-90.808400000000006,-35.682499999999997,-21.396599999999999,-42.254199999999997,0,-293.58960000000002,2.1520000000000001,0.57899999999999996,0.50260000000000005,0.53620000000000001,0.53420000000000001,-295.74160000000001,-135.63249999999999,-156.19890000000001,-2.6082999999999998,-1.3019000000000001,29.232199999999999,58.82,-29.587800000000001,12.1211,13.932600000000001,-1.8115000000000001,108.78299999999999,150.6634,176.94280000000001,175.10470000000001,7.1599999999999997E-2,1.7665,-26.279399999999999,-17.863199999999999,-5.6245000000000003,-2.7917000000000001,-244.9984,382.45080000000002,8.3276000000000003,192.99510000000001,36.208199999999998,144.91990000000001,-627.44920000000002,-38.182299999999998,-123.3691,-50.712299999999999,-415.18549999999999,35.690300000000001,50.354100000000003,26.691299999999998,0,23.662800000000001,-14.6638,-5.5309999999999997,-1.3489,-7.7839,0,0,0,167.42769999999999,0,165.42599999999999
2013-08,-515.5693,-627.86760000000004,213.87029999999999,6856.4552999999996,5194.1171000000004,714.8732,391.88510000000002,441.56360000000001,114.0163,-6642.585,-578.27729999999997,-1145.9504999999999,-4918.3572999999997,-584.95460000000003,667.35709999999995,112.95180000000001,323.9375,20.212,5.1639999999999997,5.0439999999999996,19.878,1.6801999999999999,76.393699999999995,22.3172,17.327500000000001,0.49840000000000001,0.85660000000000003,41.575000000000003,4.6634000000000002,14.857900000000001,0,-1252.3117,-412.27429999999998,-122.8927,-30.715399999999999,-35.201099999999997,-6.1767000000000003,-191.46940000000001,-179.72460000000001,-20.975999999999999,-46.852800000000002,-11.061,-2.5171999999999999,-66.782700000000006,-55.6402,-35.525500000000001,-34.501899999999999,0,-274.41109999999998,1.8992,0.57189999999999996,0.61180000000000001,0.4204,0.29509999999999997,-276.31029999999998,-150.4819,-121.37609999999999,-3.2151000000000001,-1.2372000000000001,17.627800000000001,45.542999999999999,-27.915199999999999,11.626300000000001,13.5701,-1.9438,100.67209999999997,141.8425,152.55680000000001,152.22829999999999,6.4299999999999996E-2,0.26419999999999999,-10.7143,-1.8858999999999999,-5.6707000000000001,-3.1577000000000002,-319.63900000000001,386.0761,11.1607,218.02940000000001,24.5166,132.36940000000001,-705.71510000000001,-61.616199999999999,-146.70599999999999,-44.9589,-452.43400000000003,30.9998,34.75,16.715699999999998,0,18.034300000000002,-3.7502,-0.89200000000000002,0,-2.8582000000000001,0,0.1721,0,247.29669999999999,0,222.75299999999999
2013-09,-1746.386,-2082.7955000000002,-1002.2907,5744.6993000000002,4411.5316999999995,577.39089999999999,333.32350000000002,373.26459999999997,49.188600000000001,-6746.99,-736.9624,-1000.1382,-5009.8894,-865.05600000000004,685.99040000000002,98.363399999999999,339.31389999999999,21.675899999999999,8.0221,5.9142000000000001,19.519200000000001,1.7753000000000001,64.365200000000002,43.861499999999999,15.680400000000001,1.54E-2,1.0513999999999999,46.572299999999998,4.6176000000000004,15.242699999999999,0,-1551.0464999999999,-715.73350000000005,-185.4495,-39.365499999999997,-29.923999999999999,-7.5709999999999997,-185.31209999999999,-152.12110000000001,-20.139700000000001,-25.6694,-13.8908,-16.359000000000002,-71.345299999999995,-30.737400000000001,-33.052799999999998,-24.375299999999999,0,-223.57259999999999,5.1151,2.2570000000000001,2.3788999999999998,0.32319999999999999,0.156,-228.68770000000001,-112.89230000000001,-113.0073,-2.1257999999999999,-0.6623,8.1237999999999992,38.199100000000001,-30.075299999999999,6.6776,11.007300000000001,-4.3296999999999999,329.73220000000003,434.85489999999999,453.01690000000002,452.78800000000001,0.1133,0.11559999999999999,-18.161999999999999,-2.9371999999999998,-11.938499999999999,-3.2863000000000002,-498.13069999999999,351.24090000000001,11.8889,198.45419999999999,18.473400000000002,122.42440000000001,-849.37159999999994,-57.593200000000003,-221.96639999999999,-92.263400000000004,-477.54860000000002,30.8659,59.517800000000001,19.107900000000001,0,40.4099,-28.651900000000001,-1.4181999999999999,0,-27.233699999999999,0,6.0199999999999997E-2,0,362.08190000000002,0,297.84129999999999
2013-10,-2442.0441999999998,-2271.9949999999999,-887.6884,5957.6080000000002,4527.7834999999995,452.2131,476.51010000000002,451.51729999999998,49.584000000000003,-6845.2964000000002,-693.47770000000003,-929.14070000000004,-5222.6779999999999,-1014.8745,666.42359999999996,100.1395,338.31810000000002,14.5489,5.7385999999999999,6.9626000000000001,23.515599999999999,2.4882,58.071899999999999,26.4056,13.239699999999999,1.72E-2,0.61199999999999999,43.313899999999997,3.7599,29.291899999999998,0,-1681.298,-827.53009999999995,-135.0497,-47.1145,-36.038499999999999,-3.6646999999999998,-209.7946,-161.178,-25.389800000000001,-34.371000000000002,-13.6343,-29.5702,-48.333500000000001,-44.819200000000002,-25.383199999999999,-39.4268,0,-382.66829999999999,3.3193000000000001,2.3803000000000001,0.1676,0.48259999999999997,0.2888,-385.98759999999999,-252.68709999999999,-130.33009999999999,-2.6436000000000002,-0.32679999999999998,13.2362,44.615299999999998,-31.379100000000001,1.7231000000000001,2.1648000000000001,-0.44169999999999998,-171.7724,109.9264,139.92689999999999,139.25,2.5399999999999999E-2,0.65149999999999997,-30.000499999999999,-13.213900000000001,-12.200200000000001,-4.5864000000000003,-493.92970000000003,498.37430000000001,8.7422000000000004,247.16239999999999,136.7595,105.7102,-992.30399999999997,-73.455500000000001,-352.92770000000002,-78.176699999999997,-487.7441,-17.698599999999999,37.749299999999998,23.263400000000001,0,14.485900000000001,-55.447899999999997,-2.0070000000000001,0,-53.440899999999999,0,0,-0.25369999999999998,230.1832,0,249.33519999999999
2013-11,-2444.4578999999999,-2229.1251000000002,-1065.3478,5182.0347000000002,3696.4769000000001,589.58720000000005,366.78789999999998,456.87520000000001,72.307500000000005,-6247.3824999999997,-652.94240000000002,-795.19039999999995,-4799.2497999999996,-884.58370000000002,611.8134,125.9342,303.04719999999998,11.163399999999999,6.4518000000000004,6.0061,21.056699999999999,2.6663000000000001,42.873600000000003,11.930199999999999,14.4703,7.6600000000000001E-2,0.57230000000000003,42.075000000000003,2.8559000000000001,20.6341,0,-1496.3970999999999,-694.18380000000002,-104.0279,-43.378300000000003,-24.376000000000001,-4.9653,-179.37729999999999,-197.20650000000001,-22.198599999999999,-64.871200000000002,-11.1533,-7.8090999999999999,-65.179299999999998,-33.640900000000002,-20.756399999999999,-23.273299999999999,0,-287.56619999999998,2.9889999999999999,1.3421000000000001,0.60209999999999997,0.37840000000000001,0.66639999999999999,-290.55520000000001,-165.92519999999999,-121.7328,-2.3717000000000001,-0.52549999999999997,8.3726000000000003,37.984200000000001,-29.611599999999999,1.0585,1.1331,-7.46E-2,-216.39120000000003,56.059899999999999,88.431399999999996,88.026200000000003,0.1333,0.27189999999999998,-32.371499999999997,-11.08,-6.5437000000000003,-14.7478,-535.77719999999999,335.4547,14.8887,116.1934,119.1931,85.179500000000004,-871.2319,-42.6815,-170.47319999999999,-141.59819999999999,-516.47900000000004,31.572700000000001,37.663800000000002,17.340199999999999,0,20.323599999999999,-6.0911,-1.4400999999999999,0,-4.6509999999999998,0,0,-64.299499999999995,296.05290000000002,0,363.9796
2013-12,-1054.1668999999999,-1907.2453,-964.41039999999998,5196.9381000000003,3245.9558999999999,670.85640000000001,364.77699999999999,862.82619999999997,52.5227,-6161.3485000000001,-638.62440000000004,-770.39359999999999,-4752.3305,-679.1617,691.38250000000005,124.6861,326.01949999999999,9.9627999999999997,10.899699999999999,6.8655999999999997,21.1846,3.8454999999999999,46.371499999999997,46.632100000000001,16.7593,0.3387,1.8131999999999999,47.266500000000001,5.7987000000000002,22.938600000000001,0,-1370.5442,-542.41660000000002,-150.69130000000001,-35.805700000000002,-41.251300000000001,-3.8772000000000002,-181.8759,-178.602,-19.771799999999999,-42.320399999999999,-9.1081000000000003,-0.66569999999999996,-71.776499999999999,-39.7986,-20.653099999999998,-31.930099999999999,0,-291.59710000000001,1.3963000000000001,0.38219999999999998,0.36530000000000001,0.41360000000000002,0.23519999999999999,-292.99340000000001,-106.3758,-182.9051,-3.4224999999999999,-0.28999999999999998,27.9239,62.304000000000002,-34.380099999999999,6.93E-2,0.20610000000000001,-0.1368,853.00919999999996,206.63,219.52869999999999,218.66069999999999,1.0999999999999999E-2,0.85699999999999998,-12.8987,-2.1573000000000002,-5.7290000000000001,-5.0124000000000004,210.19810000000001,1044.6443999999999,3.6057999999999999,825.44719999999995,135.0821,80.509299999999996,-834.44629999999995,-64.2346,-257.56240000000003,-24.181799999999999,-488.46749999999997,33.572800000000001,57.665700000000001,29.0838,0,28.581900000000001,-24.0929,-1.1372,-6,-16.9557,0,1E-4,-24.954000000000001,427.56220000000002,0,339.50729999999999
2014-01,-2122.1284000000001,-2137.1914000000002,-1009.056,4954.4053999999996,3216.2280999999998,531.1155,292.81709999999998,862.50729999999999,51.737400000000001,-5963.4614000000001,-774.41359999999997,-954.03539999999998,-4235.0124999999998,-842.5729,693.20579999999995,132.1207,340.98610000000002,22.226500000000001,7.9892000000000003,9.5532000000000004,21.652999999999999,13.973800000000001,48.514600000000002,17.8109,17.6968,5.7799999999999997E-2,0.8347,42.794899999999998,2.2887,14.7049,0,-1535.7788,-821.5729,-122.5761,-44.584000000000003,-18.742599999999999,-4.1910999999999996,-171.6824,-109.6456,-29.395499999999998,-66.037599999999998,-10.8294,-0.37730000000000002,-60.795400000000001,-34.171300000000002,-18.248000000000001,-22.929400000000001,0,-303.12389999999999,2.1749999999999998,0.54720000000000002,0.66979999999999995,0.30859999999999999,0.64939999999999998,-305.2989,-140.9888,-161.36770000000001,-2.4704000000000002,-0.47199999999999998,17.561399999999999,46.011099999999999,-28.4497,1.7394000000000001,2.1657999999999999,-0.4264,13.323900000000037,63.487699999999997,91.5244,87.003799999999998,0,4.5206,-28.0367,-15.695399999999999,-6.5190999999999999,-5.8221999999999996,194.44399999999999,963.33320000000003,4.1071,689.21180000000004,119.167,150.84729999999999,-768.88919999999996,-36.866999999999997,-309.07769999999999,-72.823300000000003,-350.12119999999999,-515.77239999999995,99.691299999999998,85.283600000000007,0,14.4077,-615.46370000000002,-599.62760000000003,0,-15.8361,0,0,0,271.16460000000001,0,231.5693
2014-02,-289.03449999999998,128.9588,873.19960000000003,4989.2151000000003,3197.5358999999999,879.81529999999998,291.43680000000001,575.89179999999999,44.535400000000003,-4116.0155000000004,-508.59120000000001,-719.02170000000001,-2888.4025999999999,-527.80999999999995,637.95680000000004,121.47450000000001,329.46879999999999,11.632300000000001,3.6585000000000001,6.5557999999999996,26.661200000000001,3.5996000000000001,45.007800000000003,18.6875,14.9809,0.15809999999999999,0.78059999999999996,33.348599999999998,3.6602000000000001,18.282599999999999,0,-1165.7668000000001,-511.43040000000002,-109.3603,-40.757800000000003,-51.887500000000003,-10.429600000000001,-159.19460000000001,-57.349400000000003,-20.113,-32.135899999999999,-7.8093000000000004,-1.8832,-52.059199999999997,-42.697099999999999,-20.976299999999998,-47.683300000000003,0,-230.08019999999999,0.91790000000000005,0.37459999999999999,6.7799999999999999E-2,0.34189999999999998,0.1336,-230.99809999999999,-144.17750000000001,-83.920400000000001,-2.1941999999999999,-0.70599999999999996,13.6494,37.612499999999997,-23.963100000000001,3.3915000000000002,5.3986999999999998,-2.0072000000000001,-421.38489999999996,49.784300000000002,61.697899999999997,58.050800000000002,0,3.6471,-11.913600000000001,-0.89,-6.0952000000000002,-4.9283999999999999,-355.3623,310.82470000000001,27.509499999999999,143.70660000000001,44.070900000000002,95.537700000000001,-666.18700000000001,-40.814500000000002,-203.64609999999999,-60.459299999999999,-361.26710000000003,-178.47239999999999,111.7586,97.726900000000001,0,14.031700000000001,-290.23099999999999,-168.48009999999999,0,-121.7509,0,0,0,62.665500000000002,0,262.81040000000002
2014-03,149.78100000000001,273.84519999999998,699.14170000000001,5197.8359,3103.2271000000001,892.72709999999995,446.57799999999997,718.06560000000002,37.238100000000003,-4498.6941999999999,-459.3424,-869.43349999999998,-3169.9182000000001,-291.0394,669.05600000000004,105.2375,274.9203,13.3536,5.2443999999999997,5.1555,26.8001,1.498,45.146000000000001,114.4571,15.944100000000001,4.2000000000000003E-2,1.4944999999999999,40.162300000000002,4.0797999999999996,15.520899999999999,0,-960.09529999999995,-375.80930000000001,-109.1174,-34.363199999999999,-20.1432,-4.5492999999999997,-137.76150000000001,-44.712699999999998,-19.802099999999999,-29.135100000000001,-8.6854999999999993,-17.126100000000001,-64.859099999999998,-40.146500000000003,-20.044699999999999,-33.839599999999997,0,-152.5086,5.6914999999999996,0.224,0.152,0.57709999999999995,4.7384000000000004,-158.20009999999999,-95.368799999999993,-60.480499999999999,-2.0756999999999999,-0.27510000000000001,18.2515,40.786000000000001,-22.534500000000001,-6.9000000000000006E-2,1.2546999999999999,-1.3237000000000001,-123.99540000000005,93.540899999999993,101.28,95.088399999999993,8.5000000000000006E-2,6.1066000000000003,-7.7390999999999996,-1.2208000000000001,-2.3784999999999998,-4.1398000000000001,-7.9946000000000002,653.40419999999995,49.3429,397.13810000000001,86.621600000000001,120.30159999999999,-661.39880000000005,-67.779899999999998,-179.92179999999999,-34.632399999999997,-379.06470000000002,-306.91520000000003,590.12789999999995,567.87469999999996,0,22.2532,-897.04309999999998,-148.35130000000001,0,-748.69179999999994,0,0,0,97.373500000000007,0,258.10520000000002
2014-04,2067.1633999999999,921.24800000000005,1494.7701,7299.9261999999999,3931.5933,1332.4772,679.94960000000003,1327.0309999999999,28.875,-5805.1561000000002,-548.04290000000003,-1054.9571000000001,-4202.1559999999999,-167.85589999999999,920.20699999999999,106.13209999999999,330.8818,13.157,11.7889,5.9168000000000003,42.0657,12.423999999999999,50.0824,221.16030000000001,30.973400000000002,2.0314999999999999,0.72289999999999999,63.894599999999997,4.7549999999999999,24.220800000000001,0,-1088.0628999999999,-378.7056,-150.97069999999999,-42.682600000000001,-74.500299999999996,-13.0078,-135.197,-48.9861,-18.8993,-32.0685,-13.2721,-29.982099999999999,-57.7821,-34.275500000000001,-19.997699999999998,-37.735500000000002,0,-425.9726,1.9521999999999999,0.24440000000000001,0.25979999999999998,0.52610000000000001,0.92190000000000005,-427.9248,-255.2741,-169.7586,-2.5545,-0.33760000000000001,20.3064,42.171999999999997,-21.865600000000001,3.0369999999999999,4.1603000000000003,-1.1233,1142.8784000000001,398.74329999999998,407.3843,407.11320000000001,8.9999999999999993E-3,0.2621,-8.641,-2.6833999999999998,-2.8849,-3.0727000000000002,547.19039999999995,1218.1660999999999,81.115399999999994,828.84860000000003,175.70660000000001,132.49549999999999,-670.97569999999996,-64.190700000000007,-232.8339,-76.163899999999998,-297.78719999999998,82.659700000000001,224.86259999999999,206.971,0,17.8916,-142.2029,-133.90039999999999,-6.0000000000000001E-3,-8.2965,0,5.21E-2,0,114.2329,0,164.71600000000001
2014-05,768.78689999999995,800.35429999999997,1319.6481000000001,7016.2635,4092.8751999999999,1005.7296,561.45719999999994,1289.7860000000001,66.415499999999994,-5696.6153999999997,-512.89390000000003,-1240.1485,-3943.5729999999999,-236.41239999999999,756.86249999999995,114.29470000000001,354.02109999999999,20.557500000000001,15.3345,6.8452000000000002,25.810400000000001,21.9255,58.325200000000002,38.064500000000002,34.680500000000002,0.1096,0.91620000000000001,42.750500000000002,4.5296000000000003,18.697700000000001,0,-993.2749,-373.5378,-129.2619,-32.631,-43.307600000000001,-5.8141999999999996,-143.6764,-55.101700000000001,-20.4285,-25.0548,-9.9154999999999998,-5.9333,-73.004499999999993,-25.366499999999998,-28.9877,-21.253299999999999,0,-301.32780000000002,2.1907999999999999,0.22819999999999999,1.1515,0.33639999999999998,0.47470000000000001,-303.51859999999999,-138.9529,-160.7193,-3.3325999999999998,-0.51380000000000003,18.446400000000001,39.892099999999999,-21.445699999999999,6.9615,7.0044000000000004,-4.2900000000000001E-2,-38.528999999999968,172.86879999999999,187.53229999999999,186.01439999999999,8.9999999999999993E-3,1.5088999999999999,-14.663500000000001,-2.1876000000000002,-5.7020999999999997,-6.7737999999999996,195.12889999999999,973.5915,32.250799999999998,656.94830000000002,163.55969999999999,120.8327,-778.46259999999995,-42.762099999999997,-339.09690000000001,-80.905299999999997,-315.69830000000002,-603.13959999999997,41.040100000000002,22.243300000000001,0,18.796800000000001,-644.17970000000003,-641.36659999999995,0,-2.8130999999999999,0,0,0,196.6129,0,171.84540000000001
2014-06,760.9144,674.30989999999997,1400.9481000000001,6607.9390000000003,4389.8504000000003,955.4402,503.70839999999998,708.72469999999998,50.215299999999999,-5206.9908999999998,-570.5761,-1068.7616,-3567.6532000000002,-420.11950000000002,626.30200000000002,79.819500000000005,323.21969999999999,8.5343999999999998,3.1320000000000001,8.3576999999999995,19.666499999999999,9.0327000000000002,65.747799999999998,11.34,20.286200000000001,0,1.2443,39.3033,11.4557,25.162400000000002,0,-1046.4215999999999,-391.35430000000002,-127.2599,-30.754300000000001,-26.2074,-4.9157999999999999,-137.3158,-86.439899999999994,-24.542200000000001,-33.947899999999997,-22.291899999999998,-6.8000000000000005E-2,-61.4681,-36.751399999999997,-28.228899999999999,-34.875599999999999,0,-319.733,1.2563,0.14319999999999999,0.33579999999999999,0.49270000000000003,0.28460000000000002,-320.98930000000001,-120.3175,-197.6712,-2.4091999999999998,-0.59140000000000004,13.2143,38.576300000000003,-25.361999999999998,4.6710000000000003,6.6006999999999998,-1.9297,81.933699999999973,254.38919999999999,262.81560000000002,262.21140000000003,7.1199999999999999E-2,0.53300000000000003,-8.4263999999999992,-1.8893,-3.7568000000000001,-2.7803,-202.93690000000001,463.63330000000002,32.0533,70.919799999999995,254.88050000000001,105.77970000000001,-666.5702,-63.305700000000002,-128.2029,-105.62949999999999,-369.43209999999999,-129.46,51.979300000000002,19.922000000000001,0,32.057299999999998,-181.4393,-167.10730000000001,0,-14.332000000000001,0,1.2999999999999999E-3,0,159.9401,0,171.96119999999999
2014-07,673.52009999999996,680.82500000000005,1590.6913999999999,7221.4989999999998,5023.0427,923.82150000000001,514.33280000000002,704.68430000000001,55.617699999999999,-5630.8076000000001,-533.54359999999997,-1232.6401000000001,-3864.6239,-529.84469999999999,620.40869999999995,78.739999999999995,312.40019999999998,10.081099999999999,14.667299999999999,6.5792000000000002,16.416499999999999,6.7786,73.078000000000003,18.100200000000001,16.9648,1.1379999999999999,1.1151,38.080500000000001,2.6394000000000002,23.629799999999999,0,-1150.2534000000001,-451.10050000000001,-117.80670000000001,-38.144599999999997,-30.0168,-5.7872000000000003,-161.84100000000001,-89.580399999999997,-32.659599999999998,-39.489199999999997,-11.1449,-0.10639999999999999,-51.543999999999997,-35.005000000000003,-28.258500000000002,-57.768700000000003,0,-407.04500000000002,1.0464,0.21410000000000001,0.37009999999999998,0.33489999999999998,0.1273,-408.09140000000002,-140.3083,-262.88380000000001,-3.8906000000000001,-1.0086999999999999,27.023299999999999,51.7089,-24.685600000000001,18.4801,20.641200000000001,-2.1610999999999998,-25.784999999999997,68.954099999999997,82.300899999999999,78.946700000000007,0,3.3542000000000001,-13.3468,-1.1580999999999999,-7.2222999999999997,-4.9664000000000001,-121.3212,573.88080000000002,48.798200000000001,243.50290000000001,178.1557,103.42400000000001,-695.202,-27.168199999999999,-273.59629999999999,-108.8926,-285.54489999999998,-189.14830000000001,38.014000000000003,22.012499999999999,0,16.0015,-227.16229999999999,-213.35059999999999,0,-13.8117,0,5.5500000000000001E-2,0,215.67490000000001,0,150.37350000000001
2014-08,-315.21230000000003,-166.2509,323.4239,5238.0331999999999,3710.9978999999998,731.61059999999998,277.10019999999997,447.29899999999998,71.025499999999994,-4914.6093000000001,-578.48350000000005,-762.94060000000002,-3573.1853000000001,-311.86290000000002,706.49429999999995,109.48569999999999,314.79309999999998,15.687200000000001,5.7736999999999998,15.9132,15.9529,6.1128,59.606200000000001,69.642600000000002,15.7303,8.4199999999999997E-2,1.0797000000000001,30.881799999999998,3.7288000000000001,42.021999999999998,0,-1018.3572,-432.79180000000002,-97.7851,-31.371500000000001,-33.544499999999999,-5.2321999999999997,-138.07300000000001,-78.045500000000004,-21.979299999999999,-33.673099999999998,-13.7456,-1.6986000000000001,-47.590200000000003,-45.417700000000004,-19.449300000000001,-17.959700000000002,0,-195.60059999999999,19.476600000000001,0.1958,1.9470000000000001,0.1923,17.141500000000001,-215.0772,-116.05670000000001,-96.292400000000001,-2.2823000000000002,-0.44579999999999997,17.788699999999999,39.549900000000001,-21.761199999999999,11.642300000000001,13.4123,-1.77,-160.60339999999997,119.3408,124.8271,124.7822,0,4.4900000000000002E-2,-5.4863,-0.37469999999999998,-3.0872000000000002,-2.0244,-220.70099999999999,362.67320000000001,5.0827,136.8252,72.506100000000004,148.25919999999999,-583.37419999999997,-46.079799999999999,-105.7182,-98.488299999999995,-333.08789999999999,-202.81479999999999,63.477200000000003,48.770299999999999,0,14.706899999999999,-266.29199999999997,-264.55130000000003,0,-1.7406999999999999,0,0,0,143.57159999999999,0,181.98150000000001
2014-09,-989.16279999999995,-625.38160000000005,79.629800000000003,5103.5874000000003,3547.8044,607.529,284.99630000000002,624.02110000000005,39.236600000000003,-5023.9575999999997,-643.01769999999999,-822.85119999999995,-3558.0886999999998,-513.13679999999999,663.596,89.168300000000002,295.07920000000001,10.558199999999999,5.6131000000000002,6.2862999999999998,20.8779,2.1097999999999999,59.384,102.5352,12.832100000000001,1.0331999999999999,1.3169999999999999,33.644599999999997,5.2248999999999999,17.932099999999998,0,-1176.7328,-531.56489999999997,-104.76730000000001,-29.388400000000001,-35.712699999999998,-4.6736000000000004,-146.03870000000001,-74.472499999999997,-23.601900000000001,-48.127299999999998,-11.0549,-16.360299999999999,-62.319899999999997,-33.759700000000002,-25.739599999999999,-29.151299999999999,0,-198.47900000000001,2.4519000000000002,0.14649999999999999,1.3620000000000001,0.28749999999999998,0.65590000000000004,-200.93090000000001,-110.5543,-87.295900000000003,-2.5548999999999999,-0.52580000000000005,6.6044,32.716200000000001,-26.111799999999999,9.3375000000000004,10.1906,-0.85309999999999997,-373.11859999999996,91.336200000000005,103.3751,100.1897,0.5343,2.6511,-12.0389,-0.94740000000000002,-6.8341000000000003,-4.2573999999999996,-405.47800000000001,446.24849999999998,4.5606999999999998,81.958200000000005,195.38239999999999,164.34719999999999,-851.72649999999999,-44.579500000000003,-224.34460000000001,-155.00630000000001,-427.79610000000002,-347.6635,36.2194,14.790100000000001,0,21.429300000000001,-383.88290000000001,-377.69940000000003,0,-6.1835000000000004,0,1.2999999999999999E-3,0,288.68540000000002,0,176.54150000000001
2014-10,-765.88490000000002,-361.79969999999997,601.08879999999999,5639.4027999999998,4000.2546000000002,744.06359999999995,222.53530000000001,638.54089999999997,34.008400000000002,-5038.3140000000003,-601.88440000000003,-669.15589999999997,-3767.2737000000002,-669.60069999999996,631.39350000000002,81.756699999999995,304.03039999999999,13.537800000000001,11.7902,8.9202999999999992,29.608699999999999,1.4542999999999999,57.647500000000001,21.447099999999999,12.101599999999999,6.7000000000000002E-3,0.89059999999999995,59.720799999999997,7.9722999999999997,20.508500000000002,0,-1300.9942000000001,-594.41790000000003,-130.4342,-35.325299999999999,-20.948,-12.164099999999999,-148.4229,-101.0201,-22.258400000000002,-39.464199999999998,-9.6285000000000007,-29.308599999999998,-70.970699999999994,-34.362400000000001,-26.147600000000001,-26.121200000000002,0,-308.93560000000002,1.9218,0.67669999999999997,0.40799999999999997,0.26369999999999999,0.57340000000000002,-310.85739999999998,-271.88549999999998,-36.000700000000002,-2.6071,-0.36409999999999998,15.6478,43.172499999999999,-27.524699999999999,8.0063999999999993,8.0711999999999993,-6.4799999999999996E-2,-412.0915,197.64109999999999,203.72800000000001,203.6456,8.8999999999999999E-3,7.3499999999999996E-2,-6.0869,-1.1114999999999999,-1.7523,-3.2231000000000001,-352.00970000000001,464.24759999999998,47.500100000000003,202.34399999999999,89.057500000000005,125.346,-816.25729999999999,-102.337,-146.79660000000001,-152.84729999999999,-414.27640000000002,-513.89350000000002,63.065199999999997,48.174500000000002,0,14.890700000000001,-576.95870000000002,-443.28699999999998,0,-133.67169999999999,0,0.33900000000000002,0,255.83160000000001,0,249.44139999999999
2014-11,-312.74610000000001,203.75030000000001,810.03769999999997,4984.1183000000001,3224.3861000000002,740.6585,214.96889999999999,778.33199999999999,25.7728,-4174.0806000000002,-439.2081,-510.07960000000003,-3224.7928999999999,-468.47500000000002,572.21559999999999,89.556299999999993,293.8999,10.515499999999999,6.1965000000000003,6.9215999999999998,21.4817,1.5205,41.148899999999998,7.9267000000000003,21.0624,0,0.83860000000000001,41.489800000000002,5.2561999999999998,24.401,0,-1040.6905999999999,-432.73770000000002,-128.5993,-33.765799999999999,-17.545400000000001,-5.5307000000000004,-125.1785,-88.4709,-19.973800000000001,-32.5458,-10.187900000000001,-5.3479000000000001,-68.924000000000007,-28.9939,-14.9389,-27.95,0,-146.55549999999999,1.6208,0.66159999999999997,0.59240000000000004,0.22939999999999999,0.13739999999999999,-148.1763,-146.25550000000001,-9.7999999999999997E-3,-1.5747,-0.33629999999999999,8.7431000000000001,33.630699999999997,-24.887599999999999,1.9474,1.984,-3.6600000000000001E-2,-518.44380000000001,15.252599999999999,18.367599999999999,18.187100000000001,3.7400000000000003E-2,0.1431,-3.1150000000000002,-0.35170000000000001,-0.22919999999999999,-2.5341,-336.59949999999998,276.1497,66.874600000000001,49.059699999999999,72.180899999999994,88.034499999999994,-612.74919999999997,-39.926400000000001,-51.796300000000002,-136.8306,-384.19589999999999,-349.09190000000001,110.63339999999999,95.041700000000006,0,15.591699999999999,-459.7253,-414.04579999999999,0,-45.679499999999997,0,0,0,151.995,0,239.3844
2014-12,616.53420000000006,182.45439999999999,787.45140000000004,5369.0078000000003,3685.6981999999998,673.60159999999996,359.08530000000002,565.15139999999997,85.471299999999999,-4581.5564000000004,-569.79200000000003,-552.73879999999997,-3459.0255999999999,-479.75080000000003,719.8306,108.3028,367.54969999999997,16.4863,6.0105000000000004,7.7396000000000003,29.101299999999998,1.3794999999999999,46.679600000000001,32.312199999999997,14.1899,0,1.1160000000000001,60.420699999999997,6.8475999999999999,21.694900000000001,0,-1199.5814,-484.29919999999998,-183.14760000000001,-31.4419,-27.682300000000001,-4.5625,-142.9023,-103.2778,-18.767900000000001,-58.058900000000001,-10.0244,-7.46E-2,-63.734000000000002,-30.697199999999999,-13.765599999999999,-27.145199999999999,0,-146.41659999999999,1.9271,0.41439999999999999,0.1331,0.2482,1.1314,-148.34370000000001,-143.80029999999999,0,-3.9596,-0.58379999999999999,21.170400000000001,54.2012,-33.030799999999999,3.0421999999999998,3.3795999999999999,-0.33739999999999998,431.0376,120.72199999999999,125.5063,125.4466,1.24E-2,4.7300000000000002E-2,-4.7843,-0.70299999999999996,-0.1628,-3.9184999999999999,-10.031599999999999,755.48159999999996,16.600000000000001,440.08049999999997,151.68029999999999,147.1208,-765.51319999999998,-52.967399999999998,-150.5103,-254.12110000000001,-307.9144,31.186699999999998,495.56990000000002,70.534300000000002,0,425.03559999999999,-464.38319999999999,-422.39589999999998,0,-41.987299999999998,0,0,0,289.16050000000001,0,208.3741
2015-01,-604.23320000000001,-78.193600000000004,697.63329999999996,4546.6302999999998,2995.4938000000002,578.17359999999996,386.04410000000001,539.1857,47.732999999999997,-3848.9969999999998,-482.24209999999999,-503.43360000000001,-2863.3213000000001,-638.97050000000002,663.87549999999999,122.627,339.10430000000002,19.6435,11.747,7.8182999999999998,24.794499999999999,1.2643,52.148299999999999,6.4522000000000004,13.7181,0.88990000000000002,0.86660000000000004,42.344700000000003,2.0486,18.408200000000001,0,-1302.8461,-694.56470000000002,-151.34370000000001,-35.554099999999998,-18.752300000000002,-3.1867999999999999,-131.40260000000001,-80.503500000000003,-16.294699999999999,-42.574199999999998,-11.205,-0.1273,-52.728099999999998,-32.144100000000002,-13.4308,-19.034099999999999,0,-144.8227,2.0752000000000002,0.28389999999999999,1.3416999999999999,0.2974,0.1522,-146.89789999999999,-129.3219,-0.29809999999999998,-16.889700000000001,-0.38819999999999999,7.9663000000000004,33.292200000000001,-25.325900000000001,14.827999999999999,15.518700000000001,-0.69069999999999998,-540.86750000000006,88.546000000000006,96.613600000000005,95.674400000000006,0.05,0.88919999999999999,-8.0676000000000005,-3.4662000000000002,-0.86229999999999996,-3.7391000000000001,-335.30599999999998,318.7432,6.7220000000000004,114.1645,113.8015,84.055199999999999,-654.04920000000004,-26.047699999999999,-138.11799999999999,-134.91249999999999,-354.971,-454.3965,96.767700000000005,53.7883,0,42.979399999999998,-551.16420000000005,-453.00099999999998,0,-98.163200000000003,0,-1.2999999999999999E-3,0,160.2903,0,253.62360000000001
2015-02,-606.55610000000001,-168.0847,544.46910000000003,3812.0010000000002,2608.8265999999999,435.4436,310.726,425.99310000000003,31.011700000000001,-3267.5319,-523.61890000000005,-449.19779999999997,-2294.7152999999998,-577.16160000000002,559.04499999999996,98.376599999999996,275.95859999999999,21.805199999999999,4.0609999999999999,6.0019999999999998,18.056899999999999,0.50409999999999999,46.969499999999996,18.8385,10.8439,8.3400000000000002E-2,0.29289999999999999,37.331299999999999,5.2895000000000003,14.631500000000001,0,-1136.2066,-621.21630000000005,-135.5052,-32.121699999999997,-16.3733,-11.0885,-98.881699999999995,-68.802199999999999,-14.2043,-29.336500000000001,-9.0459999999999994,-1.7406999999999999,-43.001800000000003,-24.704899999999999,-16.677,-13.506600000000001,0,-144.56739999999999,0.97540000000000004,0.43690000000000001,0.24970000000000001,0.24399999999999999,4.48E-2,-145.5428,-129.5624,-5.0799999999999998E-2,-15.5184,-0.41120000000000001,9.1752000000000002,33.187800000000003,-24.012599999999999,7.0134999999999996,10.194000000000001,-3.1804999999999999,-445.48480000000006,37.281399999999998,40.8157,40.634799999999998,0,0.18090000000000001,-3.5343,-0.36330000000000001,-0.1376,-3.0333999999999999,274.63479999999998,875.47619999999995,16.211600000000001,582.84529999999995,124.4131,152.00620000000001,-600.84140000000002,-42.397199999999998,-57.033099999999997,-100.4652,-400.94589999999999,-911.47,74.887699999999995,35.166600000000003,0,39.7211,-986.35770000000002,-960.45550000000003,0,-25.902200000000001,0,0,0,154.06899999999999,0,270.48860000000002
2015-03,-681.0675,-489.96730000000002,468.8689,4534.9943000000003,2775.8847999999998,563.78160000000003,499.85379999999998,663.9991,31.475100000000001,-4066.1253999999999,-655.17870000000005,-472.25209999999998,-2938.6945999999998,-732.27520000000004,610.9248,98.116200000000006,301.88130000000001,8.6212999999999997,8.1385000000000005,7.1730999999999998,27.264500000000002,3.1076000000000001,51.893099999999997,15.7506,14.701499999999999,0.1482,1.0285,37.622100000000003,7.4649000000000001,28.013200000000001,0,-1343.2,-607.18889999999999,-191.22659999999999,-29.7988,-21.368099999999998,-6.3987999999999996,-120.9573,-102.28959999999999,-18.3245,-99.726500000000001,-5.0989000000000004,-19.325700000000001,-56.360900000000001,-27.108699999999999,-18.215800000000002,-19.8109,0,-235.27189999999999,1.351,0.14849999999999999,0.88680000000000003,0.23050000000000001,8.5199999999999998E-2,-236.62289999999999,-215.15469999999999,-2.5000000000000001E-3,-21.107299999999999,-0.3584,8.7109000000000005,35.994700000000002,-27.283799999999999,5.8900000000000001E-2,2.6966000000000001,-2.6377000000000002,-191.1592,276.69060000000002,282.15019999999998,281.983,0,0.16719999999999999,-5.4596,-0.44800000000000001,-0.96479999999999999,-4.0468000000000002,-109.1571,1211.8907999999999,11.011100000000001,795.82650000000001,287.05130000000003,118.00190000000001,-1321.0479,-35.141500000000001,-655.32669999999996,-150.38890000000001,-480.19080000000002,-558.07740000000001,189.46850000000001,142.0557,0,47.412799999999997,-747.54589999999996,-717.45519999999999,0,-30.090699999999998,0,0,0,199.38470000000001,0,347.50189999999998
2015-04,1147.3163999999999,300.35250000000002,1145.337,5844.8141999999998,3106.3225000000002,956.07770000000005,759.80160000000001,978.86749999999995,43.744900000000001,-4699.4772000000003,-723.7328,-638.2799,-3337.4645,-667.0453,595.16549999999995,77.995099999999994,298.90980000000002,12.276899999999999,17.350300000000001,7.3917000000000002,24.218900000000001,11.5779,57.253900000000002,8.5817999999999994,14.8596,1.41E-2,0.5796,33.439500000000002,7.3432000000000004,23.3733,0,-1262.2109,-565.5539,-170.6892,-26.130500000000001,-22.572700000000001,-4.2251000000000003,-139.78100000000001,-114.1908,-17.232500000000002,-40.951300000000003,-7.1433999999999997,-30.8506,-63.069299999999998,-25.354299999999999,-15.602499999999999,-18.863700000000001,0,-186.72370000000001,1.6011,0.1973,0.97640000000000005,0.27179999999999999,0.15559999999999999,-188.32480000000001,-173.28479999999999,0,-14.6274,-0.41260000000000002,8.7844999999999995,36.285400000000003,-27.500900000000001,2.7841999999999998,3.2757999999999998,-0.49159999999999998,844.17970000000014,105.96259999999999,115.6481,113.3048,0.4,1.9433,-9.6854999999999993,-0.44040000000000001,-6.9500000000000006E-2,-9.1755999999999993,1369.7552000000001,2178.4056,128.0762,1514.8507,339.9889,195.4898,-808.65039999999999,-105.6983,-180.8656,-156.83029999999999,-365.25619999999998,-869.30510000000004,581.11630000000002,567.69410000000005,0,13.4222,-1450.4213999999999,-1426.5349000000001,-6.1000000000000004E-3,-23.880400000000002,0,1.5299999999999999E-2,-6.8482000000000003,244.59989999999999,0,229.27670000000001
2015-05,580.50080000000003,616.56550000000004,1106.2902999999999,5482.4616999999998,2923.9564999999998,1065.6424999999999,443.40530000000001,1007.6873000000001,41.770200000000003,-4376.1714000000002,-767.1259,-578.50450000000001,-3030.5410000000002,-367.48390000000001,764.39700000000005,68.506699999999995,303.3005,7.4160000000000004,2.7755999999999998,5.9923999999999999,18.378699999999998,1.2633000000000001,60.917099999999998,156.3142,14.521000000000001,1.2408999999999999,0.48380000000000001,77.579099999999997,4.7457000000000003,40.9619,0,-1131.8809000000001,-554.43740000000003,-139.3775,-24.0245,-18.594000000000001,-7.2178000000000004,-130.34030000000001,-98.533600000000007,-15.731199999999999,-28.87,-7.0021000000000004,-1.6205000000000001,-62.391599999999997,-24.796500000000002,-11.184200000000001,-7.7596999999999996,0,-124.4868,1.3008999999999999,0.15629999999999999,0.63900000000000001,0.21609999999999999,0.28949999999999998,-125.7877,-105.0476,0,-20.504799999999999,-0.23530000000000001,2.2458999999999998,28.1084,-25.862500000000001,5.2481,6.1841999999999997,-0.93610000000000004,-41.312499999999972,58.9709,68.338999999999999,67.874200000000002,2.3300000000000001E-2,0.4415,-9.3681000000000001,-0.36930000000000002,-0.69079999999999997,-8.3079999999999998,-259.80059999999997,402.77589999999998,13.545,67.908699999999996,205.07599999999999,116.2462,-662.57650000000001,-27.063500000000001,-103.6241,-136.1781,-395.71080000000001,10.917,498.63619999999997,476.1628,0,22.473400000000002,-487.7192,-474.62909999999999,0,-13.0901,0,0,-5.4828999999999999,154.0831,0,291.1404
2015-06,571.48170000000005,450.5446,1171.56,6603.9210000000003,3261.3613,1179.9242999999999,614.5598,1510.3806999999999,37.694800000000001,-5432.3609999999999,-978.90880000000004,-706.55370000000005,-3746.8984999999998,-585.74720000000002,677.26120000000003,77.117400000000004,318.4615,10.3492,8.4062999999999999,8.3111999999999995,20.227699999999999,1.6507000000000001,72.727699999999999,52.953400000000002,15.422000000000001,5.33E-2,0.3216,66.252099999999999,4.3612000000000002,20.645800000000001,0,-1263.0083999999999,-566.01379999999995,-156.0993,-28.119499999999999,-16.718,-3.9702999999999999,-148.9179,-130.7784,-18.161799999999999,-37.315199999999997,-12.9762,-0.2762,-65.496200000000002,-30.618200000000002,-32.8827,-14.6647,0,-139.26339999999999,1.0145999999999999,0.38350000000000001,0.35320000000000001,0.24360000000000001,3.4299999999999997E-2,-140.27799999999999,-117.7534,-4.0003000000000002,-18.18,-0.34429999999999999,3.9952000000000001,36.617699999999999,-32.622500000000002,0.3775,2.7900999999999998,-2.4125999999999999,120.55960000000005,114.0269,121.50839999999999,120.38979999999999,0,1.1186,-7.4814999999999996,-0.34129999999999999,-7.6499999999999999E-2,-7.0636999999999999,544.24400000000003,1223.6199999999999,4.9766000000000004,700.95540000000005,316.00130000000001,201.6867,-679.37599999999998,-32.6402,-68.598100000000002,-161.24340000000001,-416.89429999999999,-240.61519999999999,351.60379999999998,261.23759999999999,0,90.366200000000006,-592.21900000000005,-542.80579999999998,0,-49.413200000000003,0,0,0,-297.09609999999998,0,265.34820000000002
2015-07,-829.09019999999998,-471.1037,569.7079,6046.7049999999999,3330.6543000000001,1110.5123000000001,519.04660000000001,1053.2909999999999,33.200800000000001,-5476.9970999999996,-999.19489999999996,-707.61490000000003,-3770.1873000000001,-885.61149999999998,628.92290000000003,67.380700000000004,340.04199999999997,18.601099999999999,5.8609999999999998,5.4653999999999998,18.459700000000002,0.75880000000000003,66.784499999999994,12.001899999999999,17.0412,2.8271000000000002,0.82489999999999997,38.282299999999999,8.2297999999999991,26.362300000000001,0,-1514.5344,-696.24390000000005,-165.6156,-40.131599999999999,-72.023399999999995,-4.7035999999999998,-158.2766,-151.67679999999999,-24.641300000000001,-37.152999999999999,-17.155200000000001,-0.35580000000000001,-65.741200000000006,-27.832100000000001,-26.467600000000001,-26.5166,0,-170.12119999999999,0.95760000000000001,0.22470000000000001,0.45329999999999998,0.25359999999999999,2.5999999999999999E-2,-171.0788,-129.21619999999999,-23.220800000000001,-17.774899999999999,-0.8669,14.921099999999999,44.209099999999999,-29.288,19.0563,21.010300000000001,-1.954,-377.04290000000003,186.7363,192.81610000000001,191.01390000000001,0.15629999999999999,1.6458999999999999,-6.0797999999999996,-0.36149999999999999,-0.26179999999999998,-5.4565000000000001,-87.689700000000002,763.71529999999996,62.018099999999997,235.4111,282.13080000000002,184.15530000000001,-851.40499999999997,-36.631500000000003,-78.999099999999999,-266.01780000000002,-469.75659999999999,-717.34090000000003,66.116299999999995,47.665900000000001,0,18.450399999999998,-783.45719999999994,-778.86239999999998,-0.15,-4.4447999999999999,0,5.5399999999999998E-2,0,241.196,0,325.8263
2015-08,-1882.4575,-1297.9629,-380.22500000000002,4492.5466999999999,2814.1777000000002,642.56830000000002,271.1302,745.47749999999996,19.193000000000001,-4872.7717000000002,-882.91290000000004,-691.21389999999997,-3298.6448999999998,-761.35550000000001,582.55539999999996,55.871200000000002,305.58999999999997,22.759,2.5482999999999998,6.0214999999999996,17.461300000000001,1.1335,60.604900000000001,15.8409,18.780899999999999,0.05,0.48320000000000002,47.6432,8.7649000000000008,19.002800000000001,0,-1343.9109000000001,-646.86580000000004,-118.712,-39.8797,-23.6555,-23.103300000000001,-130.744,-103.6332,-18.6311,-68.199100000000001,-9.0253999999999994,-1.8466,-61.174300000000002,-34.418799999999997,-16.1615,-47.860599999999998,0,-156.68270000000001,1.5832999999999999,0.25700000000000001,1.1141000000000001,0.1686,4.36E-2,-158.26599999999999,-138.64250000000001,-5.5000999999999998,-13.897399999999999,-0.22600000000000001,0.30030000000000001,29.4907,-29.1904,3.6667999999999998,7.7226999999999997,-4.0559000000000003,-588.16129999999998,53.768500000000003,62.354599999999998,62.183599999999998,2.5000000000000001E-2,0.14599999999999999,-8.5861000000000001,-4.8375000000000004,-0.21870000000000001,-3.5299,-308.90350000000001,518.76480000000004,178.83009999999999,26.830100000000002,189.20079999999999,123.9038,-827.66830000000004,-43.824199999999998,-61.518700000000003,-249.9956,-472.32979999999998,-651.11689999999999,28.686900000000001,15.2197,0,13.4672,-679.80380000000002,-676.4683,0,-3.3355000000000001,0,6.8199999999999997E-2,0,318.0224,0,307.11770000000001
2015-09,-2275.1664999999998,-1894.9715000000001,-845.02800000000002,4074.7112000000002,2844.9292,471.88869999999997,248.06610000000001,485.44110000000001,24.386099999999999,-4919.7392,-846.38480000000004,-687.44529999999997,-3385.9092000000001,-904.41459999999995,564.00429999999994,80.525599999999997,285.36810000000003,7.2755999999999998,6.3384,6.2310999999999996,22.493300000000001,2.3719000000000001,60.208199999999998,5.8558000000000003,17.275400000000001,1.0524,0.77810000000000001,40.942100000000003,8.1486000000000001,19.139600000000002,0,-1468.4188999999999,-817.09410000000003,-126.7462,-20.601700000000001,-23.1875,-5.5663,-141.33449999999999,-121.28740000000001,-21.582799999999999,-30.749400000000001,-6.8095999999999997,-16.9453,-57.573999999999998,-33.718299999999999,-18.0474,-27.174299999999999,0,-172.3006,0.59509999999999996,0.25159999999999999,0.09,0.19589999999999999,5.7599999999999998E-2,-172.89570000000001,-156.81569999999999,-3.0002,-12.6815,-0.39829999999999999,26.771699999999999,58.375799999999998,-31.604099999999999,18.96,20.188800000000001,-1.2287999999999999,-399.15509999999995,26.077300000000001,29.1053,28.486000000000001,0,0.61929999999999996,-3.028,-0.44059999999999999,-0.5423,-2.0451000000000001,-346.72550000000001,630.40170000000001,113.4014,147.20590000000001,214.27610000000001,155.51830000000001,-977.12720000000002,-87.29,-66.596199999999996,-252.2664,-570.97460000000001,-556.7876,205.12739999999999,184.8982,0,20.229199999999999,-761.91499999999996,-656.29819999999995,0,-105.6168,0,0.10009999999999999,0,478.18060000000003,0,306.07159999999999
2015-10,-3182.2914999999998,-1671.0588,-496.59620000000001,4140.0628999999999,2667.5888,563.64520000000005,296.15260000000001,579.48910000000001,33.187199999999997,-4636.6590999999999,-688.2713,-683.06089999999995,-3265.3269,-974.69380000000001,608.35400000000004,55.829799999999999,292.84660000000002,8.9632000000000005,3.7387000000000001,7.5571999999999999,21.626000000000001,3.0118999999999998,56.521500000000003,51.389200000000002,18.520700000000001,2.4299999999999999E-2,0.41420000000000001,54.562100000000001,5.375,27.973500000000001,0,-1583.0477000000001,-883.74360000000001,-162.36609999999999,-25.675699999999999,-21.3157,-7.6073000000000004,-126.9396,-124.7441,-16.363900000000001,-38.628799999999998,-6.7693000000000003,-30.066400000000002,-69.345299999999995,-27.872800000000002,-22.422000000000001,-19.187000000000001,0,-202.6686,1.5707,0.17710000000000001,1.0190999999999999,0.16800000000000001,0.20649999999999999,-204.23929999999999,-164.18039999999999,-27.203499999999998,-12.526,-0.32940000000000003,2.8997999999999999,36.432699999999997,-33.532899999999998,2.5834000000000001,4.0677000000000003,-1.4843,-1513.8161,213.96109999999999,217.13810000000001,213.85499999999999,0,3.2831000000000001,-3.177,-0.56100000000000005,0,-2.6160000000000001,-1257.4272000000001,506.45940000000002,10.219799999999999,113.6678,260.81889999999999,121.7529,-1763.8866,-93.147599999999997,-768.13930000000005,-283.50599999999997,-619.09370000000001,-691.42560000000003,93.153300000000002,77.295599999999993,0,15.857699999999999,-784.57889999999998,-698.72260000000006,0,-85.856300000000005,0,0,0,221.07560000000001,0,426.0926
2015-11,-2794.1334999999999,-1895.6688999999999,-1022.8564,3001.4151000000002,2155.2141999999999,255.2784,180.19489999999999,392.30259999999998,18.424900000000001,-4024.2714999999998,-743.43299999999999,-542.62620000000004,-2738.2123000000001,-712.71849999999995,545.21810000000005,65.962500000000006,266.53210000000001,5.9099000000000004,5.3383000000000003,7.8754999999999997,18.270600000000002,2.8092000000000001,54.324599999999997,23.736899999999999,14.4421,0.66210000000000002,4.0601000000000003,49.1556,6.9016000000000002,19.237200000000001,0,-1257.9367,-803.19380000000001,-66.671700000000001,-15.2691,-18.6066,-6.6456,-114.0223,-89.342600000000004,-18.9651,-30.194600000000001,-7.9340000000000002,-1.6314,-35.817900000000002,-22.2715,-18.474499999999999,-8.8958999999999993,0,-154.1242,1.5526,0.7349,0.58809999999999996,0.1847,4.4900000000000002E-2,-155.67679999999999,-136.4967,-5.3000999999999996,-13.487,-0.39300000000000002,-5.9698000000000002,27.4543,-33.424100000000003,-0.33929999999999999,0.71389999999999998,-1.0531999999999999,-898.12519999999995,76.599100000000007,80.123999999999995,77.222300000000004,0,2.9016999999999999,-3.5249000000000001,-0.41589999999999999,-7.0099999999999996E-2,-3.0388999999999999,-419.85309999999998,728.05780000000004,8.3689999999999998,454.31310000000002,165.9025,99.473200000000006,-1147.9109000000001,-41.253500000000003,-178.5839,-220.06,-708.01350000000002,-832.22709999999995,97.739900000000006,85.473399999999998,0,12.266500000000001,-929.96699999999998,-789.22559999999999,0,-140.7414,0,1.0859000000000001,0,276.27,0,433.04489999999998
2015-12,-2126.3757000000001,-29.340399999999999,638.23500000000001,4459.2506999999996,2397.2896999999998,536.40300000000002,370.8974,1135.0526,19.608000000000001,-3821.0156999999999,-808.44970000000001,-486.08819999999997,-2526.4778000000001,-403.142,606.51900000000001,84.355699999999999,306.39019999999999,5.2382,3.1821999999999999,7.0460000000000003,19.268799999999999,1.4835,41.683999999999997,14.7384,9.6602999999999994,0.15359999999999999,0.87370000000000003,86.5107,4.9702999999999999,20.9635,0,-1009.6609999999999,-727.93110000000001,-35.366900000000001,-6.8783000000000003,-6.1151999999999997,-6.4225000000000003,-65.407899999999998,-20.5947,-11.980399999999999,-31.8324,-5.5266999999999999,-0.28799999999999998,-35.066200000000002,-15.6599,-23.296199999999999,-17.294699999999999,0,-268.3553,0.84470000000000001,0.17430000000000001,0.36420000000000002,0.20330000000000001,0.10290000000000001,-269.2,-212.8921,-31.6935,-24.321200000000001,-0.29320000000000002,3.9218999999999999,40.2789,-36.356999999999999,1.8741000000000001,1.9802999999999999,-0.1062,-2098.9091000000003,52.4741,60.709800000000001,59.509300000000003,0,1.2004999999999999,-8.2356999999999996,-0.52559999999999996,-0.53649999999999998,-7.1736000000000004,-261.6662,718.78089999999997,29.315200000000001,281.24790000000002,331.91800000000001,76.299800000000005,-980.44709999999998,-40.192500000000003,-149.65360000000001,-207.1918,-583.40920000000006,-2023.4561000000001,208.1233,142.38210000000001,0,65.741200000000006,-2231.5794000000001,-1705.5166999999999,-2.0299999999999998,-524.03269999999998,-19.520299999999999,-1.6448,0,154.9042,0,400.9776
2016-01,-851.75009999999997,1039.7605000000001,2050.9432999999999,5296.5252,2468.8820999999998,907.17039999999997,584.2627,1263.056,73.153999999999996,-3245.5819000000001,-507.22680000000003,-481.74939999999998,-2256.6055999999999,-711.10540000000003,670.94320000000005,129.40190000000001,297.1311,19.879100000000001,10.4033,7.4526000000000003,19.6755,2.6907999999999999,53.2913,8.2844999999999995,14.102499999999999,0,0.58779999999999999,81.594800000000006,9.0757999999999992,17.3721,0,-1382.0486000000001,-803.44510000000002,-101.58799999999999,-15.6739,-24.732399999999998,-5.9234,-86.004800000000003,-112.2312,-11.0091,-70.453699999999998,-4.6662999999999997,-0.41810000000000003,-67.333100000000002,-18.218699999999998,-16.415299999999998,-43.935600000000001,0,-319.72919999999999,1.9652000000000001,0.57210000000000005,1.1161000000000001,0.218,5.8999999999999997E-2,-321.69439999999997,-231.64850000000001,-78.031899999999993,-11.811199999999999,-0.20280000000000001,19.651800000000001,34.227699999999999,-14.575900000000001,5.3075000000000001,6.7877000000000001,-1.4802,-1896.8180000000002,140.9555,145.7345,142.1934,0.221,3.3201000000000001,-4.7789999999999999,-0.34160000000000001,-0.64,-3.7974000000000001,-284.19990000000001,643.25199999999995,88.8917,237.6909,173.72499999999999,142.9444,-927.45190000000002,-38.938600000000001,-136.5651,-238.74250000000001,-513.20569999999998,-1579.1105,517.29240000000004,405.20010000000002,0,112.09229999999999,-2096.4029,-1471.0469000000001,-0.41810000000000003,-624.93790000000001,-63.011499999999998,-155.93819999999999,0,44.486600000000003,0,391.2353
2016-02,-1225.2927,-190.0848,805.0652,3999.0925999999999,2347.2384000000002,653.66369999999995,496.94099999999997,484.5462,16.703199999999999,-3194.0273999999999,-450.94600000000003,-478.69959999999998,-2264.3818999999999,-730.52189999999996,639.83609999999999,124.0145,268.9076,10.9329,17.964500000000001,6.6106999999999996,16.323799999999999,1.1946000000000001,59.2455,37.475299999999997,13.983000000000001,7.5200000000000003E-2,0.23910000000000001,55.699100000000001,6.6771000000000003,20.493200000000002,0,-1370.3579999999999,-762.9864,-117.50190000000001,-29.7608,-55.926600000000001,-6.5358000000000001,-89.4422,-136.38669999999999,-16.422499999999999,-14.939299999999999,-12.585699999999999,-1.5703,-70.128699999999995,-34.325800000000001,-11.655200000000001,-10.190099999999999,0,-281.57319999999999,1.5587,0.18429999999999999,1.0636000000000001,0.17829999999999999,0.13250000000000001,-283.13189999999997,-138.04060000000001,-125.3514,-19.0928,-0.64710000000000001,16.9451,30.306699999999999,-13.361599999999999,16.059200000000001,17.977,-1.9177999999999999,-1051.2670000000001,202.16059999999999,208.43729999999999,142.69550000000001,0.35560000000000003,65.386200000000002,-6.2766999999999999,-0.54349999999999998,-0.21510000000000001,-5.5180999999999996,-89.154700000000005,663.37270000000001,200.0009,175.34880000000001,57.614400000000003,230.40860000000001,-752.52739999999994,-30.795000000000002,-85.881500000000003,-184.07769999999999,-451.77319999999997,-1073.1465000000001,779.69150000000002,612.42330000000004,0,167.26820000000001,-1852.838,-1297.4947,-1.3352999999999999,-554.00800000000004,3.5234999999999999,-207.2286,0,112.5787,0,321.27999999999997
2016-03,-545.32740000000001,-406.57170000000002,495.27670000000001,4515.8215,2874.5943000000002,743.22950000000003,463.97919999999999,414.23219999999998,19.786200000000001,-4020.5448000000001,-543.24040000000002,-483.03570000000002,-2994.2685999999999,-720.71969999999999,777.14170000000001,149.2534,327.97649999999999,14.0901,10.323499999999999,9.4321999999999999,21.0853,2.3189000000000002,70.1327,53.393999999999998,20.583400000000001,0,1.4749000000000001,65.469899999999996,11.705500000000001,19.901299999999999,0,-1497.8614,-663.81370000000004,-131.3603,-32.762300000000003,-115.7191,-5.9535,-109.8956,-141.5752,-17.569400000000002,-80.145700000000005,-20.823499999999999,-20.807200000000002,-70.7898,-54.379800000000003,-16.479299999999999,-15.787000000000001,0,-199.2679,2.6435,0.44019999999999998,0.54090000000000005,0.32229999999999998,1.3401000000000001,-201.91139999999999,-89.786600000000007,-98.738100000000003,-12.670500000000001,-0.71619999999999995,18.139199999999999,32.698500000000003,-14.5593,2.5325000000000002,3.3029000000000002,-0.77039999999999997,-141.28839999999991,340.92570000000001,355.6028,226.10249999999999,1.5848,127.91549999999999,-14.677099999999999,-0.68520000000000003,-0.80200000000000005,-13.1899,1106.3240000000001,1988.6119000000001,53.113700000000001,1576.7879,42.027299999999997,316.68299999999999,-882.28790000000004,-48.273899999999998,-153.02539999999999,-119.1566,-561.83199999999999,-997.12159999999994,1053.8351,587.16750000000002,0,466.66759999999999,-2050.9567000000002,-1538.8856000000001,-3.7949000000000002,-508.27620000000002,-1244.8694,-39.733699999999999,0,693.1866,0,444.37630000000001
2016-04,-195.39760000000001,-571.63829999999996,789.74469999999997,5063.8155999999999,2294.9351999999999,942.95,648.34860000000003,1161.3827000000001,16.199000000000002,-4274.0708999999997,-500.97770000000003,-550.93830000000003,-3222.1549,-770.46969999999999,721.71810000000005,101.1426,357.44470000000001,16.805299999999999,17.109200000000001,8.9544999999999995,24.896899999999999,1.8556999999999999,76.265600000000006,4.0335999999999999,16.351600000000001,3.2899999999999999E-2,0.77049999999999996,64.521900000000002,9.7682000000000002,21.764900000000001,0,-1492.1877999999999,-596.65039999999999,-149.3329,-36.602400000000003,-176.78620000000001,-25.032800000000002,-106.63290000000001,-160.43360000000001,-15.3132,-36.113799999999998,-19.034300000000002,-30.0029,-63.248100000000001,-37.575000000000003,-26.811299999999999,-12.6181,0,-616.31359999999995,33.966999999999999,30.5091,3.0547,0.2747,0.1285,-650.28060000000005,-155.12559999999999,-482.5727,-12.205399999999999,-0.37690000000000001,25.400300000000001,41.164700000000003,-15.7644,9.2127999999999997,9.2248999999999999,-1.21E-2,367.02789999999993,387.73169999999999,392.16570000000002,160.7379,1.0248999999999999,230.40289999999999,-4.4340000000000002,-0.56720000000000004,-1.3826000000000001,-2.4842,206.7235,1204.9338,33.079700000000003,493.60199999999998,191.70060000000001,486.55149999999998,-998.21029999999996,-81.239400000000003,-400.42840000000001,-142.70590000000001,-373.83659999999998,-493.09980000000002,1149.7524000000001,800.53060000000005,0,349.22179999999997,-1642.8522,-1142.7381,-3.1495000000000002,-496.96460000000002,-3.7578999999999998,31.507000000000001,0,237.92339999999999,0,297.17939999999999
2016-05,1184.3877,29.194099999999999,1316.7706000000001,6037.1256999999996,2667.8252000000002,1153.0853,859.43449999999996,1324.7470000000001,32.033700000000003,-4720.3550999999998,-618.35659999999996,-620.38679999999999,-3481.6116000000002,-772.84259999999995,802.11569999999995,123.1645,413.56830000000002,16.135899999999999,21.048300000000001,10.095800000000001,26.716799999999999,2.0003000000000002,79.005700000000004,6.5454999999999997,17.852900000000002,0.14149999999999999,0.44519999999999998,56.998199999999997,12.0344,16.362500000000001,0,-1574.9583,-616.52319999999997,-150.7818,-30.9739,-263.12419999999997,-8.375,-112.8176,-148.42599999999999,-15.135199999999999,-32.865699999999997,-15.2986,-5.5392000000000001,-75.3232,-44.426099999999998,-29.1797,-26.1691,0,-538.94389999999999,39.978099999999998,35.828800000000001,3.3831000000000002,0.40350000000000003,0.36270000000000002,-578.92200000000003,-143.1053,-420.53059999999999,-14.167,-1.1191,24.21,40.719799999999999,-16.509799999999998,8.0965000000000007,8.1480999999999995,-5.16E-2,1147.0971999999997,454.26979999999998,463.07909999999998,228.2354,2.2642000000000002,232.5795,-8.8093000000000004,-4.4904999999999999,-1.0938000000000001,-3.2250000000000001,1367.1152999999999,2097.3321000000001,5.0252999999999997,1283.9385,193.84379999999999,614.52449999999999,-730.21680000000003,-32.472000000000001,-95.789100000000005,-173.0437,-428.91199999999998,-567.46199999999999,1208.5780999999999,590.72450000000003,0,617.85360000000003,-1776.0400999999999,-1285.2473,-3.8748999999999998,-486.91789999999997,-598.89200000000005,197.81270000000001,-102.95950000000001,397.21289999999999,0,321.1558
2016-06,-103.2968,-730.67229999999995,367.50830000000002,5077.0653000000002,2666.3744999999999,912.61490000000003,574.125,905.48889999999994,18.4619,-4709.5569999999998,-608.8374,-936.64400000000001,-3164.0756999999999,-685.45330000000001,821.46789999999999,99.990700000000004,437.2704,11.7502,9.6922999999999995,9.1754999999999995,20.6282,2.1204000000000001,69.067499999999995,15.432499999999999,20.410499999999999,0.74219999999999997,0.54830000000000001,101.1952,4.8381999999999996,18.605799999999999,0,-1506.9211,-675.81489999999997,-136.80690000000001,-23.7319,-118.6133,-55.2102,-99.020700000000005,-167.10550000000001,-12.9758,-84.743200000000002,-9.8211999999999993,-0.2823,-61.6768,-33.550600000000003,-19.549600000000002,-8.0183,0,-434.50139999999999,4.0822000000000003,0.9466,2.1648000000000001,0.62280000000000002,0.34799999999999998,-438.58359999999999,-250.4494,-170.65,-16.4587,-1.0255000000000001,21.774100000000001,43.545900000000003,-21.771799999999999,4.4715999999999996,4.5838000000000001,-0.11219999999999999,622.90400000000011,641.84439999999995,655.56219999999996,406.03059999999999,1.7050000000000001,247.82660000000001,-13.7178,-2.0409999999999999,-0.98299999999999998,-10.6938,3187.402,4804.1670999999997,29.4162,4003.3078,132.26830000000001,639.1748,-1616.7651000000001,-52.230400000000003,-883.90620000000001,-212.3879,-468.24059999999997,-1261.7983999999999,823.61310000000003,462.60109999999997,0,361.012,-2085.4115000000002,-1437.6849,-5.4231999999999996,-642.30340000000001,-2320.6786000000002,-185.43860000000001,-38.915999999999997,600.48919999999998,0,251.1849
2016-07,514.90880000000004,-958.89620000000002,158.785,4599.5685999999996,2448.8571999999999,839.88469999999995,611.52340000000004,678.00959999999998,21.293700000000001,-4440.7835999999998,-629.01829999999995,-895.69910000000004,-2916.0662000000002,-783.55529999999999,717.71090000000004,91.663899999999998,360.37040000000002,18.5777,4.5804,9.9601000000000006,20.773399999999999,1.9206000000000001,73.887500000000003,14.505100000000001,15.097799999999999,6.5000000000000002E-2,0.45669999999999999,72.599800000000002,14.597799999999999,18.654900000000001,0,-1501.2662,-650.39070000000004,-212.83799999999999,-22.703700000000001,-117.7762,-14.770799999999999,-102.78789999999999,-121.0924,-17.295999999999999,-36.147100000000002,-60.253300000000003,-3.3586999999999998,-66.068700000000007,-40.690199999999997,-16.8598,-18.232800000000001,0,-362.5412,3.7593999999999999,1.5213000000000001,1.663,0.44869999999999999,0.12640000000000001,-366.30059999999997,-227.74539999999999,-124.5134,-13.773099999999999,-0.26869999999999999,28.415299999999998,46.484699999999997,-18.069400000000002,42.422800000000002,43.228900000000003,-0.80610000000000004,1431.3822999999995,286.89179999999999,292.46170000000001,157.66249999999999,2.3239999999999998,132.4752,-5.5698999999999996,-1.3647,-0.97119999999999995,-3.234,3251.1718000000001,4572.8487999999998,56.821899999999999,3482.7040999999999,230.43539999999999,802.88739999999996,-1321.6769999999999,-38.618600000000001,-552.34730000000002,-155.51079999999999,-575.20029999999997,-1471.2081000000001,861.02030000000002,473.6277,0,387.39260000000002,-2332.2284,-1394.0440000000001,-2.5493000000000001,-935.63509999999997,-735.61,-179.04,-8,287.17680000000001,0,363.84100000000001
2016-08,-820.9846,-716.88279999999997,426.6782,5156.8872000000001,2737.9168,988.49570000000006,677.74400000000003,733.59969999999998,19.1311,-4730.2089999999998,-561.41849999999999,-542.69640000000004,-3626.0940000000001,-720.26940000000002,884.77250000000004,128.4881,423.93310000000002,11.3347,6.6050000000000004,23.7361,19.307600000000001,1.9812000000000001,82.077399999999997,50.605699999999999,20.373000000000001,7.5499999999999998E-2,0.95879999999999999,76.007999999999996,19.9649,19.323399999999999,0,-1605.0418999999999,-671.75239999999997,-192.38300000000001,-30.702400000000001,-132.9941,-15.688499999999999,-111.73,-143.65719999999999,-17.892700000000001,-28.140699999999999,-38.357700000000001,-12.856999999999999,-65.418099999999995,-56.9146,-47.018999999999998,-39.534700000000001,0,-453.35219999999998,4.4851000000000001,1.0583,2.4609999999999999,0.5736,0.39219999999999999,-457.83730000000003,-124.9265,-318.81740000000002,-13.450100000000001,-0.64329999999999998,30.060600000000001,46.921500000000002,-16.860900000000001,22.015699999999999,28.817799999999998,-6.8021000000000003,-126.11759999999998,436.62830000000002,450.75009999999997,189.10599999999999,6.5930999999999997,255.05099999999999,-14.1218,-0.94489999999999996,-1.3161,-11.860799999999999,992.09289999999999,2059.4402,75.940299999999993,1047.0734,136.4348,799.99170000000004,-1067.3472999999999,-39.731999999999999,-375.54930000000002,-115.3973,-536.66869999999994,-1440.9366,851.74850000000004,514.48620000000005,0,337.26229999999998,-2292.6851000000001,-1513.3785,-3.3832,-775.92340000000002,-315.91699999999997,-122.3601,-7.4591000000000003,331.834,0,322.23149999999998
2016-09,-648.98509999999999,-853.49689999999998,347.18779999999998,4726.4962999999998,2561.2228,810.5,817.58280000000002,496.58080000000001,40.609900000000003,-4379.3085000000001,-631.62270000000001,-496.96019999999999,-3250.7256000000002,-757.00900000000001,792.16579999999999,122.8306,356.61669999999998,34.313400000000001,6.7096999999999998,15.998799999999999,20.931899999999999,3.0026999999999999,68.405799999999999,19.282499999999999,32.948,0.13220000000000001,2.0868000000000002,81.667000000000002,9.4835999999999991,17.654900000000001,0.1012,-1549.1749,-703.49540000000002,-138.2774,-27.016400000000001,-98.682000000000002,-4.0696000000000003,-112.4135,-164.6191,-17.630800000000001,-67.732600000000005,-13.4963,-9.6973000000000003,-95.140799999999999,-53.4773,-32.97,-9.7302,-0.72609999999999997,-470.02260000000001,7.34,2.4205000000000001,2.7827000000000002,0.84970000000000001,1.2870999999999999,-477.36259999999999,-209.96109999999999,-255.0412,-11.863200000000001,-0.49709999999999999,26.346900000000002,46.988700000000001,-20.6418,11.228,14.2105,-2.9824999999999999,193.28369999999995,311.52809999999999,325.12119999999999,113.63939999999999,6.8840000000000003,204.59780000000001,-13.5931,-5.1185999999999998,-4.0625999999999998,-4.4119000000000002,350.06369999999998,1233.1532999999999,25.764800000000001,323.49130000000002,168.3956,715.50160000000005,-883.08960000000002,-42.907600000000002,-70.465699999999998,-103.61960000000001,-666.09670000000006,-1057.4138,1244.5342000000001,736.44460000000004,68.928600000000003,439.161,-2301.9479999999999,-1609.0749000000001,-13.8276,-679.04549999999995,-167.94489999999999,201.5343,-1.4995000000000001,557.01580000000001,0,362.8141
2016-10,-192.49969999999999,-683.41679999999997,375.0609,4447.6459000000004,2474.4879999999998,730.63239999999996,790.54489999999998,432.60649999999998,19.373999999999999,-4072.585,-524.13890000000004,-569.61090000000002,-2978.8350999999998,-695.28589999999997,772.68320000000006,107.55889999999999,386.74950000000001,17.686499999999999,5.2737999999999996,9.9834999999999994,26.367699999999999,2.4,63.242800000000003,12.927,23.286000000000001,0.1037,2.6863999999999999,74.887100000000004,12.426600000000001,27.0886,1.4999999999999999E-2,-1467.9691,-692.46100000000001,-124.8425,-28.5413,-100.9714,-8.3133999999999997,-105.4195,-185.66069999999999,-14.055899999999999,-45.0304,-13.5639,-30.138100000000001,-52.536200000000001,-34.904000000000003,-17.040299999999998,-13.492000000000001,-0.99819999999999998,-402.22449999999998,6.3384999999999998,1.3447,3.4742000000000002,1.1647000000000001,0.35489999999999999,-408.56299999999999,-208.90780000000001,-189.0985,-10.006600000000001,-0.55010000000000003,39.032699999999998,58.672199999999997,-19.639500000000002,8.6837999999999997,11.2424,-2.5586000000000002,482.23320000000001,450.88830000000002,497.72789999999998,228.33359999999999,4.6825999999999999,264.71170000000001,-46.839599999999997,-2.9621,-1.9173,-41.9602,1401.9694999999999,2566.9845,100.5377,1476.4472000000001,184.8193,805.18029999999999,-1165.0150000000001,-150.12530000000001,-57.055500000000002,-255.2773,-702.55690000000004,-1004.0791,1251.6505,684.00019999999995,51.974600000000002,515.67570000000001,-2255.7296000000001,-1550.6595,-12.343400000000001,-692.72670000000005,-986.15089999999998,266.13150000000002,-40.6875,394.16140000000001,0,341.31979999999999
2016-11,101.2572,-417.53629999999998,635.21990000000005,4555.4467000000004,2416.3993999999998,625.94849999999997,894.80600000000004,594.17229999999995,24.1205,-3920.2267999999999,-530.54100000000005,-405.99220000000003,-2983.6934999999999,-655.55589999999995,841.22950000000003,200.6995,353.01330000000002,17.3611,8.0574999999999992,9.7189999999999994,28.100300000000001,2.5203000000000002,59.543100000000003,10.956200000000001,34.567799999999998,0.46429999999999999,7.6311999999999998,75.991100000000003,9.7623999999999995,22.831099999999999,1.0999999999999999E-2,-1496.7854,-684.95950000000005,-123.5821,-26.524699999999999,-85.198400000000007,-9.7178000000000004,-105.4834,-197.0472,-23.911100000000001,-64.5167,-14.729799999999999,-2.3043999999999998,-56.877800000000001,-49.1738,-24.4222,-27.330400000000001,-1.006,-496.60700000000003,8.8008000000000006,1.3991,5.93,0.76459999999999995,0.70709999999999995,-505.40780000000001,-175.18719999999999,-319.86419999999998,-9.6646000000000001,-0.69179999999999997,99.406700000000001,121.34439999999999,-21.9377,1.2123999999999999,5.6029,-4.3905000000000003,517.58129999999983,312.54820000000001,414.60219999999998,285.23149999999998,8.7149999999999999,120.6557,-102.054,-18.739699999999999,-2.5253000000000001,-80.789000000000001,1284.0918999999999,2408.0241000000001,200.34309999999999,1563.7190000000001,110.53060000000001,533.43140000000005,-1123.9322,-20.7546,-200.2073,-132.25489999999999,-770.71540000000005,-876.50040000000001,2040.9672,946.85230000000001,87.683899999999994,1006.431,-2917.4675999999999,-1903.5305000000001,-12.0047,-1001.9324,-908.53200000000004,-258.55340000000001,-8.0980000000000008,972.625,0,312.81189999999998
2016-12,642.42690000000005,-793.59789999999998,442.346,4646.9845999999998,2879.0626999999999,568.39189999999996,609.67020000000002,562.95899999999995,26.9009,-4204.6386000000002,-583.22109999999998,-377.62979999999999,-3243.7876999999999,-581.3954,1083.8043,185.34620000000001,525.16030000000001,16.38,18.091200000000001,10.4217,31.5915,3.4154,64.300200000000004,28.1891,31.803000000000001,0.72860000000000003,1.1609,123.2998,22.701599999999999,21.192900000000002,2.1899999999999999E-2,-1665.1996999999999,-719.70039999999995,-191.28469999999999,-25.5078,-133.56639999999999,-7.8251999999999997,-119.53149999999999,-213.4657,-16.224399999999999,-20.188700000000001,-22.847200000000001,-0.41110000000000002,-56.975099999999998,-53.822200000000002,-67.743499999999997,-15.2178,-0.88780000000000003,-703.73249999999996,22.465800000000002,5.1308999999999996,15.088800000000001,0.58989999999999998,1.6561999999999999,-726.19830000000002,-298.74360000000001,-413.21319999999997,-13.339,-0.90249999999999997,49.183999999999997,83.0364,-33.852400000000003,4.6974999999999998,8.4487000000000005,-3.7511999999999999,1431.3274999999999,107.9978,341.30200000000002,303.86900000000003,7.6182999999999996,29.814699999999998,-233.30420000000001,-24.442699999999999,-4.0530999999999997,-204.80840000000001,-96.958299999999994,1444.5201999999999,315.99119999999999,342.61090000000002,123.02,662.8981,-1541.4784999999999,-97.421899999999994,-395.12549999999999,-147.27930000000001,-901.65179999999998,2000.8617999999999,6864.9355999999998,1527.1813999999999,161.60679999999999,5176.1473999999998,-4864.0738000000001,-3482.8681000000001,-16.073599999999999,-1365.1321,-844.85149999999999,-193.48580000000001,-254.81479999999999,712.57830000000001,0,392.68169999999998
2017-01,-3039.3932,-395.87439999999998,1064.0174,5091.0607,2835.8449999999998,785.1748,694.36379999999997,737.16880000000003,38.508299999999998,-4027.0432999999998,-463.5129,-410.75959999999998,-3152.7707,-1149.5605,848.72479999999996,166.9743,387.84010000000001,11.0778,7.5476000000000001,10.025600000000001,20.617999999999999,1.3715999999999999,70.482600000000005,18.7148,28.339400000000001,0.3614,1.5004,94.209299999999999,11.424899999999999,18.189,4.82E-2,-1998.2853,-1309.2659000000001,-116.9179,-28.111499999999999,-84.859899999999996,-13.2888,-95.800299999999993,-124.15219999999999,-16.816800000000001,-27.871099999999998,-13.477,-1.8718999999999999,-69.942899999999995,-43.893500000000003,-29.929300000000001,-21.465900000000001,-0.62039999999999995,-354.22460000000001,18.322299999999998,3.3374999999999999,11.142200000000001,2.0360999999999998,1.8065,-372.54689999999999,-304.2509,-56.907699999999998,-11.1342,-0.25409999999999999,43.893300000000004,66.732699999999994,-22.839400000000001,21.177800000000001,27.874700000000001,-6.6969000000000003,-2664.6967999999997,406.71600000000001,525.7183,251.1354,4.6509,269.93200000000002,-119.00230000000001,-4.1435000000000004,-4.5746000000000002,-110.2842,-235.53120000000001,1039.9884999999999,55.5167,291.0616,187.05350000000001,506.35669999999999,-1275.5197000000001,-26.1523,-241.3329,-218.82830000000001,-789.20619999999997,-1971.2913000000001,1490.3463999999999,802.09429999999998,71.0762,617.17589999999996,-3461.6377000000002,-2523.7471,-18.622900000000001,-919.26769999999999,-298.71879999999999,-69.019099999999995,-782.85329999999999,286.0009,0,408.03179999999998
2017-02,-572.48230000000001,-871.20429999999999,247.69210000000001,3634.1039000000001,1928.0216,438.27050000000003,774.11950000000002,474.94139999999999,18.751000000000001,-3386.4117999999999,-463.08019999999999,-307.42189999999999,-2615.9097000000002,-904.80830000000003,686.8184,149.26169999999999,305.40890000000002,14.426399999999999,8.4428000000000001,9.6222999999999992,14.722099999999999,0.26129999999999998,50.274900000000002,7.7443999999999997,15.754099999999999,0.1741,0.65490000000000004,76.424400000000006,15.880699999999999,17.6633,0.1021,-1591.6267,-959.81110000000001,-138.07509999999999,-23.8687,-62.301400000000001,-11.263999999999999,-75.214500000000001,-85.605199999999996,-17.100100000000001,-67.454400000000007,-7.1771000000000003,-4.45,-41.335900000000002,-37.375399999999999,-25.5579,-34.493099999999998,-0.54290000000000005,-238.08260000000001,8.4239999999999995,0.94079999999999997,2.9630999999999998,3.6821999999999999,0.83789999999999998,-246.50659999999999,-109.8378,-125.28,-10.999000000000001,-0.38979999999999998,23.994499999999999,44.462299999999999,-20.4678,14.0792,18.7027,-4.6234999999999999,284.64260000000013,587.89970000000005,706.98979999999995,98.022999999999996,5.5697999999999999,603.39700000000005,-119.09010000000001,-2.4380000000000002,-3.7273000000000001,-112.9248,2881.6641,3994.7060999999999,17.099900000000002,3193.4162999999999,107.03749999999999,677.15239999999994,-1113.0419999999999,-15.3636,-211.1087,-182.66319999999999,-703.90650000000005,-1880.6674,1220.7809999999999,608.74379999999996,40.264899999999997,571.77229999999997,-3101.4484000000002,-2331.8319000000001,-14.6129,-755.00360000000001,-2096.3467999999998,169.8306,-286.26280000000003,908.52520000000004,0,332.86579999999998
2017-03,-235.3871,-608.577,628.72019999999998,5050.8774999999996,2977.2020000000002,661.41740000000004,1074.704,320.41109999999998,17.1431,-4422.1572999999999,-586.7441,-484.10489999999999,-3351.3083000000001,-835.42840000000001,963.11500000000001,208.1054,420.98239999999998,21.008199999999999,5.8007,15.375999999999999,27.883199999999999,4.8563999999999998,71.686999999999998,16.1172,30.450500000000002,0.55600000000000005,2.3260999999999998,98.817899999999995,18.5944,20.5474,6.1999999999999998E-3,-1798.5433,-960.35140000000001,-151.74709999999999,-38.054499999999997,-94.579300000000003,-25.3627,-110.0587,-160.23849999999999,-16.322900000000001,-34.256300000000003,-18.798500000000001,-16.937000000000001,-49.610900000000001,-57.891500000000001,-19.6601,-44.104799999999997,-0.56920000000000004,-443.262,8.5504999999999995,0.4783,5.4165000000000001,1.1678999999999999,1.4878,-451.8125,-301.97579999999999,-139.56370000000001,-9.4873999999999992,-0.78559999999999997,41.3932,68.807699999999997,-27.4145,5.3967999999999998,7.9942000000000002,-2.5973999999999999,367.79269999999997,907.21109999999999,1115.8163,370.00220000000002,9.1976999999999993,736.6164,-208.6052,-2.738,-3.5962000000000001,-202.27099999999999,1017.9268,2368.5344,71.182599999999994,1479.5337999999999,89.341200000000001,728.47680000000003,-1350.6076,-45.639099999999999,-211.25470000000001,-90.5124,-1003.2014,-1026.0968,2553.6880999999998,1294.8602000000001,61.223999999999997,1197.6039000000001,-3579.7849000000001,-2597.3163,-15.1326,-967.33600000000001,-1267.8214,16.285299999999999,-333.76440000000002,1054.0521000000001,0,622.34180000000003
2017-04,-1071.1876999999999,-563.47400000000005,712.38909999999998,4600.7317999999996,2613.6913,642.07619999999997,856.05089999999996,472.24489999999997,16.668500000000002,-3888.3427000000001,-600.30930000000001,-426.91719999999998,-2861.1161999999999,-715.14850000000001,865.4348,157.06700000000001,401.70729999999998,18.972100000000001,25.017800000000001,13.188000000000001,17.796099999999999,2.1276000000000002,70.981999999999999,7.5541,22.1647,0.29380000000000001,2.4758,90.386899999999997,17.857399999999998,17.836300000000001,8.0000000000000002E-3,-1580.5833,-756.23940000000005,-158.5986,-36.9437,-81.033500000000004,-10.655200000000001,-88.852400000000003,-188.381,-14.3103,-45.844900000000003,-15.7256,-0.77310000000000001,-54.009099999999997,-65.181200000000004,-28.462499999999999,-35.220999999999997,-0.3518,-592.56200000000001,18.237200000000001,4.0538999999999996,12.536899999999999,0.92110000000000003,0.72529999999999994,-610.79920000000004,-456.1275,-144.601,-9.6050000000000004,-0.4657,31.8474,58.912199999999999,-27.064800000000002,4.9583000000000004,5.4664000000000001,-0.5081,-512.67200000000014,441.49829999999997,1452.6943000000001,184.96369999999999,5.8524000000000003,1261.8782000000001,-1011.196,-43.518099999999997,-3.1339999999999999,-964.54390000000001,766.89170000000001,1883.9047,90.903700000000001,1065.5551,95.072299999999998,632.37360000000001,-1117.0129999999999,-80.898799999999994,-120.75449999999999,-97.554900000000004,-817.8048,-952.88509999999997,2036.4748,1218.6744000000001,48.704900000000002,769.09550000000002,-2989.3598999999999,-2066.5461,-16.880800000000001,-905.93299999999999,-407.06950000000001,214.18549999999999,-905.56730000000005,330.27440000000001,0,414.76159999999999
2017-05,-682.88879999999995,-411.86610000000002,849.71709999999996,5761.4717000000001,3629.4863,769.58029999999997,983.09810000000004,352.10640000000001,27.200600000000001,-4911.7546000000002,-822.23829999999998,-619.3981,-3470.1181999999999,-765.53340000000003,958.19579999999996,147.41149999999999,438.46140000000003,14.056699999999999,89.249600000000001,14.2784,27.7639,0.9264,67.683499999999995,9.3432999999999993,23.836300000000001,2.7355999999999998,5.9744999999999999,82.373199999999997,16.304500000000001,17.7288,6.8199999999999997E-2,-1723.7292,-861.75130000000001,-165.48480000000001,-45.405200000000001,-105.82550000000001,-17.303599999999999,-107.2646,-179.23560000000001,-14.074199999999999,-28.906300000000002,-28.358000000000001,-1.6913,-50.5974,-54.967100000000002,-39.520400000000002,-23.053599999999999,-0.2903,-527.44389999999999,15.530200000000001,2.0962000000000001,11.2605,1.4188000000000001,0.75470000000000004,-542.97410000000002,-222.5976,-309.7552,-9.7017000000000007,-0.91959999999999997,31.394100000000002,61.429000000000002,-30.0349,6.8394000000000004,8.2769999999999992,-1.4376,-277.86219999999986,998.3184,1273.318,134.5864,6.5229999999999997,1132.2085999999999,-274.99959999999999,-14.445,-6.4779,-254.07669999999999,1022.9235,2420.6336000000001,129.5393,1047.1223,166.4605,1077.5115000000001,-1397.7101,-80.992999999999995,-135.04179999999999,-161.7706,-1019.9047,-1072.4938999999999,2473.0527000000002,1589.5558000000001,61.815600000000003,821.68129999999996,-3545.5466000000001,-2359.7080999999998,-33.318399999999997,-1152.5201,-918.11509999999998,-446.29969999999997,-341.9171,479.7217,0,382.56569999999999
2017-06,-476.95710000000003,-862.14469999999994,365.68860000000001,5685.0246999999999,3580.6457,779.59500000000003,937.44330000000002,370.45530000000002,16.885300000000001,-5319.3361000000004,-931.24210000000005,-749.14930000000004,-3638.9447,-744.39049999999997,849.21839999999997,150.69649999999999,374.7595,23.058,9.9193999999999996,17.749199999999998,22.753599999999999,5.1144999999999996,72.782899999999998,6.8559000000000001,20.0337,0.86170000000000002,2.9931000000000001,105.2747,18.351900000000001,17.978899999999999,3.49E-2,-1593.6088999999999,-817.99009999999998,-153.2158,-27.453600000000002,-60.043599999999998,-12.0374,-102.88509999999999,-216.0599,-15.8767,-34.1081,-18.2606,-0.50790000000000002,-44.0274,-48.783000000000001,-14.593299999999999,-27.476299999999998,-0.28999999999999998,-516.62559999999996,8.1369000000000007,1.1974,3.9971000000000001,2.0918999999999999,0.85050000000000003,-524.76250000000005,-298.63780000000003,-213.77189999999999,-11.324400000000001,-1.0284,33.1828,71.990899999999996,-38.808100000000003,6.6298000000000004,11.9329,-5.3030999999999997,378.55810000000042,2307.1567,2557.5082000000002,350.32,7.4602000000000004,2199.7280000000001,-250.35149999999999,-19.0486,-6.8136999999999999,-224.48920000000001,429.07470000000001,1939.1839,38.297400000000003,834.65509999999995,139.40029999999999,926.83109999999999,-1510.1092000000001,-43.002600000000001,-315.25819999999999,-97.073999999999998,-1054.7744,-1148.6407999999999,2810.8155000000002,1642.7085,72.773600000000002,1095.3334,-3959.4562999999998,-2373.7851999999998,-31.9575,-1553.7136,-1349.2365,-8.6405999999999992,-910.44389999999999,1059.2885000000001,0,449.69560000000001
2017-07,-964.63070000000005,-1049.0782999999999,293.11529999999999,5077.6328999999996,2975.5154000000002,819.73479999999995,861.0027,399.52359999999999,21.8565,-4784.5176000000001,-815.55949999999996,-559.50779999999997,-3409.4503,-920.55340000000001,679.8424,106.2784,312.6361,19.071999999999999,7.1948999999999996,35.2224,18.094999999999999,0.55100000000000005,58.656500000000001,4.8109999999999999,16.015799999999999,0.41410000000000002,1.6615,68.792100000000005,13.360099999999999,17.081299999999999,0,-1600.3958,-861.5933,-163.1217,-26.484500000000001,-56.234200000000001,-18.345600000000001,-112.7188,-145.31979999999999,-16.211200000000002,-23.982199999999999,-11.2334,-2.1701999999999999,-44.281999999999996,-59.009300000000003,-37.7639,-21.925699999999999,0,-453.58949999999999,4.6501999999999999,1.0609,2.0243000000000002,0.9819,0.58309999999999995,-458.23970000000003,-204.47040000000001,-238.11670000000001,-14.5275,-1.1251,31.949300000000001,70.438800000000001,-38.4895,52.598799999999997,61.716000000000001,-9.1172000000000004,-414.28039999999964,454.5095,1314.4568999999999,240.45400000000001,3.4899,1070.5129999999999,-859.94740000000002,-1.298,-5.6997999999999998,-852.94960000000003,1989.962,3465.2483999999999,51.609400000000001,2140.0486000000001,197.19669999999999,1076.3937000000001,-1475.2864,-48.060899999999997,-360.25810000000001,-108.027,-958.94039999999995,-2492.4629,1955.6672000000001,1312.9566,36.8872,605.82339999999999,-4448.1301000000003,-3025.3834999999999,-22.8443,-1399.9023,-1355.7819999999999,581.87580000000003,-412.43520000000001,820.05240000000003,446.12889999999999,420.2799
2017-08,-2274.5506,-1129.7896000000001,284.43970000000002,5283.6477999999997,3414.1277,679.92309999999998,782.66399999999999,387.34980000000002,19.583100000000002,-4999.2080999999998,-833.27160000000003,-442.37560000000002,-3723.5608999999999,-1023.2672,742.31129999999996,153.60650000000001,303.20150000000001,16.7164,23.9358,31.581900000000001,17.157299999999999,6.0505000000000004,57.611199999999997,9.2462999999999997,16.9284,0.66320000000000001,2.9485999999999999,72.529899999999998,17.508600000000001,12.625400000000001,0,-1765.5785000000001,-850.98490000000004,-181.7569,-30.437899999999999,-71.088800000000006,-51.840899999999998,-127.5395,-193.50200000000001,-20.823699999999999,-23.821999999999999,-21.647300000000001,-11.6845,-61.447800000000001,-53.090699999999998,-27.265799999999999,-38.645699999999998,0,-415.29149999999998,6.601,1.304,3.7069999999999999,0.99829999999999997,0.5917,-421.89249999999998,-195.90649999999999,-212.9803,-11.7942,-1.2115,24.3294,64.496200000000002,-40.166800000000002,0.65210000000000001,12.547499999999999,-11.8954,-1612.5654000000004,1151.8824999999999,1609.0815,151.89250000000001,5.7454000000000001,1451.4436000000001,-457.19900000000001,-8.8938000000000006,-7.0617000000000001,-441.24349999999998,208.19669999999999,2706.8712,211.14660000000001,1508.2184,199.68350000000001,787.82270000000005,-2498.6745000000001,-46.2791,-1300.9186999999999,-154.31209999999999,-997.16459999999995,-3162.4870000000001,2032.9971,1272.6514999999999,31.0413,729.30430000000001,-5195.4840999999997,-3578.0805999999998,-28.221699999999998,-1589.1818000000001,-448.27960000000002,843.37630000000001,-426.3895,221.1352,467.15230000000003,381.77249999999998
2017-09,-703.80259999999998,-1367.4028000000001,-129.97579999999999,4747.8368,2956.2546000000002,675.74419999999998,867.71900000000005,214.9555,33.163499999999999,-4877.8126000000002,-739.06870000000004,-463.03969999999998,-3675.7042000000001,-900.33190000000002,702.15869999999995,147.66470000000001,281.0813,15.096500000000001,22.194600000000001,31.909099999999999,18.986899999999999,2.6293000000000002,54.978099999999998,7.4793000000000003,13.9338,0.37730000000000002,1.0468999999999999,78.100399999999993,14.822900000000001,11.8575,0,-1602.4906000000001,-786.23749999999995,-148.68020000000001,-29.353100000000001,-63.832999999999998,-18.311599999999999,-136.5848,-194.0138,-18.3642,-25.5562,-18.299900000000001,-9.5625999999999998,-54.935099999999998,-61.335500000000003,-26.0245,-11.398400000000001,0,-365.5772,7.8578000000000001,1.0891999999999999,5.2889999999999997,0.9345,0.54510000000000003,-373.435,-242.50040000000001,-120.78919999999999,-9.2317,-0.91369999999999996,28.482099999999999,65.320300000000003,-36.838200000000001,40.43,50.787700000000001,-10.357699999999999,196.45570000000038,2065.9551000000001,2798.7465999999999,84.0197,5.3674999999999997,2709.3593999999998,-732.79150000000004,-6.0648,-8.5934000000000008,-718.13329999999996,451.7604,2075.482,118.92230000000001,1132.6482000000001,174.88679999999999,649.02470000000005,-1623.7216000000001,-39.240200000000002,-472.39210000000003,-141.8271,-970.26220000000001,-2254.7658999999999,1992.9241,1265.3362999999999,8.6937999999999995,718.89400000000001,-4247.6899999999996,-2800.3164999999999,-23.089600000000001,-1424.2838999999999,-1431.1539,1400.5452,-360.64940000000001,324.76420000000002,426.71429999999998,412.90719999999999
2017-10,-1075.7795000000001,-1512.213,-140.19049999999999,4765.4502000000002,2828.4679000000001,733.4547,939.02970000000005,246.77369999999999,17.7242,-4905.6406999999999,-690.77779999999996,-489.97710000000001,-3724.8858,-982.05370000000005,686.11300000000006,134.84110000000001,286.2654,14.656000000000001,8.5083000000000002,15.8744,22.967400000000001,3.2048999999999999,64.621099999999998,8.0973000000000006,17.047000000000001,0.40489999999999998,1.0335000000000001,66.667699999999996,16.884,25.040099999999999,0,-1668.1667,-804.77869999999996,-190.4256,-32.0749,-77.153599999999997,-31.3246,-134.10990000000001,-160.30350000000001,-18.7059,-29.045100000000001,-15.588699999999999,-1.6052,-71.908900000000003,-52.609099999999998,-35.066899999999997,-13.466100000000001,0,-418.33199999999999,7.6494999999999997,3.4331999999999998,2.0407000000000002,1.0137,1.1618999999999999,-425.98149999999998,-246.56630000000001,-165.29349999999999,-12.5205,-1.6012,28.363199999999999,63.9846,-35.621400000000001,6.383,8.6387,-2.2557,-83.832500000000095,943.24850000000004,1907.9536000000001,129.0967,2.9597000000000002,1775.8972000000001,-964.70510000000002,-2.5310999999999999,-10.106400000000001,-952.06759999999997,362.8451,2553.2588000000001,435.14839999999998,1230.3547000000001,241.17580000000001,646.57989999999995,-2190.4137000000001,-158.739,-804.49099999999999,-168.22309999999999,-1058.9606000000001,-2040.2687000000001,1921.5289,1285.3387,13.337400000000001,622.8528,-3961.7975999999999,-2589.0261999999998,-23.476199999999999,-1349.2952,-838.42700000000002,1203.6985,-249.16409999999999,534.23519999999996,513.88289999999995,430.69369999999998
2017-11,-574.72739999999999,-1776.3620000000001,-508.42,4306.8099000000002,2492.5072,638.04729999999995,755.66560000000004,362.45819999999998,58.131599999999999,-4815.2299000000003,-679.96310000000005,-441.4599,-3693.8069999999998,-928.90150000000006,791.69029999999998,199.0446,319.7672,12.408099999999999,6.5580999999999996,21.113299999999999,19.926200000000001,5.8803000000000001,56.169600000000003,8.6452000000000009,17.7364,0.24079999999999999,1.0524,95.531899999999993,16.057400000000001,11.5588,0,-1720.5917999999999,-797.67939999999999,-190.54599999999999,-28.057700000000001,-101.7246,-12.4932,-136.92949999999999,-220.1797,-15.185,-40.177500000000002,-19.5776,-1.0586,-49.645499999999998,-53.668300000000002,-32.114400000000003,-21.555,0,-361.86489999999998,16.4116,10.7714,3.5813999999999999,1.4568000000000001,0.60199999999999998,-378.2765,-250.6516,-114.7864,-11.725899999999999,-1.1126,22.824400000000001,62.130600000000001,-39.306199999999997,21.040800000000001,26.407599999999999,-5.3667999999999996,591.83609999999987,1292.1895,1571.1923999999999,188.71879999999999,5.7149000000000001,1376.7587000000001,-279.00290000000001,-3.9904999999999999,-11.085800000000001,-263.92660000000001,1388.5499,3710.6543999999999,205.1516,2493.0767999999998,246.24350000000001,766.1825,-2322.1044999999999,-85.208299999999994,-1117.4365,-196.60929999999999,-922.85040000000004,-1989.4752000000001,2193.7523000000001,1358.624,21.450500000000002,813.67780000000005,-4183.2275,-2740.8975999999998,-18.294899999999998,-1424.0350000000001,-823.28060000000005,782.41200000000003,-296.67469999999997,238.11519999999999,588.75750000000005,328.55020000000002
2017-12,-656.33429999999998,-1182.4175,190.28700000000001,4419.0451999999996,2695.8989999999999,686.85360000000003,817.45360000000005,199.4007,19.438400000000001,-4228.7582000000002,-661.37099999999998,-352.53399999999999,-3214.8532,-889.24779999999998,829.75720000000001,191.30420000000001,305.8732,22.800899999999999,14.4788,52.488900000000001,20.042100000000001,8.9899000000000004,65.245999999999995,9.423,16.835100000000001,0.23530000000000001,0.7591,82.079700000000003,20.7651,18.436,0,-1719.0050000000001,-814.40189999999996,-225.61600000000001,-32.977699999999999,-67.041200000000003,-19.383099999999999,-129.89709999999999,-215.21080000000001,-17.8522,-27.383199999999999,-11.6952,-0.8044,-56.784500000000001,-44.383699999999997,-33.219700000000003,-22.354299999999999,0,-506.16609999999997,7.7024999999999997,1.4888999999999999,4.2973999999999997,0.86140000000000005,1.0548,-513.86860000000001,-210.523,-282.58699999999999,-18.657800000000002,-2.1008,22.709399999999999,75.266400000000004,-52.557000000000002,6.125,11.457599999999999,-5.3326000000000002,-256.49510000000009,885.23109999999997,1526.9744000000001,312.26600000000002,6.5682,1208.1402,-641.74329999999998,-25.2653,-13.0527,-603.42529999999999,846.41279999999995,3022.875,133.0001,1754.7627,357.73899999999998,777.3732,-2176.4621999999999,-25.2121,-765.34870000000001,-207.84049999999999,-1178.0608999999999,-2783.3696,2774.2937999999999,1455.5305000000001,35.506399999999999,1283.2569000000001,-5557.6634000000004,-3932.4203000000002,-34.415100000000002,-1590.828,-1089.6509000000001,1450.2247,-144.61179999999999,579.26859999999999,776.45309999999995,420.84230000000002
2018-01,-899.77809999999999,-1292.2135000000001,278.65390000000002,5023.0195000000003,2736.7811999999999,547.41970000000003,1195.6248000000001,515.9914,27.202400000000001,-4744.3656000000001,-690.26700000000005,-409.43650000000002,-3644.6619999999998,-1321.3108,840.0847,220.0932,340.80410000000001,18.319299999999998,15.2026,11.6128,19.904699999999998,8.3178000000000001,58.150599999999997,23.857900000000001,15.7164,0.45760000000000001,0.43319999999999997,72.988100000000003,18.322800000000001,15.903600000000001,0,-2161.3955999999998,-1404.5503000000001,-150.083,-38.594900000000003,-70.333799999999997,-6.2690000000000001,-118.4734,-162.9813,-16.231200000000001,-20.947399999999998,-14.732200000000001,-1.7827,-43.089700000000001,-50.313699999999997,-43.022399999999998,-19.990600000000001,0,-269.0136,4.7686000000000002,0.99160000000000004,2.3536999999999999,0.73619999999999997,0.68710000000000004,-273.78219999999999,-215.44300000000001,-46.5306,-10.257999999999999,-1.5506,19.457000000000001,57.744199999999999,-38.287199999999999,12.990399999999999,28.268000000000001,-15.2776,-86.229100000000358,638.48159999999996,1533.1282000000001,119.8533,3.6324000000000001,1409.6424999999999,-894.64660000000003,-6.5618999999999996,-11.4435,-876.64120000000003,282.49349999999998,3147.1765,52.2425,1596.7523000000001,833.9511,664.23059999999998,-2864.683,-35.011899999999997,-965.13760000000002,-922.25649999999996,-942.27700000000004,-3073.0682999999999,1954.1045999999999,1310.3181,17.506,626.28049999999996,-5027.1728999999996,-2895.8843999999999,-29.2668,-2102.0216999999998,536.50130000000001,1041.4014,-119.4723,607.43370000000004,465.67450000000002,405.50529999999998
2018-02,-651.46780000000001,-983.92439999999999,437.21300000000002,3829.6019999999999,2162.1615999999999,387.42160000000001,1007.0137999999999,259.21339999999998,13.791499999999999,-3392.3890000000001,-461.22300000000001,-299.40730000000002,-2631.7588000000001,-1266.5135,631.49590000000001,168.84530000000001,237.5778,13.5185,11.2927,11.7849,11.971399999999999,9.3886000000000003,52.9574,4.8074000000000003,13.5763,6.7699999999999996E-2,0.73660000000000003,62.5944,17.721499999999999,14.6555,0,-1898.0093999999999,-1025.2623000000001,-145.9709,-16.404499999999999,-58.4011,-4.2275,-98.266499999999994,-183.0017,-15.3569,-12.3809,-8.4742999999999995,-11.378,-46.460500000000003,-47.259900000000002,-49.642400000000002,-175.52209999999999,0,-174.48249999999999,30.4664,18.224900000000002,10.3637,1.1631,0.7147,-204.94890000000001,-176.78370000000001,-17.087199999999999,-10.330500000000001,-0.74750000000000005,19.858599999999999,51.793900000000001,-31.935300000000002,53.463299999999997,56.919400000000003,-3.4561000000000002,-135.16380000000004,362.62880000000001,1063.0068000000001,139.73840000000001,4.3807,918.8877,-700.37800000000004,-26.2486,-8.0181000000000004,-666.11130000000003,287.34339999999997,2191.1412,131.8777,1419.4263000000001,153.93289999999999,485.90429999999998,-1903.7978000000001,-69.273099999999999,-573.49379999999996,-240.9102,-1020.1207000000001,-1331.9148,2077.1667000000002,1254.0723,7.6044,815.49,-3409.0814999999998,-2233.8402000000001,-36.506799999999998,-1138.7345,-268.20569999999998,780.63300000000004,-405.57139999999998,439.92290000000003,414.15710000000001,543.03300000000002
2018-03,-3528.6536000000001,-1483.2137,-180.53649999999999,3898.9267,2370.6619000000001,569.19150000000002,763.45600000000002,176.21100000000001,19.406400000000001,-4079.4632000000001,-563.72760000000005,-347.12860000000001,-3168.607,-1007.2080999999999,681.77139999999997,188.1061,244.5488,15.6698,7.2184999999999997,17.380600000000001,15.5733,10.8086,55.3765,5.4607999999999999,14.431100000000001,1.5299999999999999E-2,3.4965000000000002,77.859399999999994,11.8154,14.0106,0,-1688.9794999999999,-869.09400000000005,-157.8252,-17.204499999999999,-47.106699999999996,-4.9751000000000003,-117.2636,-189.0513,-15.3314,-72.570300000000003,-12.1958,-10.042299999999999,-57.754800000000003,-66.244299999999996,-25.8962,-26.423999999999999,0,-312.78820000000002,5.3979999999999997,0.9899,2.2639999999999998,1.1638999999999999,0.98019999999999996,-318.18619999999999,-172.75190000000001,-133.07820000000001,-10.561199999999999,-1.7948999999999999,17.319099999999999,53.295000000000002,-35.975900000000003,10.052899999999999,13.2201,-3.1671999999999998,-2598.8045000000002,431.2475,1412.4927,186.3905,5.0579999999999998,1221.0442,-981.24519999999995,-10.6976,-13.170400000000001,-957.37720000000002,84.104699999999994,3246.2872000000002,67.826999999999998,1171.9142999999999,1348.3303000000001,658.21559999999999,-3162.1824999999999,-59.949399999999997,-642.95180000000005,-1316.1656,-1143.1157000000001,-2463.886,2123.2393999999999,1291.0438999999999,36.74,795.45550000000003,-4587.1253999999999,-3171.8244,-41.436100000000003,-1373.8649,-420.89490000000001,-226.5428,-242.6567,239.8237,543.31169999999997,476.3843
2018-04,-4158.2385000000004,-673.43370000000004,508.66309999999999,4534.7021000000004,2563.4884999999999,417.76229999999998,1258.2157,276.74560000000002,18.490100000000002,-4026.0390000000002,-596.19500000000005,-329.20729999999998,-3100.6367,-897.19460000000004,720.95320000000004,134.84649999999999,294.10590000000002,12.505699999999999,13.148099999999999,10.208399999999999,16.101700000000001,14.200799999999999,55.192399999999999,8.4527000000000001,11.5334,8.6800000000000002E-2,0.57789999999999997,61.825099999999999,12.5578,75.610100000000003,0,-1618.1478,-810.59050000000002,-142.78100000000001,-19.4358,-56.469799999999999,-3.5865999999999998,-124.7526,-200.7612,-11.318300000000001,-30.628900000000002,-8.5265000000000004,-1.6034999999999999,-39.809399999999997,-56.812399999999997,-32.192,-78.879099999999994,0,-302.08819999999997,9.7669999999999995,2.4281000000000001,6.1081000000000003,0.86580000000000001,0.36499999999999999,-311.85520000000002,-156.4512,-131.39420000000001,-12.039,-11.970800000000001,17.186,55.9071,-38.7211,21.312200000000001,22.435600000000001,-1.1234,-4016.3319999999999,-119.2702,2142.5590000000002,136.66560000000001,5.7550999999999997,2000.1383000000001,-2261.8292000000001,-6.3367000000000004,-14.2743,-2241.2181999999998,238.501,3200.6502,100.8998,1221.1083000000001,1234.1347000000001,644.50739999999996,-2962.1491999999998,-149.9374,-570.54280000000006,-1349.9249,-891.7441,-2054.5738000000001,1905.2534000000001,1297.6129000000001,19.407,588.23350000000005,-3959.8272000000002,-2748.7338,-39.996600000000001,-1171.0968,-1678.1735000000001,-377.03339999999997,-395.7482,369.96609999999998,510.21510000000001,387.62180000000001
2018-05,-4412.4084999999995,-1045.3471,436.50139999999999,4545.6127999999999,2523.6714999999999,885.05949999999996,704.26689999999996,414.86559999999997,17.749300000000002,-4109.1113999999998,-774.39139999999998,-482.09769999999997,-2852.6223,-937.57429999999999,720.95129999999995,145.52199999999999,288.03199999999998,36.301200000000001,10.968,14.821,18.198799999999999,12.9734,53.523099999999999,9.7960999999999991,17.162299999999998,0.25890000000000002,0.67659999999999998,76.646799999999999,15.8048,20.266300000000001,0,-1658.5255999999999,-831.15909999999997,-196.04159999999999,-15.089,-67.547700000000006,-9.6577999999999999,-125.1925,-193.4606,-12.1364,-25.573,-13.3299,-0.68820000000000003,-38.934699999999999,-60.020800000000001,-27.5383,-42.155799999999999,0,-551.73090000000002,15.788500000000001,2.3902000000000001,10.421900000000001,1.4782999999999999,1.4981,-567.51940000000002,-231.4503,-321.78429999999997,-12.9895,-1.2952999999999999,7.4566999999999997,58.9788,-51.522100000000002,7.8741000000000003,15.305099999999999,-7.431,-3846.0629000000017,-1182.7260000000001,1193.4141999999999,191.63560000000001,5.3102,996.46839999999997,-2376.1401999999998,-2.7692000000000001,-12.4924,-2360.8786,299.69869999999997,2027.9297999999999,133.90090000000001,591.81830000000002,627.79970000000003,674.41089999999997,-1728.2311,-41.546599999999998,-461.12779999999998,-204.86240000000001,-1020.6943,-4539.2758000000003,2906.8379,1579.1804,20.9923,1306.6651999999999,-7446.1136999999999,-5011.5145000000002,-85.025199999999998,-2349.5740000000001,383.26389999999998,-832.89499999999998,-106.4974,2132.3687,471.12720000000002,376.39319999999998
2018-06,-2557.7060000000001,264.30059999999997,1207.5854999999999,4850.7938000000004,2701.9321,843.42179999999996,827.0806,459.65129999999999,18.707999999999998,-3643.2082999999998,-683.88649999999996,-462.03429999999997,-2497.2874000000002,-686.51959999999997,586.34429999999998,122.2993,223.0523,13.9764,8.1204999999999998,7.8628,16.756399999999999,22.051400000000001,40.188800000000001,12.8254,15.5534,3.7265000000000001,0.66369999999999996,67.666399999999996,10.6394,20.9617,0,-1272.8638000000001,-597.99689999999998,-153.7158,-10.860900000000001,-51.840200000000003,-7.0162000000000004,-101.4023,-138.3125,-14.751300000000001,-43.822800000000001,-11.410399999999999,-0.68779999999999997,-64.205299999999994,-49.658000000000001,-14.3171,-12.866199999999999,0,-340.47969999999998,5.9798999999999998,2.2189999999999999,2.0712000000000002,1.2333000000000001,0.45639999999999997,-346.45960000000002,-212.2937,-120.0354,-12.3558,-1.7746999999999999,83.714399999999998,131.9391,-48.224699999999999,25.377099999999999,30.196300000000001,-4.8192000000000004,-3287.6328000000003,-610.79579999999999,1086.4838999999999,245.39340000000001,3.4828000000000001,837.60770000000002,-1697.2797,-16.334800000000001,-11.4199,-1669.5250000000001,146.77010000000001,2273.7170999999998,156.78440000000001,605.25699999999995,902.47709999999995,609.19860000000006,-2126.9470000000001,-39.780999999999999,-302.30919999999998,-668.8107,-1116.0461,-3029.4985999999999,2493.2413999999999,1592.0478000000001,29.526399999999999,871.66719999999998,-5522.74,-3810.4602,-34.271000000000001,-1678.0088000000001,26.183399999999999,-1153.1493,-418.32339999999999,1751.1808000000001,440.2491,368.97609999999997
2018-07,-3341.2413999999999,-314.15910000000002,633.78129999999999,4361.1094999999996,2337.3270000000002,836.32349999999997,747.43690000000004,407.21019999999999,32.811900000000001,-3727.3281999999999,-647.62339999999995,-716.97659999999996,-2362.7282,-727.72550000000001,601.50379999999996,112.5398,231.64410000000001,15.007199999999999,15.077400000000001,12.063499999999999,15.0068,11.557399999999999,43.027299999999997,30.123000000000001,13.1493,1.1061000000000001,0.94920000000000004,74.506,10.2898,15.456899999999999,0,-1329.2293,-665.16,-149.4639,-16.354500000000002,-32.536499999999997,-25.1876,-126.318,-114.54179999999999,-14.328900000000001,-35.293500000000002,-9.0846,-1.9924999999999999,-39.215899999999998,-53.804299999999998,-29.709599999999998,-16.2379,0,-239.68,7.5658000000000003,3.5728,2.6044,0.85129999999999995,0.5373,-247.2458,-177.28970000000001,-52.541600000000003,-15.5624,-1.8521000000000001,19.4651,67.816699999999997,-48.351599999999998,34.514000000000003,48.7209,-14.206899999999999,-3568.7875000000008,-920.70339999999999,929.93529999999998,160.04130000000001,7.5263,762.36770000000001,-1850.6387,-5.7022000000000004,-10.143599999999999,-1834.7928999999999,-424.13600000000002,1357.8923,240.13079999999999,379.39960000000002,206.88489999999999,531.47699999999998,-1782.0282999999999,-24.792899999999999,-335.5686,-419.43389999999999,-1002.2329,-3318.57,2264.4522999999999,1316.0398,30.307700000000001,918.10479999999995,-5583.0222999999996,-3696.3429000000001,-29.3447,-1857.3347000000001,248.3434,-267.2038,-233.73869999999999,1347.221,507.19150000000002,307.95600000000002
2018-08,-4415.9793,-355.75170000000003,594.66269999999997,4420.3050000000003,2358.0925000000002,767.49829999999997,974.78369999999995,292.55709999999999,27.3734,-3825.6423,-621.92499999999995,-501.50259999999997,-2702.2145999999998,-679.37049999999999,596.23310000000004,128.6105,211.5753,15.151199999999999,6.3830999999999998,29.003299999999999,17.497900000000001,12.511100000000001,54.441299999999998,12.7766,12.364100000000001,0.5464,0.8821,68.253299999999996,13.1175,13.119300000000001,0,-1275.6034999999999,-590.87149999999997,-132.25739999999999,-19.9802,-37.914999999999999,-40.426099999999998,-129.63560000000001,-121.4756,-19.183900000000001,-20.974900000000002,-11.510199999999999,-21.253499999999999,-40.907400000000003,-44.295000000000002,-17.658300000000001,-27.258900000000001,0,-287.51900000000001,10.7498,2.7040000000000002,6.1444000000000001,1.4990000000000001,0.40239999999999998,-298.2688,-221.37450000000001,-64.066000000000003,-12.1435,-0.68479999999999996,16.475100000000001,65.248099999999994,-48.773000000000003,17.0029,25.469799999999999,-8.4669000000000008,-4566.5204999999996,-413.9375,1189.3578,240.6131,4.4638,944.28089999999997,-1603.2953,-5.0385999999999997,-8.4826999999999995,-1589.7739999999999,-264.6617,1894.9097999999999,49.735700000000001,537.1671,636.3261,671.68089999999995,-2159.5715,-61.883699999999997,-481.01089999999999,-766.94380000000001,-849.73310000000004,-2751.0136000000002,2870.0832,1647.5630000000001,19.0425,1203.4776999999999,-5621.0968000000003,-3772.9290000000001,-44.132899999999999,-1804.0349000000001,518.57349999999997,-1217.1813999999999,-36.9878,-401.31200000000001,489.29020000000003,220.1694
2018-09,-2448.366,329.16250000000002,891.29190000000006,3684.2683000000002,2116.0702999999999,709.23590000000002,552.54409999999996,286.92110000000002,19.4968,-2792.9764,-405.54610000000002,-258.4504,-2128.9798999999998,-353.90620000000001,544.4855,129.13040000000001,183.101,10.286899999999999,3.7421000000000002,43.180799999999998,15.740600000000001,9.7057000000000002,38.872500000000002,16.8568,13.953099999999999,0.28050000000000003,1.0979000000000001,47.886899999999997,18.6464,12.0039,0,-898.39170000000001,-393.78809999999999,-128.46100000000001,-21.162700000000001,-36.694499999999998,-9.7073999999999998,-100.2373,-62.055799999999998,-12.894299999999999,-22.397500000000001,-10.379300000000001,-0.50329999999999997,-29.4237,-36.152000000000001,-16.1706,-18.364100000000001,0,-223.21270000000001,6.1036000000000001,2.6631999999999998,2.0011000000000001,1.1391,0.30020000000000002,-229.31630000000001,-175.73269999999999,-40.398099999999999,-12.6411,-0.5444,14.9895,51.7301,-36.740600000000001,12.6355,16.969799999999999,-4.3342999999999998,-3260.0961000000007,-1084.8878999999999,593.08460000000002,203.1165,4.383,385.58510000000001,-1677.9725000000001,-1.6644000000000001,-6.1120999999999999,-1670.1959999999999,-433.43810000000002,2193.3173999999999,94.565700000000007,1383.3125,292.17660000000001,423.26260000000002,-2626.7555000000002,-33.420499999999997,-1474.8667,-272.94940000000003,-845.51890000000003,-1948.0605,2312.9609999999998,1625.0723,18.257899999999999,669.63080000000002,-4261.0214999999998,-2813.8636999999999,-28.154299999999999,-1419.0035,588.74109999999996,-746.65430000000003,-287.66660000000002,651.87019999999995,469.93209999999999,257.9196
2018-10,-328.71210000000002,590.77850000000001,1098.9183,4015.8362999999999,2444.6091999999999,637.80550000000005,646.899,261.13040000000001,25.392199999999999,-2916.9180000000001,-457.08819999999997,-243.97409999999999,-2215.8557999999998,-391.21179999999998,659.91949999999997,195.52520000000001,233.4907,12.641299999999999,12.0501,6.2356999999999996,16.904199999999999,19.5426,43.196199999999997,4.8772000000000002,12.911300000000001,0.5262,0.81630000000000003,63.955100000000002,16.138999999999999,21.108499999999999,0,-1051.1312,-431.48759999999999,-164.2209,-23.6357,-31.458200000000001,-3.1840999999999999,-121.36790000000001,-82.892799999999994,-16.9846,-32.120100000000001,-13.7257,-1.821,-43.904000000000003,-39.843800000000002,-21.337,-23.1477,0,-148.77119999999999,6.6341000000000001,2.8666,1.7825,1.2226999999999999,0.76229999999999998,-155.40530000000001,-108.2923,-25.3126,-21.013500000000001,-0.78690000000000004,31.8432,339.14260000000002,-307.29939999999999,-238.27180000000001,-229.5427,-8.7291000000000007,-1259.9857999999999,-290.97129999999999,1316.4489000000001,548.48130000000003,2.5950000000000002,765.37260000000003,-1607.4202,-4.5563000000000002,-6.8310000000000004,-1596.0328999999999,183.17509999999999,3808.3505,22.279399999999999,3073.9104000000002,184.8141,527.34659999999997,-3625.1754000000001,-42.662700000000001,-2661.07,-190.8212,-730.62149999999997,-1128.1151,2849.3870000000002,1964.7810999999999,20.945,863.66089999999997,-3977.5021000000002,-2442.1401000000001,-30.9087,-1504.4532999999999,-36.829900000000002,197.50790000000001,-484.8073,300.0548,578.76710000000003,182.23609999999999
2018-11,-537.41369999999995,323.0924,976.15380000000005,3653.2838999999999,2212.3517999999999,403.04880000000003,789.30899999999997,230.9049,17.669499999999999,-2677.1300999999999,-438.2765,-208.24160000000001,-2030.6120000000001,-400.67309999999998,598.86400000000003,190.89940000000001,203.28880000000001,12.0594,4.9039999999999999,7.8189000000000002,22.001300000000001,14.401199999999999,41.807299999999998,5.3648999999999996,8.3286999999999995,3.4474999999999998,1.2592000000000001,51.680999999999997,18.638000000000002,12.9643,0,-999.53710000000001,-422.08339999999998,-155.42339999999999,-20.177700000000002,-31.202100000000002,-7.3479000000000001,-91.3369,-108.6871,-11.180999999999999,-17.601600000000001,-10.379200000000001,-0.59960000000000002,-46.8093,-39.605800000000002,-20.517600000000002,-16.584399999999999,0,-275.61380000000003,9.2859999999999996,5.5857000000000001,2.5388999999999999,0.75270000000000004,0.40870000000000001,-284.89980000000003,-230.32900000000001,-39.863100000000003,-12.729699999999999,-1.978,23.2255,69.647099999999995,-46.421599999999998,2.4979,9.6282999999999994,-7.1303999999999998,-1426.4802999999997,-132.631,649.96050000000002,163.779,21.960699999999999,464.2208,-782.5915,-5.6736000000000004,-7.1093000000000002,-769.80859999999996,-371.21050000000002,2249.6505000000002,41.778300000000002,1640.721,165.1815,401.96969999999999,-2620.8609999999999,-52.869100000000003,-1612.5716,-284.33949999999999,-671.08079999999995,-408.13330000000002,3134.5740999999998,2013.1333999999999,45.832500000000003,1075.6081999999999,-3542.7073999999998,-1908.7854,-31.767099999999999,-1602.1549,-45.8996,-462.04360000000003,-117.5367,110.9744,563.47630000000004,191.7603
2018-12,349.39909999999998,619.67639999999994,1323.3398999999999,4062.4787000000001,2467.9022,486.06369999999998,892.23009999999999,197.7124,18.5703,-2739.1388000000002,-446.63319999999999,-182.97389999999999,-2109.5317,-324.92489999999998,687.56100000000004,185.5153,225.22460000000001,13.9884,13.8765,13.879300000000001,18.9803,18.095800000000001,44.118400000000001,7.3966000000000003,13.3245,1.9540999999999999,1.5743,79.874799999999993,33.089399999999998,16.668900000000001,0,-1012.4859,-400.4067,-165.28980000000001,-14.2879,-49.663800000000002,-15.681900000000001,-95.737300000000005,-93.628600000000006,-10.988,-16.999400000000001,-14.243600000000001,-0.53069999999999995,-37.3628,-59.7988,-29.550999999999998,-8.3154000000000003,0,-425.56259999999997,11.5113,4.1319999999999997,5.3079000000000001,1.0569999999999999,1.0144,-437.07389999999998,-324.96890000000002,-91.8733,-19.560700000000001,-0.67100000000000004,46.823999999999998,91.194800000000001,-44.370800000000003,9.6109000000000009,20.582799999999999,-10.9719,-980.87110000000007,-376.50839999999999,869.32500000000005,283.5095,8.4123000000000001,577.40319999999997,-1245.8334,-12.479799999999999,-5.6760999999999999,-1227.6775,208.10679999999999,1783.4866,146.26849999999999,959.09010000000001,238.88200000000001,439.24599999999998,-1575.3797999999999,-7.4192999999999998,-577.99149999999997,-214.89320000000001,-775.07579999999996,-836.32150000000001,3715.9423999999999,2139.7620000000002,32.409700000000001,1543.7707,-4552.2638999999999,-2550.2013999999999,-22.603300000000001,-1979.4592,6.0987999999999998,-15.7957,-399.26519999999999,432.8141,700.98289999999997,176.06489999999999
2019-01,-1423.7467999999999,1113.1210000000001,1993.7945,4688.4111000000003,2710.2827000000002,605.74789999999996,1065.7642000000001,289.49900000000002,17.1172,-2694.6165999999998,-440.07330000000002,-220.54759999999999,-2033.9957999999999,-659.31640000000004,764.52049999999997,221.18289999999999,245.7834,13.943199999999999,5.6452,18.616499999999998,21.885000000000002,15.685,58.721400000000003,45.985900000000001,11.8432,1.7031000000000001,0.59919999999999995,69.905199999999994,18.196100000000001,14.825200000000001,0,-1423.8369,-771.41890000000001,-195.65600000000001,-23.0169,-37.327399999999997,-9.2978000000000005,-97.1828,-115.6366,-14.468400000000001,-26.670100000000001,-9.4961000000000002,-1.9597,-39.758800000000001,-48.988999999999997,-20.018699999999999,-12.9396,0,-262.1961,6.2769000000000004,2.0525000000000002,2.8428,0.74109999999999998,0.64049999999999996,-268.47300000000001,-232.1138,-18.651700000000002,-16.8126,-0.89490000000000003,40.838999999999999,72.0959,-31.256900000000002,60.706099999999999,69.760499999999993,-9.0543999999999993,-3220.5671000000002,3.4033000000000002,963.43889999999999,231.22819999999999,6.1677999999999997,726.04290000000003,-960.03560000000004,-2.3702000000000001,-4.9268999999999998,-952.73850000000004,143.96279999999999,4653.9871999999996,36.001899999999999,4097.2637000000004,148.26589999999999,372.45569999999998,-4510.0244000000002,-25.655899999999999,-3570.7658999999999,-215.41929999999999,-698.18330000000003,-2041.7194,5030.7676000000001,3088.5835999999999,15.4297,1926.7543000000001,-7072.4870000000001,-4414.5432000000001,-30.396000000000001,-2627.5477999999998,-314.94349999999997,-792.10350000000005,-689.93970000000002,470.77289999999999,622.99329999999998,184.02719999999999
2019-02,-693.4615,666.88720000000001,1392.5340000000001,3768.1014,2127.1595000000002,480.69409999999999,999.63430000000005,139.74629999999999,20.8672,-2375.5673999999999,-396.12090000000001,-165.06809999999999,-1814.3784000000001,-488.95409999999998,658.20169999999996,187.9939,211.61,12.043100000000001,4.2756999999999996,20.659300000000002,17.1633,21.0275,52.0916,20.850300000000001,10.2804,10.3828,0.83840000000000003,58.555500000000002,15.352499999999999,15.077400000000001,0,-1147.1558,-573.85649999999998,-163.92339999999999,-18.685600000000001,-25.3414,-19.194900000000001,-72.224599999999995,-102.7384,-11.86,-13.575900000000001,-16.8734,-20.776,-24.221299999999999,-48.255099999999999,-14.821300000000001,-20.8079,0,-262.6875,12.5259,4.2739000000000003,1.2419,6.2126999999999999,0.7974,-275.21339999999998,-216.4607,-37.347999999999999,-14.845700000000001,-6.5590000000000002,25.994800000000001,61.896999999999998,-35.902200000000001,6.0275999999999996,27.347799999999999,-21.3202,-1861.4884999999997,910.95820000000003,2344.1257000000001,717.98879999999997,27.164100000000001,1598.9728,-1433.1675,-5.3188000000000004,-4.4535999999999998,-1423.3951,-517.38260000000002,4514.1903000000002,24.0259,3888.8296999999998,237.24299999999999,364.0917,-5031.5729000000001,-180.0823,-3700.7438000000002,-297.43509999999998,-853.31169999999997,-974.35979999999995,4294.3453,3186.2970999999998,10.811400000000001,1097.2367999999999,-5268.7051000000001,-3814.4564,-23.088100000000001,-1431.1605999999999,-247.9,-654.46500000000003,-495.56079999999997,117.22150000000001,495.11189999999999,268.55279999999999
2019-03,-735.21590000000003,505.38869999999997,1125.6469,3572.9265999999998,1988.5334,549.59199999999998,862.97709999999995,157.6454,14.178699999999999,-2447.2797,-426.14499999999998,-185.07570000000001,-1836.059,-386.95389999999998,681.12059999999997,190.64160000000001,234.3158,11.325200000000001,7.9245999999999999,14.015700000000001,16.310400000000001,22.8813,55.819400000000002,5.5580999999999996,12.6889,0.53490000000000004,0.41039999999999999,78.8078,19.138200000000001,10.748200000000001,0,-1068.0744,-506.68939999999998,-135.2766,-22.534400000000002,-47.488700000000001,-16.694600000000001,-81.548599999999993,-88.818600000000004,-11.3645,-27.359100000000002,-11.0322,-0.46529999999999999,-30.5504,-45.607500000000002,-27.714200000000002,-14.930400000000001,0,-249.2766,11.457000000000001,3.9773000000000001,5.3240999999999996,0.7641,1.3915,-260.73360000000002,-146.6927,-98.436700000000002,-14.0146,-1.5895999999999999,15.972300000000001,60.800699999999999,-44.828400000000002,3.6206999999999998,6.4856999999999996,-2.8650000000000002,-1685.8587000000002,106.1674,1603.8596,328.25839999999999,31.848199999999999,1243.7529999999999,-1497.6922,-6.5419,-4.4459999999999997,-1486.7043000000001,154.94839999999999,2401.3489,50.3249,1823.9222,165.80549999999999,361.29629999999997,-2246.4005000000002,-40.587000000000003,-1298.6524999999999,-198.17179999999999,-708.98919999999998,-1779.7312999999999,4343.9647000000004,3159.2577999999999,6.8459000000000003,1177.8610000000001,-6123.6959999999999,-3972.9661999999998,-29.395,-2121.3348000000001,272.85520000000002,-676.15790000000004,-287.31950000000001,523.37900000000002,441.63350000000003,242.04769999999999
2019-04,-1141.0791999999999,1270.981,1952.5333000000001,4452.6900999999998,2248.5756000000001,971.27279999999996,1007.3359,206.39259999999999,19.113199999999999,-2500.1568000000002,-534.62620000000004,-212.6729,-1752.8577,-458.92189999999999,649.46500000000003,165.9161,223.3047,9.8102,20.0105,10.829599999999999,17.8932,22.382899999999999,56.113500000000002,17.4495,7.9633000000000003,2.3812000000000002,0.58630000000000004,70.160600000000002,14.5519,10.111499999999999,0,-1108.3869999999999,-494.31270000000001,-177.75370000000001,-17.365300000000001,-59.695300000000003,-8.9227000000000007,-86.797799999999995,-87.897900000000007,-10.369400000000001,-29.6343,-11.4389,-1.6513,-37.877600000000001,-48.588900000000002,-17.8994,-18.181799999999999,0,-239.3022,44.573999999999998,2.0537000000000001,2.9365999999999999,1.9901,37.593600000000002,-283.87619999999998,-126.7749,-143.92330000000001,-11.4009,-1.7770999999999999,16.671800000000001,63.840600000000002,-47.168799999999997,13.8993,17.3887,-3.4893999999999998,-2864.5854000000004,-10.659800000000001,1834.6504,128.554,5.2583000000000002,1700.8380999999999,-1845.3101999999999,-3.1680000000000001,-3.2404000000000002,-1838.9018000000001,-499.12869999999998,1807.1826000000001,13.637600000000001,1120.5630000000001,316.06979999999999,356.91219999999998,-2306.3112999999998,-25.6494,-1275.8483000000001,-225.19550000000001,-779.61810000000003,-2362.3285000000001,4851.4053000000004,3332.4794000000002,19.439399999999999,1499.4865,-7213.7338,-4624.9039000000002,-37.280099999999997,-2551.5497999999998,426.6952,-642.5181,-542.02589999999998,765.38040000000001,438.62619999999998,198.4383
2019-05,-2610.8746999999998,1501.1098,2616.4427999999998,5292.9781999999996,2832.0648999999999,1027.6722,938.46770000000004,473.37119999999999,21.402100000000001,-2676.5354000000002,-593.73710000000005,-233.22149999999999,-1849.5769,-560.35630000000003,630.58259999999996,145.44900000000001,209.30080000000001,12.1411,5.2809999999999997,27.613700000000001,26.0122,8.8198000000000008,61.520200000000003,9.4688999999999997,11.853899999999999,2.8176999999999999,1.0172000000000001,76.156199999999998,24.648599999999998,8.4822000000000006,0,-1190.9389000000001,-537.6123,-165.7355,-16.893899999999999,-41.636499999999998,-20.480499999999999,-106.5979,-114.3031,-16.543700000000001,-17.3033,-34.018900000000002,-0.49459999999999998,-33.6633,-46.549300000000002,-17.1004,-22.0059,0,-555.14949999999999,11.854799999999999,5.2027000000000001,4.5086000000000004,1.1618999999999999,0.98160000000000003,-567.00429999999994,-269.81790000000001,-279.51530000000002,-12.3508,-5.3202999999999996,0.17280000000000001,57.014899999999997,-56.842100000000002,14.3735,21.030999999999999,-6.6574999999999998,-4609.4409000000005,-708.62580000000003,1271.7484999999999,158.36359999999999,2.5463,1110.8386,-1980.3742999999999,-5.9878999999999998,-6.4865000000000004,-1967.8998999999999,-336.64760000000001,1698.1095,53.180799999999998,981.56039999999996,307.08359999999999,356.28469999999999,-2034.7571,-7.3604000000000003,-955.46969999999999,-228.4923,-843.43470000000002,-2550.7593000000002,5579.2584999999999,3256.942,31.569600000000001,2290.7469000000001,-8130.0177999999996,-4401.8580000000002,-42.2042,-3685.9555999999998,708.44219999999996,-940.79309999999998,-726.66070000000002,-54.396599999999999,483.08280000000002,259.35320000000002
2019-06,-1860.2207000000001,1613.6298999999999,2382.0214000000001,4821.6301999999996,2419.4434000000001,813.29179999999997,1016.2771,560.0684,12.5495,-2439.6088,-464.79669999999999,-334.05739999999997,-1640.7547,-486.81540000000001,574.99440000000004,113.456,217.07419999999999,9.9760000000000009,8.7062000000000008,16.822700000000001,18.431699999999999,10.9284,52.944699999999997,6.2393999999999998,14.6099,4.3852000000000002,0.94020000000000004,71.626599999999996,19.412800000000001,9.4405999999999999,0,-1061.8098,-491.94650000000001,-148.62450000000001,-24.869700000000002,-37.3932,-46.858800000000002,-81.582700000000003,-102.98390000000001,-7.9733000000000001,-18.572800000000001,-10.2263,-0.27010000000000001,-26.250900000000001,-41.564999999999998,-10.5899,-12.1022,0,-299.17739999999998,34.4664,2.8714,21.233599999999999,1.4827999999999999,8.8786000000000005,-333.6438,-236.1558,-84.508899999999997,-12.0861,-0.89300000000000002,17.601299999999998,68.130200000000002,-50.5289,4.7756999999999996,13.3597,-8.5839999999999996,-4090.2061000000003,-1262.5284999999999,1239.8019999999999,159.095,2.7957999999999998,1077.9112,-2502.3305,-11.056900000000001,-6.0444000000000004,-2485.2292000000002,-968.56330000000003,1531.5686000000001,20.068300000000001,993.04470000000003,162.02180000000001,356.43380000000002,-2500.1318999999999,-36.906799999999997,-1468.2238,-223.00530000000001,-771.99599999999998,-1417.8630000000001,5445.8912,3233.7635,26.3553,2185.7723999999998,-6863.7542000000003,-4296.0176000000001,-33.633499999999998,-2534.1030999999998,-446.94260000000003,-111.2422,-727.74770000000001,844.68119999999999,611.58019999999999,205.7141
2019-07,-2482.8198000000002,1271.9847,2013.4349999999999,4961.6548000000003,2558.0205999999998,851.83630000000005,1206.7014999999999,325.19499999999999,19.901499999999999,-2948.2197999999999,-485.57780000000002,-394.9255,-2067.7165,-517.44500000000005,657.45240000000001,153.90620000000001,226.41579999999999,10.960100000000001,7.0662000000000003,23.4572,19.1907,10.1159,61.780200000000001,5.3853,13.639900000000001,1.889,1.0359,80.911799999999999,25.4495,16.2486,0,-1174.8973000000001,-603.72540000000004,-142.47040000000001,-15.9861,-24.1919,-29.2956,-102.52979999999999,-100.5647,-13.241899999999999,-22.222999999999999,-9.3577999999999992,-1.9386000000000001,-24.2118,-50.610799999999998,-17.203499999999998,-17.346,0,-248.7345,7.8963000000000001,3.4279999999999999,2.9445999999999999,0.80120000000000002,0.72250000000000003,-256.63080000000002,-160.797,-75.950199999999995,-17.320399999999999,-2.5632000000000001,24.729199999999999,77.845699999999994,-53.116500000000002,38.0139,47.828299999999999,-9.8143999999999991,-4508.3729000000003,-674.01969999999994,888.07349999999997,137.07089999999999,45.102699999999999,705.8999,-1562.0932,-0.95730000000000004,-5.0144000000000002,-1556.1215,-104.15940000000001,1638.3641,27.565000000000001,894.93299999999999,234.01769999999999,481.84840000000003,-1742.5235,-14.678100000000001,-772.86410000000001,-206.67490000000001,-748.30640000000005,-3034.5464000000002,5162.7802000000001,3407.7811999999999,30.0029,1724.9961000000001,-8197.3266000000003,-5408.6505999999999,-20.1755,-2768.5005000000001,70.053200000000004,-335.05650000000003,-519.18949999999995,88.545400000000001,715.55449999999996,220.86600000000001
2019-08,-2741.3543,1200.4398000000001,2032.9766,4944.9848000000002,2620.1644999999999,1009.8141000000001,687.12940000000003,598.21749999999997,29.659199999999998,-2912.0082000000002,-472.56040000000002,-401.35860000000002,-2038.0891999999999,-500.90280000000001,647.43330000000003,108.33199999999999,209.44659999999999,9.5732999999999997,6.7225000000000001,115.7606,17.523800000000001,18.2212,51.740400000000001,3.5884,10.474600000000001,1.1755,1.4685999999999999,62.954300000000003,18.595500000000001,11.8561,0,-1148.3361,-497.70929999999998,-147.89160000000001,-15.6403,-31.226600000000001,-75.130899999999997,-106.2522,-86.3245,-15.504,-17.526399999999999,-13.2582,-20.891500000000001,-44.6541,-44.595799999999997,-16.540299999999998,-15.1905,0,-285.95139999999998,80.397199999999998,3.9727000000000001,74.754800000000003,0.85470000000000002,0.81499999999999995,-366.34859999999998,-222.26220000000001,-123.605,-12.479100000000001,-8.0023,-45.682600000000001,81.697999999999993,-127.3806,7.0989000000000004,24.413699999999999,-17.314800000000002,-4466.787299999999,-842.08339999999998,971.36890000000005,148.44049999999999,6.1440999999999999,816.78430000000003,-1813.4522999999999,-14.099399999999999,-8.5046999999999997,-1790.8481999999999,-630.65279999999996,979.41179999999997,28.866099999999999,399.9384,248.68639999999999,301.92090000000002,-1610.0645999999999,-37.713099999999997,-570.77250000000004,-188.85740000000001,-812.72159999999997,-5946.3837000000003,3798.1192999999998,2357.4124000000002,42.745600000000003,1397.9612999999999,-9744.5030000000006,-4794.1917999999996,-62.392600000000002,-4887.9186,3415.2523999999999,-638.39400000000001,-67.422499999999999,242.89670000000001,517.89469999999994,238.46350000000001
2019-09,-1444.5836999999999,1744.3341,2237.4837000000002,5175.7317999999996,3157.4431,1230.8731,159.5154,608.45500000000004,19.4452,-2938.2480999999998,-571.80560000000003,-266.21600000000001,-2100.2266,-227.78479999999999,724.80430000000001,146.67779999999999,291.41829999999999,13.6915,5.4924999999999997,28.183299999999999,23.4038,13.989100000000001,53.786499999999997,3.3435999999999999,13.339600000000001,1.5838000000000001,0.84430000000000005,95.256699999999995,18.939399999999999,14.853999999999999,0,-952.58910000000003,-480.78140000000002,-77.566400000000002,-11.3392,-12.0672,-49.451900000000002,-104.64700000000001,-70.914400000000001,-13.8834,-23.917899999999999,-7.9298000000000002,-0.3533,-24.3796,-44.183399999999999,-14.097300000000001,-17.076699999999999,0,-290.39510000000001,16.9574,10.6073,2.0931999999999999,0.87090000000000001,3.3860000000000001,-307.35250000000002,-293.99459999999999,-1.2500000000000001E-2,-13.0016,-0.34379999999999999,25.0303,51.183300000000003,-26.152999999999999,-46.517800000000001,25.375299999999999,-71.893100000000004,-3143.2682999999993,98.492400000000004,108.605,93.081000000000003,3.2581000000000002,12.2659,-10.1126,-0.1696,-0.63939999999999997,-9.3035999999999994,-1382.8108999999999,662.28840000000002,30.669799999999999,352.85640000000001,182.1328,96.629400000000004,-2045.0993000000001,-80.464699999999993,-466.12880000000001,-121.6651,-1376.8407,-3048.8588,1128.3595,683.32820000000004,4.7409999999999997,440.2903,-4177.2183000000005,-3065.8508999999999,-2.6999,-1108.6675,1045.9413,-19.927399999999999,0,163.89510000000001,0.86819999999999997,225.75149999999999
2019-10,-4230.9017999999996,249.99549999999999,969.24069999999995,5074.9014999999999,3370.9594000000002,1114.5726,142.2792,425.95400000000001,21.136299999999999,-4105.6607999999997,-703.99810000000002,-249.32550000000001,-3152.3373000000001,-446.15949999999998,812.11659999999995,175.59030000000001,325.99590000000001,21.690999999999999,14.9856,5.7923999999999998,22.7837,11.0032,40.536200000000001,10.143599999999999,25.1706,0.67079999999999995,1.9101999999999999,107.3312,22.733799999999999,25.778099999999998,0,-1258.2762,-573.27369999999996,-158.14529999999999,-16.442699999999999,-17.288399999999999,-15.783799999999999,-147.7962,-109.82380000000001,-17.389099999999999,-41.0321,-16.843299999999999,-1.9801,-33.933300000000003,-68.023200000000003,-28.081700000000001,-12.439399999999999,0,-294.44959999999998,10.695399999999999,2.8666,3.9943,1.3380000000000001,2.4965000000000002,-305.14499999999998,-291.60340000000002,0,-13.372999999999999,-0.1686,21.363900000000001,50.525500000000001,-29.1616,22.2196,23.022600000000001,-0.80300000000000005,-4503.1168000000016,130.3263,133.2199,126.62739999999999,1.8425,4.75,-2.8936000000000002,-0.33289999999999997,-0.41549999999999998,-2.1452,-1390.6244999999999,556.75019999999995,55.443899999999999,358.5752,60.279299999999999,82.451800000000006,-1947.3747000000001,-115.1437,-650.03579999999999,-163.67310000000001,-1018.5221,-4118.2241000000004,920.65750000000003,555.61599999999999,5.9176000000000002,359.12389999999999,-5038.8815999999997,-4294.3897999999999,-0.59750000000000003,-743.89430000000004,567.31640000000004,0.30020000000000002,0,307.78890000000001,0,166.6217
2019-11,1635.6043999999999,2189.5437000000002,2753.7662,5328.3764000000001,3290.1498000000001,1261.2154,289.17910000000001,470.00720000000001,17.8249,-2574.6102000000001,-240.6567,-121.6037,-2212.3498,-255.2336,766.99540000000002,147.27860000000001,302.00869999999998,17.035599999999999,12.6075,9.4582999999999995,21.542100000000001,10.947800000000001,35.465400000000002,2.8331,23.378599999999999,0.87919999999999998,1.9758,131.16149999999999,26.989100000000001,23.395099999999999,3.9E-2,-1022.229,-468.47230000000002,-117.3917,-17.668600000000001,-8.9413999999999998,-5.9546000000000001,-118.0057,-114.06399999999999,-19.682300000000001,-24.692,-7.9546999999999999,-0.22090000000000001,-52.407200000000003,-42.4236,-12.5931,-10.345599999999999,-1.4116,-329.63900000000001,6.6661000000000001,2.2334000000000001,1.8574999999999999,1.0319,1.5432999999999999,-336.30509999999998,-323.28379999999999,1.06E-2,-11.541,-1.4908999999999999,20.650099999999998,41.429200000000002,-20.7791,14.43,18.558499999999999,-4.1284999999999998,-568.36929999999995,165.81219999999999,168.3057,163.21190000000001,3.2658999999999998,1.8279000000000001,-2.4935,-0.16839999999999999,-0.29420000000000002,-2.0308999999999999,-890.20299999999997,473.70060000000001,57.980499999999999,246.68379999999999,117.3349,51.7014,-1363.9036000000001,-121.9602,-260.94380000000001,-254.8237,-726.17589999999996,-137.62459999999999,592.22230000000002,359.94290000000001,2.7311999999999999,229.54820000000001,-729.84690000000001,-327.87540000000001,-0.17,-401.80149999999998,164.98820000000001,-9.4960000000000004,0,138.15389999999999,0,226.7226
2019-12,587.28989999999999,1204.3558,1966.4139,5713.6237000000001,3284.0745999999999,1460.8719000000001,303.40370000000001,644.13260000000002,21.140899999999998,-3747.2098000000001,-418.8372,-190.15180000000001,-3138.2208000000001,-345.584,866.85199999999998,172.90790000000001,367.83030000000002,11.595800000000001,16.336600000000001,6.0377000000000001,21.805499999999999,13.935499999999999,33.703699999999998,11.6988,30.489599999999999,0.6502,1.3259000000000001,121.4648,19.480799999999999,37.141199999999998,0.44790000000000002,-1212.4359999999999,-580.29089999999997,-136.88239999999999,-16.112300000000001,-15.3371,-16.371300000000002,-133.75659999999999,-116.8604,-15.9627,-36.270899999999997,-15.2052,-6.0299999999999999E-2,-22.127500000000001,-56.765799999999999,-29.603400000000001,-19.567900000000002,-1.2614000000000001,-439.36619999999999,6.6985000000000001,1.1495,3.3982000000000001,1.2574000000000001,0.89339999999999997,-446.06470000000002,-429.55470000000003,0,-16.205400000000001,-0.30459999999999998,22.892099999999999,54.094700000000003,-31.2026,15.5463,22.8095,-7.2632000000000003,-632.61199999999997,89.254900000000006,93.621399999999994,81.357600000000005,1.9681,10.2957,-4.3665000000000003,-0.14810000000000001,-8.5000000000000006E-2,-4.1334,-774.38720000000001,738.29870000000005,117.78360000000001,435.07659999999998,107.10590000000001,78.332599999999999,-1512.6858999999999,-142.07740000000001,-492.2568,-164.21119999999999,-714.14049999999997,197.78039999999999,1000.1751,307.77120000000002,3.4396,688.96429999999998,-802.39469999999994,-498.11989999999997,-0.3246,-303.9502,-375.23590000000002,-4.2975000000000003,-5.9999999999999995E-4,234.2739,0,235.40950000000001
2020-01,740.58950000000004,1038.1635000000001,1576.9570000000001,5145.7629999999999,3067.9830000000002,1084.2789,526.90179999999998,444.85219999999998,21.7471,-3568.806,-320.17059999999998,-192.25200000000001,-3056.3834000000002,-26.662199999999999,942.08100000000002,190.8047,405.95830000000001,19.859000000000002,10.145799999999999,8.7752999999999997,24.831800000000001,20.099699999999999,38.852800000000002,28.23,26.027100000000001,0.43819999999999998,1.9349000000000001,128.05289999999999,18.2971,18.962700000000002,0.81059999999999999,-968.7432,-312.86320000000001,-129.21420000000001,-24.891200000000001,-13.6822,-7.2927,-136.107,-119.471,-15.8322,-42.6066,-13.581899999999999,-2.0863,-32.213000000000001,-65.514399999999995,-40.599800000000002,-9.6329999999999991,-3.1545000000000001,-523.81020000000001,10.205,5.5571000000000002,2.2538999999999998,1.2224999999999999,1.1715,-534.01520000000005,-520.74080000000004,2E-3,-12.758599999999999,-0.51780000000000004,11.678900000000001,40.094200000000001,-28.415299999999998,28.319199999999999,30.360499999999998,-2.0413000000000001,-325.8931,85.603099999999998,87.715599999999995,82.677899999999994,2.2511999999999999,2.7865000000000002,-2.1124999999999998,-0.12839999999999999,-0.43099999999999999,-1.5530999999999999,-533.47889999999995,676.24639999999999,71.113600000000005,335.0684,99.844700000000003,170.21969999999999,-1209.7253000000001,-8.3786000000000005,-311.33449999999999,-203.31389999999999,-686.69830000000002,-61.404400000000003,438.464,200.50409999999999,2.1509,235.809,-499.86840000000001,-108.1555,-0.37730000000000002,-391.3356,148.47450000000001,-5,0,39.912599999999998,0,219.98070000000001
2020-02,-215.32599999999999,452.56630000000001,781.97119999999995,3516.3244,2258.4342000000001,635.55610000000001,354.57310000000001,254.92740000000001,12.833600000000001,-2734.3532,-195.28129999999999,-174.37270000000001,-2364.6990999999998,-72.912700000000001,708.68460000000005,124.3022,284.1918,15.094099999999999,7.2046999999999999,9.6071000000000009,21.0349,13.704700000000001,30.585899999999999,17.347899999999999,30.1524,0.65820000000000001,0.52710000000000001,118.6344,15.3788,19.7531,0.50719999999999998,-781.59730000000002,-279.81459999999998,-85.667500000000004,-15.6035,-11.450900000000001,-4.6970999999999998,-125.5868,-20.618300000000001,-11.4533,-99.165700000000001,-9.6384000000000007,-20.424900000000001,-9.3688000000000002,-51.909399999999998,-30.33,-4.2790999999999997,-1.589,-280.19139999999999,4.2576000000000001,1.5666,1.4148000000000001,0.86339999999999995,0.4128,-284.44900000000001,-272.37150000000003,0,-11.9064,-0.1711,23.699200000000001,37.038899999999998,-13.339700000000001,8.8356999999999992,12.58,-3.7443,-676.72810000000004,172.00620000000001,174.27719999999999,170.35339999999999,1.0658000000000001,2.8580000000000001,-2.2709999999999999,-0.36969999999999997,-0.70330000000000004,-1.198,-965.73260000000005,571.27779999999996,188.04759999999999,234.43020000000001,50.463099999999997,98.3369,-1537.0103999999999,-193.51740000000001,-681.78129999999999,-165.81829999999999,-495.89339999999999,-149.06659999999999,235.51490000000001,113.02809999999999,2.2677,120.2191,-384.58150000000001,-81.591499999999996,-0.13039999999999999,-302.8596,162.96789999999999,0,0,103.09699999999999,0,140.57939999999999
2020-03,49.038899999999998,407.67059999999998,711.64559999999994,3745.2109,2500.6491999999998,643.14030000000002,249.3563,337.37610000000001,14.689,-3033.5653000000002,-296.7303,-232.4478,-2504.3872999999999,-5.1002000000000001,645.93200000000002,91.433599999999998,282.2398,11.482200000000001,8.8482000000000003,6.4279000000000002,16.369900000000001,22.164200000000001,32.739100000000001,7.9295,26.1721,0.35970000000000002,0.93920000000000003,102.1118,22.119900000000001,14.138999999999999,0.45590000000000003,-651.03219999999999,-187.636,-93.913300000000007,-14.481299999999999,-6.6185,-7.3314000000000004,-111.5339,-32.75,-14.5097,-50.305399999999999,-13.899800000000001,-7.8E-2,-23.081199999999999,-62.588799999999999,-14.837899999999999,-14.8264,-2.6406999999999998,-293.38749999999999,10.3451,7.7060000000000004,1.4621,0.88990000000000002,0.28710000000000002,-303.73259999999999,-292.6807,0,-10.929399999999999,-0.1225,-5.4873000000000003,32.271599999999999,-37.758899999999997,3.1448999999999998,4.0279999999999996,-0.8831,-361.77679999999998,108.9541,110.1207,103.2775,1.0627,5.7805,-1.1666000000000001,-1.5100000000000001E-2,-0.18390000000000001,-0.96760000000000002,-451.33240000000001,502.20979999999997,79.9602,272.95740000000001,65.872200000000007,83.42,-953.54219999999998,-165.90790000000001,-265.61649999999997,-108.18170000000001,-413.83609999999999,-114.60120000000001,342.0412,98.751999999999995,1.7476,241.54159999999999,-456.64240000000001,-94.982500000000002,-2.64E-2,-361.63350000000003,14.1745,0,0,81.028199999999998,0,115.3511
2020-04,-664.8098,-99.699200000000005,289.55900000000003,3944.0945999999999,2587.3444,855.56669999999997,197.7577,276.0772,27.348600000000001,-3654.5356000000002,-417.54829999999998,-254.15,-2982.8373000000001,-85.830799999999996,551.21220000000005,23.235099999999999,287.43520000000001,13.947800000000001,9.8847000000000005,8.5086999999999993,17.971800000000002,2.2690999999999999,31.312999999999999,16.617899999999999,14.7149,0.4506,1.4818,90.928200000000004,14.787599999999999,17.348400000000002,0.31740000000000002,-637.04309999999998,-87.880899999999997,-129.49680000000001,-16.6097,-8.9169,-5.7889999999999997,-145.92410000000001,-14.105499999999999,-22.104500000000002,-58.122,-12.206099999999999,-1.6319999999999999,-34.352499999999999,-69.110600000000005,-13.1784,-15.5044,-2.1099000000000001,-312.44670000000002,3.6598999999999999,0.75609999999999999,1.4080999999999999,0.94799999999999995,0.54769999999999996,-316.10660000000001,-302.62099999999998,0,-13.181100000000001,-0.30449999999999999,9.0192999999999994,34.492800000000003,-25.473500000000001,8.4144000000000005,8.5585000000000004,-0.14410000000000001,-573.52509999999995,166.4288,168.7226,166.30549999999999,0.55479999999999996,1.8623000000000001,-2.2938000000000001,-1.8006,-0.39319999999999999,-0.1,-423.32249999999999,567.89970000000005,274.54950000000002,238.27680000000001,25.929300000000001,29.144100000000002,-991.22220000000004,-77.012299999999996,-348.46899999999999,-114.93040000000001,-450.81049999999999,-194.19110000000001,351.91730000000001,149.21420000000001,1.2112000000000001,201.49189999999999,-546.10839999999996,-264.11559999999997,0,-281.99279999999999,-221.17580000000001,0,0,98.735500000000002,0,79.346699999999998
2020-05,-811.25959999999998,61.010800000000003,314.46749999999997,3867.8045000000002,2925.2791999999999,658.35159999999996,132.8297,140.01669999999999,11.327299999999999,-3553.337,-558.11479999999995,-212.4111,-2782.8110000000001,-7.2191000000000001,532.274,18.095400000000001,249.93899999999999,11.8653,4.0422000000000002,8.1583000000000006,15.7973,0.73939999999999995,29.716799999999999,51.624499999999998,24.926200000000001,0.22470000000000001,1.2661,87.549800000000005,11.463200000000001,16.639199999999999,0.22650000000000001,-539.49310000000003,-110.41459999999999,-82.954899999999995,-15.0459,-6.3440000000000003,-7.3197999999999999,-123.26430000000001,-5.9806999999999997,-22.023299999999999,-58.578299999999999,-9.9906000000000006,-0.50049999999999994,-28.587599999999998,-43.454300000000003,-10.494300000000001,-13.3459,-1.1940999999999999,-259.52449999999999,5.2865000000000002,1.3085,2.3613,1.4166000000000001,0.2001,-264.81099999999998,-252.87620000000001,0,-11.629200000000001,-0.30559999999999998,13.286899999999999,32.915799999999997,-19.628900000000002,0.42299999999999999,0.69520000000000004,-0.2722,-872.69359999999983,84.093500000000006,84.460800000000006,81.025800000000004,0.3498,3.0851999999999999,-0.36730000000000002,-4.8899999999999999E-2,-4.3499999999999997E-2,-0.27489999999999998,-824.59180000000003,158.86179999999999,52.082299999999996,89.378600000000006,1.3008999999999999,16.100000000000001,-983.45360000000005,-122.1902,-383.5831,-130.5984,-347.08190000000002,-377.5772,179.1456,65.819400000000002,4.8418000000000001,108.48439999999999,-556.72280000000001,-480.19799999999998,0,-76.524799999999999,136.03890000000001,0,-3.8E-3,109.3468,0,62.531100000000002
2020-06,698.75300000000004,1683.7412999999999,1956.3520000000001,4346.7021999999997,3602.4989,530.15380000000005,99.474699999999999,98.089399999999998,16.485499999999998,-2390.3501999999999,-528.90030000000002,-233.05070000000001,-1628.3991000000001,-70.036900000000003,528.04510000000005,21.337299999999999,261.98360000000002,9.8829999999999991,3.4935999999999998,17.2545,15.3218,1.8219000000000001,31.454000000000001,14.5222,15.0982,0.1124,0.98499999999999999,105.682,8.4745000000000008,20.617699999999999,3.7000000000000002E-3,-598.08209999999997,-150.79740000000001,-74.028499999999994,-7.5450999999999997,-45.367600000000003,-4.3000999999999996,-126.526,-6.4588000000000001,-21.074400000000001,-23.3245,-18.276499999999999,-1.8083,-20.545400000000001,-46.7346,-12.1851,-38.896799999999999,-0.21279999999999999,-207.40969999999999,5.2586000000000004,0.79479999999999995,2.8306,1.2130000000000001,0.42020000000000002,-212.66829999999999,-199.60669999999999,0,-12.3721,-0.6895,4.8358999999999996,38.199800000000003,-33.363900000000001,4.5401999999999996,5.2274000000000003,-0.68720000000000003,-989.52850000000012,68.314400000000006,69.367599999999996,61.1462,0.5655,7.6558999999999999,-1.0531999999999999,-4.1000000000000003E-3,0,-1.0490999999999999,-422.89589999999998,365.27960000000002,130.089,216.7201,3.4697,15.0008,-788.17550000000006,-75.580699999999993,-247.70050000000001,-90.91,-373.98430000000002,-540.63340000000005,195.9802,50.360300000000002,0.94199999999999995,144.67789999999999,-736.61360000000002,-660.0838,0,-76.529799999999994,44.392200000000003,-1.2547999999999999,0,-137.45099999999999,0,61.022799999999997
2020-07,-719.64149999999995,562.86670000000004,1007.8763,4526.0365000000002,3658.1981000000001,508.45679999999999,97.069199999999995,249.18559999999999,13.1267,-3518.1601999999998,-581.28399999999999,-519.03399999999999,-2417.8422,-160.15979999999999,533.18370000000004,31.964700000000001,275.49779999999998,15.466200000000001,5.0811000000000002,4.7435,17.500399999999999,4.1582999999999997,31.197500000000002,9.6231000000000009,13.8756,6.2899999999999998E-2,0.39100000000000001,97.691299999999998,7.1627000000000001,18.747,2.0500000000000001E-2,-693.34360000000004,-171.91470000000001,-112.2787,-23.020900000000001,-5.9333999999999998,-3.9125000000000001,-148.1353,-9.4289000000000005,-18.630199999999999,-61.3613,-6.9542999999999999,-4.6847000000000003,-42.783499999999997,-55.350999999999999,-13.0181,-15.295299999999999,-0.64080000000000004,-320.34789999999998,3.4817999999999998,0.98980000000000001,1.3537999999999999,0.84840000000000004,0.2898,-323.8297,-307.07960000000003,0,-15.932499999999999,-0.81759999999999999,35.498100000000001,70.589600000000004,-35.091500000000003,1.9817,3.4068000000000001,-1.4251,-1284.4899,71.608699999999999,72.322800000000001,59.657699999999998,0.18779999999999999,12.4773,-0.71409999999999996,-4.0000000000000001E-3,0,-0.71009999999999995,-656.2029,126.6288,31.452999999999999,71.258099999999999,0.83979999999999999,23.0779,-782.83169999999996,-6.1524000000000001,-222.61330000000001,-64.805999999999997,-489.26,-450.44880000000001,409.18360000000001,71.0398,0.90600000000000003,337.23779999999999,-859.63239999999996,-788.57449999999994,0,-71.057900000000004,-265.56900000000002,1.37E-2,0,16.1084,0,82.109800000000007
2020-08,-1415.394,-117.919,364.4409,4075.0072,3346.7683999999999,456.73430000000002,125.7413,134.15620000000001,11.606999999999999,-3710.5663,-597.32280000000003,-513.3356,-2599.9079999999999,-226.0136,474.96559999999999,23.3108,253.66419999999999,11.115600000000001,5.4619,4.2483000000000004,20.089700000000001,0.53879999999999995,27.197399999999998,7.6764999999999999,13.5684,5.7000000000000002E-2,0.15260000000000001,86.861699999999999,6.9885000000000002,13.982699999999999,5.1400000000000001E-2,-700.97910000000002,-184.7869,-101.6153,-18.8535,-7.5321999999999996,-9.3383000000000003,-141.64230000000001,-17.491399999999999,-18.0672,-41.486400000000003,-13.303599999999999,-16.051100000000002,-37.136899999999997,-60.68,-21.383900000000001,-10.786,-0.82399999999999995,-228.036,3.7854000000000001,1.4958,1.1493,0.79549999999999998,0.3448,-231.82140000000001,-216.59190000000001,0,-15.099600000000001,-0.12989999999999999,-28.310300000000002,47.679699999999997,-75.989999999999995,7.9394,8.3892000000000007,-0.44979999999999998,-1305.4143999999999,70.630200000000002,71.170699999999997,68.062200000000004,0.1187,2.9897999999999998,-0.54049999999999998,-2.8999999999999998E-3,0,-0.53759999999999997,-530.24760000000003,347.33679999999998,44.117899999999999,277.54829999999998,1.4737,24.196899999999999,-877.58439999999996,-15.963699999999999,-456.41719999999998,-51.744599999999998,-353.45890000000003,-570.56150000000002,305.71769999999998,85.328199999999995,3.8940999999999999,216.49539999999999,-876.27919999999995,-813.37630000000001,0,-62.902900000000002,-315.96850000000001,5.9999999999999995E-4,0,40.732399999999998,0,82.650499999999994
2020-09,-1626.7961,-497.5274,8.3445999999999998,4433.4072999999999,3722.2950000000001,360.24380000000002,112.8613,217.3184,20.689,-4425.0627000000004,-738.58860000000004,-642.69039999999995,-3043.7837,-275.74310000000003,476.09519999999998,10.861000000000001,219.68270000000001,7.5867000000000004,4.2685000000000004,4.7466999999999997,21.920999999999999,1.4041999999999999,27.598400000000002,41.4148,11.609299999999999,7.4700000000000003E-2,3.0011000000000001,89.116600000000005,11.599500000000001,21.1706,3.9399999999999998E-2,-751.83820000000003,-180.29409999999999,-114.9438,-20.9862,-11.192500000000001,-12.233700000000001,-164.74930000000001,-13.6073,-23.391400000000001,-56.003700000000002,-13.7416,-2.7494999999999998,-34.475499999999997,-76.924300000000002,-14.9343,-10.1861,-1.425,-234.7242,3.7134,0.6411,1.9483999999999999,0.82289999999999996,0.30099999999999999,-238.4376,-223.8271,0,-14.479200000000001,-0.1313,4.5952999999999999,33.746899999999997,-29.151599999999998,4.9615,6.8836000000000004,-1.9220999999999999,-1134.2302,64.104100000000003,64.384500000000003,60.967500000000001,0.40560000000000002,3.0114000000000001,-0.28039999999999998,-0.02,0,-0.26040000000000002,-648.70619999999997,111.36069999999999,21.398700000000002,77.851299999999995,2.0341,10.076599999999999,-760.06690000000003,-103.783,-308.33780000000002,-42.258299999999998,-305.68779999999998,-439.31049999999999,348.33530000000002,89.357200000000006,0.47199999999999998,258.5061,-787.64580000000001,-674.03570000000002,-2.0004,-111.6097,-242.27549999999999,4.0000000000000002E-4,0,131.95750000000001,0,91.949600000000004
2020-10,-1195.7589,-475.91309999999999,14.337199999999999,4048.2442999999998,3341.9751000000001,409.76170000000002,63.818800000000003,217.68819999999999,15.000500000000001,-4033.9070999999999,-725.65880000000004,-530.41459999999995,-2777.8337999999999,-273.07690000000002,481.12450000000001,15.05,265.70830000000001,11.893000000000001,6.5868000000000002,4.7667999999999999,16.765999999999998,0.4839,22.298500000000001,3.4295,16.654499999999999,8.14E-2,1.0488,87.611400000000003,12.766,15.959199999999999,2.0199999999999999E-2,-754.20140000000004,-146.18389999999999,-133.38839999999999,-21.473500000000001,-7.8358999999999996,-5.8807999999999998,-152.08150000000001,-10.57,-26.024799999999999,-74.819800000000001,-14.1197,-5.1207000000000003,-62.431800000000003,-68.993099999999998,-10.910500000000001,-12.854699999999999,-1.5124,-217.79499999999999,3.1135000000000002,0.73280000000000001,1.2324999999999999,0.73650000000000004,0.41170000000000001,-220.9085,-208.47819999999999,0,-12.282999999999999,-0.14729999999999999,0.62160000000000004,32.673200000000001,-32.051600000000001,8.5422999999999991,11.5428,-3.0005000000000002,-728.38800000000015,50.608400000000003,55.718899999999998,54.181399999999996,0.3029,1.2345999999999999,-5.1105,-5.3900000000000003E-2,-0.17699999999999999,-4.8795999999999999,-601.97180000000003,156.5967,33.395800000000001,110.9821,0.89670000000000005,11.322100000000001,-758.56849999999997,-99.231200000000001,-317.90660000000003,-14.3978,-327.03289999999998,-197.61349999999999,148.39590000000001,40.794199999999996,0.94550000000000001,106.6562,-346.00940000000003,-237.25299999999999,-4.0000000000000002E-4,-108.756,-16.393999999999998,0,0,36.982900000000001,0,107.8306
2020-11,-742.22130000000004,34.703099999999999,454.077,4253.9246000000003,3594.8281999999999,360.25240000000002,69.083699999999993,215.86109999999999,13.899100000000001,-3799.8476000000001,-582.93280000000004,-456.56049999999999,-2760.3543,-193.76089999999999,469.68470000000002,14.340199999999999,236.68559999999999,9.6143000000000001,3.0739000000000001,5.0796999999999999,12.2437,1.7853000000000001,15.449199999999999,11.291700000000001,10.203099999999999,3.4700000000000002E-2,0.49580000000000002,121.4659,10.6014,17.2944,2.58E-2,-663.44560000000001,-154.31200000000001,-103.8913,-13.8498,-6.7727000000000004,-4.6771000000000003,-159.39019999999999,-10.976800000000001,-22.24,-36.248899999999999,-12.9832,-1.9645999999999999,-32.185200000000002,-61.113500000000002,-21.889399999999998,-19.338799999999999,-1.6120000000000001,-220.61609999999999,4.5465,0.49640000000000001,2.7048999999999999,1.0609,0.2843,-225.1626,-210.57220000000001,0,-12.800599999999999,-1.7898000000000001,-4.9969000000000001,32.017899999999997,-37.014800000000001,10.9962,11.408300000000001,-0.41210000000000002,-787.92020000000002,65.003200000000007,66.287800000000004,62.939700000000002,0.97399999999999998,2.3740999999999999,-1.2846,-6.5699999999999995E-2,0,-1.2189000000000001,-710.85509999999999,123.66800000000001,34.9602,73.668000000000006,6.5220000000000002,8.5177999999999994,-834.5231,-120.7415,-437.42680000000001,-29.611799999999999,-246.74299999999999,-113.56529999999999,159.1671,49.633000000000003,0.69499999999999995,108.8391,-272.73239999999998,-206.0505,0,-66.681899999999999,-76.963399999999993,7.7999999999999996E-3,0,48.452599999999997,0,92.250699999999995
2020-12,259.31439999999998,481.78559999999999,927.4067,4654.2115999999996,3368.8681999999999,732.04700000000003,224.2835,310.3005,18.712299999999999,-3726.8049000000001,-445.4171,-472.10649999999998,-2809.2813999999998,-189.00049999999999,575.45180000000005,17.931899999999999,278.08920000000001,9.5211000000000006,10.007999999999999,5.1043000000000003,15.7302,0.96430000000000005,20.630400000000002,29.0243,21.255400000000002,1.49E-2,1.4289000000000001,125.07810000000001,22.331199999999999,18.2849,5.4600000000000003E-2,-764.45230000000004,-167.89429999999999,-120.3171,-18.178599999999999,-7.7811000000000003,-11.270300000000001,-179.17760000000001,-19.199200000000001,-22.7242,-46.3095,-12.1327,-5.5236999999999998,-34.873600000000003,-74.327200000000005,-25.012699999999999,-17.433700000000002,-2.2968999999999999,-273.75099999999998,2.3959999999999999,0.1958,0.83909999999999996,1.1161000000000001,0.245,-276.14699999999999,-258.43110000000001,0,-17.5625,-0.15340000000000001,17.130400000000002,55.055500000000002,-37.9251,3.1716000000000002,4.3529,-1.1813,-225.64270000000002,85.949799999999996,87.759100000000004,85.898099999999999,0.71340000000000003,1.1476,-1.8092999999999999,-5.0000000000000001E-3,0,-1.8043,-366.32780000000002,173.62469999999999,27.8401,108.08540000000001,17.696999999999999,20.002199999999998,-539.95249999999999,-35.234699999999997,-109.2009,-144.2346,-251.28229999999999,91.187100000000001,368.23630000000003,128.94489999999999,9.4844000000000008,229.80699999999999,-277.04919999999998,-211.7586,0,-65.290599999999998,-209.11019999999999,0,-1.4755,174.13390000000001,0,84.3934
2021-01,83.571399999999997,476.58710000000002,1050.7283,4878.2239,3435.3202999999999,866.81349999999998,109.1109,452.83659999999998,14.1426,-3827.4956000000002,-394.21609999999998,-465.94839999999999,-2967.3310999999999,-186.12860000000001,529.68269999999995,15.7591,283.55,12.435,4.9725000000000001,4.8813000000000004,15.570399999999999,2.4885999999999999,14.663500000000001,14.5204,15.733599999999999,8.9300000000000004E-2,1.9142999999999999,113.39,14.8286,14.828099999999999,5.8200000000000002E-2,-715.81129999999996,-145.16390000000001,-105.8938,-17.5351,-7.4699,-5.2054,-176.91640000000001,-13.5404,-25.272400000000001,-50.540300000000002,-11.772,-8.2032000000000007,-50.839300000000001,-59.431399999999996,-13.3264,-22.735299999999999,-1.966,-398.0428,3.4426000000000001,0.74019999999999997,0.9284,1.0162,0.75780000000000003,-401.48540000000003,-387.26799999999997,0,-14.149900000000001,-6.7500000000000004E-2,10.030200000000001,38.378599999999999,-28.348400000000002,7.8075000000000001,9.5203000000000007,-1.7128000000000001,-400.82310000000007,66.094899999999996,72.610699999999994,71.001800000000003,0.30880000000000002,1.3001,-6.5157999999999996,-3.3999999999999998E-3,-0.14000000000000001,-6.3723999999999998,-348.05930000000001,156.47730000000001,9.5571000000000002,97.043800000000005,18.756599999999999,31.119800000000001,-504.53660000000002,-6.5282,-164.5917,-12.2483,-321.16840000000002,-101.40730000000001,180.88550000000001,53.156500000000001,0.20200000000000001,127.527,-282.2928,-193.779,0,-88.513800000000003,-62.2211,2.6599999999999999E-2,0,44.743099999999998,0,108.8639
2021-02,544.90380000000005,1090.7783999999999,1444.1108999999999,4756.7605000000003,3792.4486000000002,632.17909999999995,153.59549999999999,165.5128,13.0245,-3312.6496000000002,-378.67329999999998,-397.7808,-2536.1954999999998,-216.19710000000001,499.69799999999998,12.422000000000001,252.92150000000001,11.212400000000001,4.0487000000000002,3.5087000000000002,10.742100000000001,1.1314,19.683599999999998,8.9985999999999997,17.930700000000002,8.9099999999999999E-2,1.4156,126.3223,13.045,16.201799999999999,2.4400000000000002E-2,-715.89509999999996,-126.54089999999999,-88.339600000000004,-22.211200000000002,-5.9038000000000004,-8.0577000000000005,-162.67609999999999,-7.1951000000000001,-17.317399999999999,-54.411499999999997,-10.4556,-16.189499999999999,-49.723300000000002,-67.359300000000005,-32.810200000000002,-45.498899999999999,-1.2049000000000001,-144.23330000000001,6.2766000000000002,1.4368000000000001,3.3778000000000001,0.91659999999999997,0.5454,-150.50989999999999,-135.96899999999999,0,-14.099600000000001,-0.44130000000000003,7.0979000000000001,36.798099999999998,-29.700199999999999,5.7489999999999997,11.3962,-5.6471999999999998,-551.62339999999995,59.624000000000002,60.484299999999998,56.957799999999999,1.2231000000000001,2.3033999999999999,-0.86029999999999995,-3.3999999999999998E-3,-4.4999999999999997E-3,-0.85240000000000005,-557.78070000000002,89.703900000000004,20.504899999999999,38.986800000000002,13.2897,16.922499999999999,-647.4846,-16.9391,-444.85770000000002,-7.8587999999999996,-177.82900000000001,-7.6557000000000004,167.7818,69.616100000000003,0.23980000000000001,97.925899999999999,-175.4375,-109.5634,0,-65.874099999999999,-114.2569,0,0,68.445899999999995,0,85.452799999999996
2021-03,1056.0462,1478.6342999999999,1991.8631,6508.8321999999998,4550.1823999999997,1055.8906999999999,412.9776,465.37830000000002,24.403300000000002,-4516.9691000000003,-532.89440000000002,-625.39779999999996,-3358.6768999999999,-279.00380000000001,603.94780000000003,19.293199999999999,292.11200000000002,13.0198,9.6609999999999996,4.2788000000000004,15.099299999999999,1.3138000000000001,17.665199999999999,11.842499999999999,12.8491,0.1958,2.1196999999999999,113.1528,14.424799999999999,76.886899999999997,3.32E-2,-882.95150000000001,-147.6816,-127.28270000000001,-24.198799999999999,-10.942600000000001,-7.2538999999999998,-219.72470000000001,-9.7040000000000006,-29.915099999999999,-128.38939999999999,-11.7189,-4.5663999999999998,-39.109499999999997,-89.821299999999994,-10.8117,-20.761099999999999,-1.0696000000000001,-244.07499999999999,6.3531000000000004,0.43969999999999998,4.3086000000000002,1.2471000000000001,0.35770000000000002,-250.4281,-238.56549999999999,0,-11.773,-8.9599999999999999E-2,9.85,37.988700000000001,-28.1387,13.9559,14.196199999999999,-0.24030000000000001,-436.54380000000003,68.142799999999994,70.436300000000003,64.799599999999998,0.52349999999999997,5.1132,-2.2934999999999999,-3.5999999999999999E-3,-0.125,-2.1648999999999998,-509.3879,419.0059,44.809399999999997,333.9787,6.9485000000000001,33.269300000000001,-928.39380000000006,-26.7209,-699.83780000000002,-7.4599000000000002,-194.37520000000001,247.71299999999999,416.9658,123.6874,1.2557,292.02269999999999,-169.25280000000001,-84.719800000000006,0,-84.533000000000001,-364.48329999999999,0,0,121.4716,0,98.433000000000007
2021-04,1282.3837000000001,1540.2791,1932.6649,6728.3320000000003,4676.3392000000003,1231.1156000000001,342.77330000000001,437.1782,40.925699999999999,-4795.6670999999997,-580.31679999999994,-645.9076,-3569.4425999999999,-205.9539,555.1961,12.9476,296.45150000000001,15.388999999999999,6.3151999999999999,8.0044000000000004,11.756500000000001,0.48459999999999998,20.180800000000001,24.447299999999998,15.560499999999999,4.1099999999999998E-2,0.79020000000000001,111.40179999999999,17.422699999999999,13.966699999999999,3.6200000000000003E-2,-761.15,-116.63120000000001,-128.24469999999999,-25.9879,-9.7614999999999998,-5.0007999999999999,-213.39420000000001,-9.4042999999999992,-26.8141,-65.423400000000001,-10.9407,-6.2538999999999998,-49.625700000000002,-73.635900000000007,-7.3394000000000004,-11.341900000000001,-1.3503000000000001,-176.5384,4.3992000000000004,0.1346,1.7918000000000001,1.0663,1.4065000000000001,-180.9376,-168.46709999999999,0,-12.383900000000001,-8.6599999999999996E-2,-9.8934999999999995,42.502000000000002,-52.395499999999998,5.3756000000000004,5.4066000000000001,-3.1E-2,-263.27120000000002,43.8065,46.386000000000003,41.817500000000003,0.59740000000000004,3.9710999999999999,-2.5794999999999999,-4.4000000000000003E-3,0,-2.5750999999999999,-282.50049999999999,245.03639999999999,77.168000000000006,56.569299999999998,25.729700000000001,85.569400000000002,-527.53689999999995,-80.702200000000005,-266.3578,-6.3532000000000002,-174.12370000000001,51.589300000000001,207.749,83.139200000000002,0.45750000000000002,124.1523,-156.15969999999999,-74.695999999999998,0,-81.463700000000003,-112.64100000000001,7.0199999999999999E-2,-13.833,50.237299999999998,0,69.471699999999998
2021-05,1724.5974000000001,2090.0320000000002,2369.8017,7284.1369000000004,4669.7686000000003,1575.6686999999999,390.26299999999998,630.94359999999995,17.492999999999999,-4914.3352000000004,-589.38720000000001,-717.00379999999996,-3607.9441000000002,-98.837000000000003,624.82849999999996,13.9001,288.30349999999999,16.433299999999999,10.496700000000001,5.8502000000000001,19.125900000000001,0.84189999999999998,20.129300000000001,6.8639000000000001,14.8492,3.7400000000000003E-2,1.1296999999999999,187.56790000000001,23.557700000000001,15.6952,4.65E-2,-723.66549999999995,-144.7621,-117.6007,-15.6639,-8.7995000000000001,-7.2808000000000002,-199.8569,-12.446400000000001,-24.432600000000001,-47.778799999999997,-8.9639000000000006,-3.786,-34.988100000000003,-56.336300000000001,-24.2715,-14.716200000000001,-1.982,-181.096,3.2717999999999998,0.4753,1.7141,0.8327,0.24970000000000001,-184.36779999999999,-171.50120000000001,0,-12.819100000000001,-4.7500000000000001E-2,0.1633,36.314100000000003,-36.150799999999997,2.4220999999999999,3.8555999999999999,-1.4335,-367.85669999999999,53.720599999999997,54.9527,52.168500000000002,0.3795,2.4047000000000001,-1.2321,-2.3E-3,-0.13489999999999999,-1.0949,-371.35789999999997,227.733,60.448300000000003,39.254600000000003,16.892800000000001,111.1373,-599.09090000000003,-127.4813,-235.41040000000001,-21.1602,-215.03899999999999,26.564900000000002,175.4289,42.767499999999998,0.21929999999999999,132.44210000000001,-148.864,-69.978700000000003,0,-78.885300000000001,-107.98909999999999,-7.0199999999999999E-2,0,31.274999999999999,0,75.14
2021-06,556.57569999999998,1217.3493000000001,1798.1556,7678.8432000000003,5025.7294000000002,1561.4883,474.24650000000003,598.94860000000006,18.430399999999999,-5880.6876000000002,-646.70740000000001,-990.26070000000004,-4243.7195000000002,-307.9726,582.5865,13.5916,288.12369999999999,9.5936000000000003,7.2337999999999996,5.7106000000000003,21.558800000000002,1.2707999999999999,25.825399999999998,14.327299999999999,13.374599999999999,2.7099999999999999E-2,1.3528,143.23509999999999,23.440899999999999,13.9178,2.3E-3,-890.55899999999997,-197.0086,-118.4609,-20.988299999999999,-7.8250000000000002,-6.8658999999999999,-261.44580000000002,-30.301600000000001,-28.778199999999998,-65.510099999999994,-9.0959000000000003,-4.9230999999999998,-30.893699999999999,-86.196799999999996,-11.078900000000001,-9.3123000000000005,-1.8741000000000001,-285.18549999999999,4.2435999999999998,0.66049999999999998,2.2071999999999998,1.1991000000000001,0.17680000000000001,-289.42910000000001,-276.72539999999998,0,-12.284700000000001,-0.41899999999999998,12.351800000000001,46.253900000000002,-33.902099999999997,2.8826999999999998,5.3162000000000003,-2.4335,-663.65609999999992,70.974100000000007,73.403800000000004,65.860100000000003,0.31319999999999998,7.2305000000000001,-2.4297,-5.7000000000000002E-3,0,-2.4239999999999999,-712.54459999999995,394.00150000000002,61.788699999999999,162.59630000000001,70.586100000000002,99.0304,-1106.5461,-98.387,-441.52190000000002,-74.537700000000001,-492.09949999999998,-35.951700000000002,151.8715,50.2849,1.0299,100.55670000000001,-187.82320000000001,-94.568399999999997,-4.08,-89.174800000000005,-109.9935,-9.1999999999999998E-3,-5.1882999999999999,129.05709999999999,0,83.612899999999996
2021-07,523.94809999999995,848.17700000000002,1485.2625,7225.5312999999996,4565.8831,1672.36,342.06560000000002,614.60919999999999,30.613299999999999,-5740.2687999999998,-706.495,-920.49559999999997,-4113.2781000000004,-272.19540000000001,600.755,13.5045,305.00330000000002,14.6839,5.6753,7.4490999999999996,17.658200000000001,0.62760000000000005,26.268599999999999,10.241,14.2652,2.0799999999999999E-2,1.2722,145.78360000000001,22.7196,15.5801,1.8E-3,-872.95039999999995,-180.0883,-124.93,-25.071400000000001,-14.601599999999999,-8.1242999999999999,-252.59,-28.822600000000001,-27.041899999999998,-31.709700000000002,-10.198700000000001,-3.2423999999999999,-35.086399999999998,-77.021500000000003,-13.6319,-39.426900000000003,-1.3627,-384.71589999999998,5.2827999999999999,0.872,2.7309999999999999,1.0343,0.64549999999999996,-389.99869999999999,-374.18090000000001,0,-15.7575,-6.0299999999999999E-2,19.825800000000001,54.408000000000001,-34.5822,8.8742999999999999,11.313700000000001,-2.4394,-333.10340000000002,65.190200000000004,67.648499999999999,64.740899999999996,0.21149999999999999,2.6960999999999999,-2.4582999999999999,-3.8999999999999998E-3,0,-2.4544000000000001,-290.55590000000001,198.99610000000001,9.7238000000000007,108.96469999999999,29.595700000000001,50.7119,-489.55200000000002,-14.7331,-201.00540000000001,-21.051500000000001,-252.762,-132.29220000000001,146.7079,36.31,0.45179999999999998,109.9461,-279.00009999999997,-140.12039999999999,0,-138.87970000000001,-68.522000000000006,0,0,93.076499999999996,0,114.9096
2021-08,-252.3828,77.674000000000007,607.38980000000004,6806.1387999999997,5125.1283000000003,1102.3713,191.8896,361.31020000000001,25.439399999999999,-6198.7489999999998,-952.00850000000003,-1020.0874,-4226.6531000000004,-387.38639999999998,594.3741,12.644299999999999,311.1542,17.4803,6.4218000000000002,4.8642000000000003,20.325099999999999,1.1726000000000001,31.1722,6.2182000000000004,18.510100000000001,4.19E-2,1.3436999999999999,132.51660000000001,16.221,14.281000000000001,6.8999999999999999E-3,-981.76049999999998,-186.65649999999999,-134.9708,-25.187999999999999,-14.9909,-6.2899000000000003,-296.20409999999998,-24.648199999999999,-30.190300000000001,-49.199300000000001,-10.824199999999999,-5.4154999999999998,-40.773200000000003,-89.553100000000001,-28.7407,-36.904600000000002,-1.2115,-147.6345,3.5661999999999998,0.15659999999999999,2.3567999999999998,0.77810000000000001,0.2747,-151.20070000000001,-137.5823,0,-13.479900000000001,-0.13850000000000001,5.3051000000000004,39.663899999999998,-34.358800000000002,19.2514,21.9954,-2.7440000000000002,-349.3082,55.874400000000001,57.761699999999998,53.6693,0.35659999999999997,3.7357999999999998,-1.8873,-3.3E-3,0,-1.8839999999999999,-255.50319999999999,253.29570000000001,33.9011,37.5824,37.948399999999999,143.8638,-508.7989,-26.923300000000001,-185.24870000000001,-24.028300000000002,-272.59859999999998,-89.368899999999996,144.8655,42.6631,1.1741999999999999,101.0282,-234.23439999999999,-142.48060000000001,0,-91.753799999999998,-142.46109999999999,0,0,82.150599999999997,0,114.90009999999999
2021-09,-998.50220000000002,-691.14829999999995,316.17840000000001,6306.8568999999998,4982.7262000000001,996.65750000000003,159.64410000000001,140.53129999999999,27.297899999999998,-5990.6785,-860.12,-856.71659999999997,-4273.8419999999996,-557.44039999999995,548.70270000000005,11.286199999999999,287.40940000000001,11.2835,4.8678999999999997,4.0716999999999999,18.944299999999998,0.82379999999999998,27.578700000000001,8.5579000000000001,12.5947,4.6300000000000001E-2,0.3957,124.63630000000001,17.259899999999998,18.910699999999999,3.5799999999999998E-2,-1106.1431,-213.0069,-156.23320000000001,-26.276900000000001,-10.3019,-6.2835000000000001,-351.46899999999999,-27.3764,-33.9527,-66.0625,-10.526899999999999,-1.3546,-64.695800000000006,-86.887100000000004,-15.121,-34.617699999999999,-1.9767999999999999,-436.1669,3.8369,0.59309999999999996,2.2967,0.79239999999999999,0.1547,-440.00380000000001,-427.10160000000002,0,-12.866300000000001,-3.5900000000000001E-2,-13.7194,40.083399999999997,-53.802799999999998,11.255800000000001,13.432,-2.1762000000000001,-318.6096,84.502399999999994,88.2333,82.239900000000006,0.20519999999999999,5.7881999999999998,-3.7309000000000001,-3.2000000000000002E-3,-1.44E-2,-3.7132999999999998,-468.29629999999997,106.7025,15.060600000000001,40.793599999999998,12.0923,38.756,-574.99879999999996,-33.504600000000003,-274.36599999999999,-22.4861,-244.6421,-119.5299,139.58519999999999,36.251600000000003,0.35580000000000001,102.9778,-259.11509999999998,-151.18020000000001,0,-107.9349,77.797399999999996,0,0,106.91679999999999,0,94.393900000000002
2021-10,119.51049999999999,583.27459999999996,1373.5931,5928.6583000000001,4767.3603000000003,901.70370000000003,133.81219999999999,101.3888,24.3933,-4555.0652,-544.52679999999998,-357.59440000000001,-3652.9441000000002,-595.29100000000005,489.19659999999999,14.3781,257.37849999999997,9.6148000000000007,3.7057000000000002,5.9968000000000004,20.669899999999998,0.93989999999999996,20.975000000000001,8.8501999999999992,11.5928,6.2100000000000002E-2,0.84050000000000002,99.587400000000002,18.9526,15.59,6.25E-2,-1084.4875999999999,-238.76580000000001,-126.35120000000001,-22.781099999999999,-20.239000000000001,-5.1736000000000004,-307.26089999999999,-41.864899999999999,-34.0002,-53.060200000000002,-11.5975,-1.7521,-102.27,-70.764099999999999,-26.237200000000001,-21.020900000000001,-1.349,-174.9006,4.3548999999999998,0.64980000000000004,2.3544,0.99239999999999995,0.35830000000000001,-179.25550000000001,-164.95359999999999,-0.65259999999999996,-13.5565,-9.2799999999999994E-2,-20.126899999999999,38.8508,-58.977699999999999,3.9308999999999998,4.0372000000000003,-0.10630000000000001,-467.69499999999999,69.72,72.125600000000006,67.479200000000006,0.19719999999999999,4.4492000000000003,-2.4056000000000002,-3.0999999999999999E-3,-0.15129999999999999,-2.2511999999999999,-455.23270000000002,76.253500000000003,19.041499999999999,34.869100000000003,8.4878999999999998,13.855,-531.48620000000005,-55.586500000000001,-138.48750000000001,-21.573699999999999,-315.83850000000001,-123.6861,122.0074,30.218299999999999,0.64749999999999996,91.141599999999997,-245.6935,-150.4256,0,-95.267899999999997,-77.846599999999995,0,0,119.35039999999999,0,138.72739999999999
2021-11,-1859.5773999999999,-1126.0345,-116.8807,5623.1776,4718.9889999999996,656.97640000000001,84.823899999999995,142.91679999999999,19.471299999999999,-5740.0582999999997,-613.2287,-766.97630000000004,-4359.8532999999998,-754.38580000000002,564.23620000000005,25.7303,310.39690000000002,8.2228999999999992,4.1764999999999999,5.3343999999999996,19.482199999999999,1.5188999999999999,26.002400000000002,5.7466999999999997,12.6008,2.9399999999999999E-2,0.71350000000000002,114.02249999999999,9.1532999999999998,21.058,4.7600000000000003E-2,-1318.6220000000001,-307.79829999999998,-163.62620000000001,-30.7042,-11.0648,-8.2135999999999996,-361.63069999999999,-73.627600000000001,-40.308799999999998,-89.859899999999996,-12.5588,-1.2419,-54.0884,-106.2581,-41.486199999999997,-13.687900000000001,-2.4666999999999999,-254.3929,4.4725000000000001,0.77810000000000001,2.5819000000000001,0.96909999999999996,0.1434,-258.86540000000002,-241.0684,-6.5026000000000002,-11.256500000000001,-3.7900000000000003E-2,-0.37509999999999999,39.1723,-39.547400000000003,6.0476000000000001,6.1059000000000001,-5.8299999999999998E-2,-739.59080000000006,23.732800000000001,40.954000000000001,36.8294,0.1855,3.9390999999999998,-17.2212,-3.2000000000000002E-3,-0.22500000000000001,-16.992999999999999,-569.70650000000001,253.95320000000001,25.399000000000001,195.233,6.1615000000000002,27.159700000000001,-823.65970000000004,-101.6161,-260.5908,-65.686199999999999,-395.76659999999998,-198.9502,127.2724,36.887,1.4911000000000001,88.894300000000001,-326.2226,-186.53120000000001,-5,-134.69139999999999,-187.35220000000001,0,0,192.68530000000001,0,144.73599999999999
2021-12,-452.4649,6.2054,1060.1599000000001,6741.2888999999996,5530.7764999999999,848.06709999999998,84.157600000000002,255.28970000000001,22.998100000000001,-5681.1289999999999,-695.4633,-564.61469999999997,-4421.0510000000004,-713.59259999999995,680.26790000000005,28.5305,364.33550000000002,18.107099999999999,6.8315000000000001,4.2214999999999998,21.117899999999999,2.4788000000000001,24.231000000000002,21.5764,18.3339,0.2165,1.5134000000000001,135.41980000000001,15.007999999999999,18.344000000000001,1.9E-3,-1393.8605,-311.89030000000002,-192.51070000000001,-29.382999999999999,-31.8095,-10.5059,-392.3888,-86.490600000000001,-44.501899999999999,-70.017899999999997,-13.611599999999999,-0.85260000000000002,-81.651799999999994,-87.346500000000006,-19.926500000000001,-18.302700000000002,-2.6703999999999999,-333.22160000000002,4.5274000000000001,1.1870000000000001,2.0488,1.1469,0.1447,-337.74900000000002,-256.53969999999998,-62.8339,-18.3428,-3.2599999999999997E-2,-7.1402999999999999,59.027200000000001,-66.167500000000004,9.0046999999999997,10.492699999999999,-1.488,-467.67499999999995,70.437600000000003,73.350999999999999,70.762200000000007,0.376,2.2128000000000001,-2.9134000000000002,-4.4999999999999997E-3,0,-2.9089,-575.65129999999999,264.3596,43.242899999999999,186.29419999999999,1.7942,33.028300000000002,-840.01089999999999,-228.48330000000001,-158.43129999999999,-76.926500000000004,-376.16980000000001,-91.622900000000001,160.73949999999999,51.256700000000002,0.70179999999999998,108.78100000000001,-252.36240000000001,-185.2919,0,-67.070499999999996,-129.886,0,-4,263.04759999999999,0,207.5504
2022-01,-485.99430000000001,126.0385,1100.9954,6119.9539000000004,4888.5644000000002,968.50390000000004,103.0822,141.0652,18.738299999999999,-5018.9584999999997,-553.20609999999999,-511.21260000000001,-3954.5398,-680.63170000000002,616.71410000000003,26.99,323.89179999999999,11.768599999999999,14.124700000000001,6.1048999999999998,17.922999999999998,1.2593000000000001,21.730699999999999,11.1386,18.974,0.2054,1.163,132.06030000000001,11.725,17.6416,1.3100000000000001E-2,-1297.3457000000001,-398.70760000000001,-139.4931,-20.052099999999999,-11.004099999999999,-4.0403000000000002,-375.35489999999999,-43.197699999999998,-40.856000000000002,-49.8598,-9.5520999999999994,-3.8702000000000001,-63.838000000000001,-74.501099999999994,-39.613799999999998,-21.105,-2.2999000000000001,-314.57150000000001,5.4404000000000003,0.53449999999999998,2.7907000000000002,0.88360000000000005,1.2316,-320.01190000000003,-307.05669999999998,-8.2400000000000001E-2,-12.865500000000001,-7.3000000000000001E-3,20.246300000000002,40.578299999999999,-20.332000000000001,1.1747000000000001,3.7765,-2.6017999999999999,-613.20769999999993,64.126999999999995,66.538700000000006,61.416400000000003,0.2853,4.8369999999999997,-2.4117000000000002,-3.5000000000000001E-3,0,-2.4081999999999999,-489.82369999999997,114.01600000000001,23.378499999999999,68.491100000000003,2.7980999999999998,19.348299999999998,-603.83969999999999,-18.340199999999999,-206.16800000000001,-47.719099999999997,-331.61239999999998,-188.0752,140.9417,48.231900000000003,0.46150000000000002,92.2483,-329.01690000000002,-192.3278,0,-136.6891,-19.198699999999999,6.3200000000000006E-2,-1,20.6997,0,198.7354
2022-02,-503.78590000000003,-76.272000000000006,905.59609999999998,5594.9093999999996,4166.04,1061.9348,113.9402,227.2552,25.7393,-4689.3132999999998,-464.32389999999998,-755.91150000000005,-3469.0779000000002,-628.6771,567.16179999999997,17.834299999999999,303.46789999999999,14.1028,5.4398999999999997,7.2252999999999998,14.72,0.79849999999999999,23.179500000000001,27.028300000000002,17.1004,9.0999999999999998E-2,0.69110000000000005,108.8112,12.059200000000001,14.588699999999999,2.3900000000000001E-2,-1195.8389,-421.53039999999999,-132.74520000000001,-16.634899999999998,-20.496300000000002,-4.9701000000000004,-292.98039999999997,-40.365499999999997,-44.1586,-53.707000000000001,-11.9407,0,-49.596899999999998,-70.891000000000005,-21.000299999999999,-13.002700000000001,-1.8188,-318.44279999999998,2.4554,0.51129999999999998,0.81850000000000001,0.98680000000000001,0.13880000000000001,-320.89819999999997,-308.31700000000001,-1.5,-11.0334,-4.7800000000000002E-2,-34.748199999999997,40.449399999999997,-75.197599999999994,8.6232000000000006,13.646800000000001,-5.0236000000000001,-436.1373999999999,48.186799999999998,49.971699999999998,48.012,0.60960000000000003,1.3501000000000001,-1.7848999999999999,-3.3999999999999998E-3,-0.02,-1.7615000000000001,-378.9665,154.82939999999999,48.857199999999999,75.230900000000005,6.2473000000000001,24.494,-533.79589999999996,-108.24420000000001,-125.2439,-17.206099999999999,-283.10169999999999,-138.7038,124.0445,54.860300000000002,0.61719999999999997,68.566999999999993,-262.74829999999997,-193.9821,0,-68.766199999999998,-88.605900000000005,0,-2.5499999999999998,124.502,0,202.95490000000001
2022-03,-26.9146,676.54049999999995,1852.7197000000001,8023.3325000000004,6098.6665000000003,1264.2822000000001,265.36599999999999,368.84410000000003,26.1737,-6170.6127999999999,-595.32889999999998,-1048.6667,-4526.6172999999999,-918.48310000000004,655.08230000000003,41.686199999999999,349.22059999999999,12.772,7.1734999999999998,4.8879999999999999,19.831099999999999,2.4068999999999998,23.836400000000001,12.4979,24.901800000000001,4.5100000000000001E-2,1.0034000000000001,127.2405,13.9489,13.5947,3.5299999999999998E-2,-1573.5653,-472.90480000000002,-175.30709999999999,-24.6145,-106.31,-5.76,-360.96510000000001,-88.023099999999999,-81.401799999999994,-68.477800000000002,-12.064399999999999,-0.73229999999999995,-45.813299999999998,-89.923299999999998,-19.385300000000001,-19.792100000000001,-2.0903999999999998,-245.48560000000001,4.3788999999999998,0.2243,1.5207999999999999,1.3363,1.2975000000000001,-249.86449999999999,-236.90520000000001,-0.40260000000000001,-12.5343,-2.24E-2,-12.2105,34.154800000000002,-46.365299999999998,5.0774999999999997,8.4075000000000006,-3.33,-708.53269999999998,88.935299999999998,90.773799999999994,86.731800000000007,0.4738,3.5682,-1.8385,-3.5999999999999999E-3,0,-1.8349,-722.20809999999994,411.31569999999999,276.04689999999999,80.788600000000002,4.6460999999999997,49.834099999999999,-1133.5237999999999,-36.564700000000002,-599.95240000000001,-34.083300000000001,-462.92340000000002,-19.123699999999999,258.024,77.420599999999993,1.1266,179.4768,-277.14769999999999,-177.1131,0,-100.0346,-210.74870000000001,0,-4,158.61250000000001,0,314.0607
2022-04,-201.4709,309.58999999999997,1403.1717000000001,7393.2655000000004,5883.8321999999998,1016.2207,139.99270000000001,313.8931,39.326799999999999,-5990.0937999999996,-593.15920000000006,-786.46759999999995,-4610.4669999999996,-865.21360000000004,590.99300000000005,36.141800000000003,295.28579999999999,9.9117999999999995,9.1758000000000006,4.6390000000000002,16.903400000000001,1.0649,23.227399999999999,12.1469,11.543200000000001,7.2800000000000004E-2,0.25900000000000001,127.4209,23.625299999999999,19.532599999999999,4.2299999999999997E-2,-1456.2066,-437.46809999999999,-164.0754,-18.6816,-24.060099999999998,-9.9222999999999999,-337.62130000000002,-107.0124,-100.1717,-70.959500000000006,-11.6388,-2.2040000000000002,-51.589300000000001,-73.281099999999995,-15.6852,-30.4863,-1.3496999999999999,-228.78870000000001,6.4825999999999997,0.16159999999999999,5.0278,0.92390000000000005,0.36930000000000002,-235.2713,-222.32599999999999,0,-12.8986,-4.6699999999999998E-2,0.42059999999999997,44.239199999999997,-43.818600000000004,3.6789999999999998,5.7005999999999997,-2.0215999999999998,-514.73979999999995,53.8048,55.833300000000001,40.359000000000002,0.9526,14.521699999999999,-2.0285000000000002,-2.3999999999999998E-3,-0.1527,-1.8734,-409.38400000000001,386.48320000000001,15.6782,322.27539999999999,2.0895000000000001,46.440100000000001,-795.86720000000003,-52.936500000000002,-400.40069999999997,-12.105700000000001,-330.42430000000002,-35.319000000000003,182.43430000000001,37.1248,0.5292,144.78030000000001,-217.7533,-157.37270000000001,0,-60.380600000000001,-169.8963,-8.2000000000000003E-2,-0.25,46.386699999999998,0,236.91820000000001
2022-05,342.20760000000001,900.15,2015.0389,8933.1839999999993,7247.7628999999997,1266.3108,168.09119999999999,229.5548,21.464300000000001,-6918.1450999999997,-558.40049999999997,-767.5675,-5592.1770999999999,-861.93539999999996,680.79449999999997,35.152099999999997,364.0204,12.531700000000001,8.5820000000000007,4.7423000000000002,22.0063,2.3027000000000002,26.31,13.700200000000001,37.4773,0.1033,0.75780000000000003,117.78060000000001,18.459900000000001,16.8566,1.1299999999999999E-2,-1542.7299,-476.00330000000002,-170.47300000000001,-22.248699999999999,-20.782499999999999,-5.9101999999999997,-353.73399999999998,-140.46629999999999,-85.175299999999993,-72.859700000000004,-22.475100000000001,-0.96209999999999996,-41.517099999999999,-74.777799999999999,-31.354500000000002,-21.744299999999999,-2.2462,-263.20310000000001,3.9868000000000001,0.45760000000000001,1.7546999999999999,1.1076999999999999,0.66679999999999995,-267.18990000000002,-253.5145,-1.4263999999999999,-12.242599999999999,-6.4000000000000003E-3,10.249599999999999,49.769300000000001,-39.5197,1.2975000000000001,3.7867000000000002,-2.4891999999999999,-559.23950000000002,39.385100000000001,42.613500000000002,36.677900000000001,0.39879999999999999,5.5368000000000004,-3.2284000000000002,-2.5999999999999999E-3,0,-3.2258,-529.20330000000001,318.72399999999999,31.2515,127.21850000000001,44.415199999999999,115.83880000000001,-847.92729999999995,-110.46810000000001,-270.94720000000001,-6.1752000000000002,-460.33679999999998,-23.168199999999999,170.60249999999999,48.4711,0.97189999999999999,121.15949999999999,-193.77070000000001,-143.1576,0,-50.613100000000003,-133.74189999999999,0,-15.501300000000001,102.9901,0,282.44310000000002
2022-06,191.4025,578.76700000000005,1677.6193000000001,8262.6260000000002,6742.6932999999999,1119.934,235.3442,126.3139,38.340600000000002,-6585.0066999999999,-470.4941,-867.66819999999996,-5246.8444,-887.31240000000003,674.28520000000003,38.791899999999998,370.1936,9.5266999999999999,9.5591000000000008,3.8311000000000002,18.582100000000001,3.2090999999999998,23.674199999999999,14.822100000000001,29.3277,6.8599999999999994E-2,1.0059,120.66540000000001,17.573499999999999,13.4382,1.6E-2,-1561.5976000000001,-547.40449999999998,-156.41730000000001,-12.8687,-16.494599999999998,-6.3392999999999997,-354.76900000000001,-149.386,-108.53019999999999,-62.406599999999997,-11.8955,-3.2913999999999999,-35.657400000000003,-57.873100000000001,-14.126799999999999,-21.8794,-2.2576999999999998,-212.2199,5.4641999999999999,0.84530000000000005,2.5438999999999998,1.6781999999999999,0.39679999999999999,-217.6841,-204.56110000000001,-0.34410000000000002,-12.7659,-1.2999999999999999E-2,0.68,52.932200000000002,-52.252200000000002,2.0070000000000001,5.0141999999999998,-3.0072000000000001,-389.3716,34.953899999999997,36.946100000000001,33.867800000000003,0.85040000000000004,2.2279,-1.9922,-3.8E-3,0,-1.9883999999999999,-289.0865,398.96210000000002,57.534500000000001,69.134299999999996,58.811799999999998,213.48150000000001,-688.04859999999996,-86.917400000000001,-168.7799,-44.085799999999999,-388.26549999999997,-68.316699999999997,174.1292,42.654200000000003,0.92559999999999998,130.54939999999999,-242.44589999999999,-180.13800000000001,0,-62.307899999999997,-188.80170000000001,0.1012,-6.9598000000000004,128.738,0,249.0292
2022-07,-1237.8371999999999,-739.11839999999995,689.24310000000003,7239.6671999999999,6056.5132999999996,713.57420000000002,76.768500000000003,366.37479999999999,26.436399999999999,-6550.4241000000002,-413.50729999999999,-937.88070000000005,-5199.0361000000003,-1065.3052,569.66279999999995,33.551000000000002,300.60509999999999,8.0068000000000001,9.6655999999999995,5.6271000000000004,15.427899999999999,3.6472000000000002,24.569400000000002,8.5291999999999994,11.501099999999999,9.8000000000000004E-2,1.3233999999999999,110.8107,19.4879,16.805399999999999,7.0000000000000001E-3,-1634.9679000000001,-627.31299999999999,-94.981399999999994,-21.6265,-32.607199999999999,-4.6500000000000004,-408.52289999999999,-166.6369,-80.599999999999994,-52.268000000000001,-10.2578,-4.3625999999999996,-44.450299999999999,-47.538400000000003,-7.7149000000000001,-29.054400000000001,-2.3837000000000002,-371.34730000000002,9.4419000000000004,4.0869999999999997,2.8976000000000002,2.0581999999999998,0.39910000000000001,-380.78919999999999,-360.03070000000002,-2.5259,-18.197199999999999,-3.5400000000000001E-2,8.2910000000000004,47.174999999999997,-38.884,-2.3064,12.521800000000001,-14.828200000000001,-496.41219999999998,45.306399999999996,48.612099999999998,42.671700000000001,0.69259999999999999,5.2477999999999998,-3.3056999999999999,-2.2000000000000001E-3,0,-3.3035000000000001,-457.17140000000001,437.85599999999999,113.99760000000001,87.720600000000005,87.061000000000007,149.07679999999999,-895.02739999999994,-151.58150000000001,-185.58260000000001,-18.960100000000001,-538.90319999999997,-179.1551,186.7182,66.283199999999994,0.50460000000000005,119.93040000000001,-365.87329999999997,-266.1764,0,-99.696899999999999,-66.516099999999994,-1.4500000000000001E-2,0,161.13849999999999,0,367.55040000000002
2022-08,-737.51,-62.7879,1344.6333999999999,7541.4192999999996,6492.8240999999998,716.49059999999997,75.502300000000005,218.4023,38.200000000000003,-6196.7858999999999,-450.41210000000001,-909.44219999999996,-4836.9315999999999,-1057.3780999999999,678.91959999999995,31.093900000000001,343.96210000000002,12.2532,8.6537000000000006,8.9296000000000006,16.583200000000001,6.4981999999999998,23.302,8.7965,85.186700000000002,2.06E-2,1.3804000000000001,104.4722,16.3917,11.326000000000001,6.9599999999999995E-2,-1736.2977000000001,-626.62059999999997,-136.66050000000001,-23.851700000000001,-14.0769,-5.3211000000000004,-399.91370000000001,-168.61199999999999,-133.83240000000001,-50.767800000000001,-12.837400000000001,-0.57999999999999996,-28.266100000000002,-77.228099999999998,-31.576000000000001,-23.823699999999999,-2.3296000000000001,-348.46859999999998,3.8742000000000001,0.99180000000000001,1.0085999999999999,1.3922000000000001,0.48159999999999997,-352.34280000000001,-337.94819999999999,-0.40570000000000001,-13.9503,-3.8600000000000002E-2,-1.5746,42.719799999999999,-44.294400000000003,8.3422000000000001,12.0314,-3.6892,-683.06439999999998,38.299100000000003,41.669400000000003,32.076799999999999,0.36309999999999998,9.2294999999999998,-3.3702999999999999,-9.8000000000000004E-2,0,-3.2723,-501.53629999999998,444.44619999999998,104.1842,99.081800000000001,121.76909999999999,119.4111,-945.98249999999996,-68.349699999999999,-281.36829999999998,-29.1098,-567.15470000000005,-186.37029999999999,141.13390000000001,43.785699999999999,0.314,97.034199999999998,-327.50420000000003,-273.40620000000001,0,-54.097999999999999,-192.65940000000001,2.2862,0,156.91630000000001,0,343.05239999999998
2022-09,5132.1198000000004,5577.9856,6948.0883999999996,12891.385,5546.1720999999998,4567.1818999999996,112.5538,2636.1914000000002,29.285799999999998,-5943.2965999999997,-409.91309999999999,-607.22889999999995,-4926.1547,-1074.5219999999999,611.63530000000003,38.415100000000002,305.14690000000002,8.8213000000000008,9.4276,6.1395,15.3116,4.4516,22.495000000000001,4.8419999999999996,61.467599999999997,9.8100000000000007E-2,3.0013000000000001,100.9735,17.422599999999999,13.6173,4.4000000000000003E-3,-1686.1573000000001,-608.37329999999997,-144.81610000000001,-15.477499999999999,-8.2798999999999996,-5.7718999999999996,-414.27260000000001,-160.4051,-112.6935,-65.410300000000007,-8.8786000000000005,-3.2360000000000002,-30.036100000000001,-63.191299999999998,-20.147600000000001,-22.115300000000001,-3.0522,-286.65320000000003,5.4638,1.3402000000000001,2.4622000000000002,1.4503999999999999,0.21099999999999999,-292.11700000000002,-276.89530000000002,-0.31380000000000002,-14.8962,-1.17E-2,-8.9276,41.343499999999999,-50.271099999999997,-2.1505999999999998,2.0329999999999999,-4.1836000000000002,-443.71500000000003,41.743000000000002,44.391300000000001,40.313099999999999,0.99150000000000005,3.0867,-2.6482999999999999,-2.8999999999999998E-3,0,-2.6454,-296.08170000000001,494.4479,94.161299999999997,71.064700000000002,146.7441,182.4778,-790.52959999999996,-56.214399999999998,-163.15129999999999,-52.088799999999999,-519.07510000000002,-107.30459999999999,139.39089999999999,32.460099999999997,0.14030000000000001,106.79049999999999,-246.69550000000001,-201.63200000000001,0,-45.063499999999998,-254.06309999999999,-0.3483,0,172.33969999999999,0,378.63830000000002
2022-10,-1074.2582,-613.97569999999996,363.16609999999997,4890.2848999999997,4335.0798000000004,350.61180000000002,80.798699999999997,105.0406,18.754000000000001,-4527.1188000000002,-215.09190000000001,-342.6746,-3969.3523,-791.0018,609.96870000000001,44.695,333.8845,8.5962999999999994,7.8270999999999997,4.0719000000000003,15.5777,4.7582000000000004,23.0898,7.0369999999999999,18.7516,7.9399999999999998E-2,0.5282,108.7162,12.5939,19.7517,1.0200000000000001E-2,-1400.9704999999999,-482.7568,-102.7773,-23.580100000000002,-5.9652000000000003,-4.3292000000000002,-406.60660000000001,-137.5128,-76.854100000000003,-35.299300000000002,-4.4923999999999999,-1.5582,-21.878799999999998,-47.368200000000002,-25.4512,-21.222799999999999,-3.3176000000000001,-174.60210000000001,5.9233000000000002,1.4105000000000001,3.1236000000000002,1.2771999999999999,0.112,-180.52539999999999,-164.5027,-1,-15.015499999999999,-7.1999999999999998E-3,-11.5379,36.581299999999999,-48.119199999999999,4.4257,5.9894999999999996,-1.5638000000000001,-464.70799999999997,39.263399999999997,41.921399999999998,39.622300000000003,0.26619999999999999,2.0329000000000002,-2.6579999999999999,-2.7000000000000001E-3,0,-2.6553,-448.81740000000002,721.39089999999999,17.317900000000002,413.53640000000001,101.777,188.75960000000001,-1170.2083,-26.581499999999998,-616.5575,-31.631,-495.43830000000003,14.715299999999999,201.82570000000001,30.076599999999999,0.61770000000000003,171.13140000000001,-187.1104,-129.49850000000001,0,-57.611899999999999,-182.14769999999999,-1.0577000000000001,0,113.3361,0,358.59910000000002
2022-11,-1185.6507999999999,-555.76319999999998,359.09359999999998,5918.8918999999996,4790.0936000000002,758.77269999999999,89.485399999999998,264.12209999999999,16.418099999999999,-5559.7983000000004,-237.5522,-170.95259999999999,-5151.2934999999998,-610.18370000000004,617.26919999999996,56.2485,338.02800000000002,8.2529000000000003,13.7843,4.0517000000000003,16.857399999999998,4.6501999999999999,20.8687,3.5394999999999999,12.863899999999999,8.9999999999999993E-3,0.57830000000000004,106.3719,13.1881,17.9163,6.08E-2,-1227.453,-424.19049999999999,-108.41540000000001,-28.327000000000002,-2.5261999999999998,-6.391,-355.62479999999999,-106.73180000000001,-76.375,-5.5187999999999997,-0.20330000000000001,-1.5842000000000001,-32.430599999999998,-25.103899999999999,-37.108699999999999,-13.0183,-3.9034,-302.17140000000001,5.0148000000000001,1.7226999999999999,1.4073,1.4578,0.42699999999999999,-307.18619999999999,-291.9812,-1.7573000000000001,-13.440200000000001,-7.4999999999999997E-3,-2.5017,52.361600000000003,-54.863300000000002,0.87629999999999997,1.8426,-0.96630000000000005,-630.76380000000006,34.067100000000003,39.6126,34.327500000000001,3.1549999999999998,2.1301000000000001,-5.5454999999999997,-2.5999999999999999E-3,-0.2,-5.3429000000000002,-618.24639999999999,382.91309999999999,12.736800000000001,92.287400000000005,99.745099999999994,178.1438,-1001.1595,-127.6876,-321.11649999999997,-94.882400000000004,-457.47300000000001,56.440800000000003,223.97280000000001,66.084199999999996,0.24010000000000001,157.64850000000001,-167.53200000000001,-119.602,0,-47.93,-190.0266,-1.2111000000000001,-0.5,88.712400000000002,0,262.12889999999999
2022-12,2103.8161,2297.1071000000002,3158.0740999999998,7723.7784000000001,5101.3127000000004,1691.0799,104.76990000000001,807.06299999999999,19.553000000000001,-4565.7043000000003,-303.81180000000001,-158.09899999999999,-4103.7934999999998,-460.83109999999999,784.40009999999995,46.462000000000003,411.70710000000003,9.2506000000000004,17.8994,4.1494999999999997,16.124700000000001,46.582999999999998,23.4742,40.307899999999997,11.6067,0,0.68579999999999997,129.79390000000001,10.6433,15.696099999999999,1.5800000000000002E-2,-1245.2311999999999,-413.54199999999997,-161.1456,-21.115300000000001,-4.4534000000000002,-8.8407,-298.7491,-94.421700000000001,-94.633200000000002,-7.7697000000000003,-1.0377000000000001,-1.4430000000000001,-32.252200000000002,-32.312100000000001,-24.237400000000001,-45.773800000000001,-3.5045000000000002,-401.4205,6.9177999999999997,2.4401000000000002,2.0991,2.1726000000000001,0.20599999999999999,-408.3383,-365.19400000000002,-21.923400000000001,-21.215,-5.8999999999999999E-3,1.2846,57.947899999999997,-56.6633,1.1191,3.0916000000000001,-1.9724999999999999,-194.40989999999999,66.187100000000001,68.787700000000001,64.951599999999999,0.56710000000000005,3.2690000000000001,-2.6006,-4.1000000000000003E-3,0,-2.5964999999999998,-159.6936,834.62810000000002,33.223599999999998,455.19459999999998,133.65530000000001,212.55459999999999,-994.32169999999996,-77.397199999999998,-321.57279999999997,-127.0599,-468.29180000000002,95.206599999999995,281.26049999999998,107.7771,1.2497,172.2337,-186.0539,-142.1104,0,-43.9435,-411.83449999999999,-1.2983,-4.6108000000000002,221.6336,0,243.99700000000001
2023-01,-1030.0849000000001,-639.46900000000005,414.15609999999998,4577.1106,3617.0425,529.29960000000005,115.4821,284.3963,30.8902,-4162.9544999999998,-240.77340000000001,-432.78969999999998,-3489.3915000000002,-722.72109999999998,705.24350000000004,83.162000000000006,340.2253,9.3711000000000002,6.9154,8.0434000000000001,15.0482,80.989500000000007,16.818200000000001,4.9310999999999998,17.519400000000001,1.0800000000000001E-2,0.42470000000000002,96.269000000000005,10.915699999999999,14.5741,2.5600000000000001E-2,-1427.9647,-576.38189999999997,-207.4367,-26.5581,-4.2522000000000002,-9.6219999999999999,-253.75819999999999,-89.823999999999998,-90.342600000000004,-24.582699999999999,-8.4797999999999991,-4.6825999999999999,-45.979599999999998,-45.431899999999999,-15.9246,-21.7776,-2.9302999999999999,-342.52659999999997,5.9048999999999996,2.7038000000000002,1.8565,1.2076,0.13700000000000001,-348.43150000000003,-306.84039999999999,-27.184999999999999,-14.4008,-5.3E-3,11.6226,44.745199999999997,-33.122599999999998,-5.3951000000000002,5.5930999999999997,-10.988200000000001,-385.221,51.473500000000001,53.727400000000003,51.699199999999998,0.99570000000000003,1.0325,-2.2538999999999998,-2.5000000000000001E-3,-0.10979999999999999,-2.1415999999999999,-163.0761,611.84169999999995,44.354399999999998,253.6557,103.6403,210.19130000000001,-774.91780000000006,-12.2637,-171.1678,-125.11620000000001,-466.37009999999998,-84.607699999999994,188.64160000000001,39.030200000000001,0.39560000000000001,149.2158,-273.24930000000001,-160.81309999999999,0,-112.4362,-283.50599999999997,-1.6234,0,96.118700000000004,0,228.4853
2023-02,-1081.8869999999999,-457.36509999999998,572.07140000000004,4334.9188999999997,3555.3453,504.07549999999998,179.62430000000001,83.373400000000004,12.500400000000001,-3762.8474999999999,-450.57089999999999,-232.67250000000001,-3079.6041,-603.39800000000002,619.51250000000005,76.066599999999994,307.14159999999998,6.2176999999999998,2.1021000000000001,5.3769,10.9724,49.989899999999999,18.979099999999999,7.7577999999999996,13.3422,3.2899999999999999E-2,0.53110000000000002,97.02,7.5913000000000004,16.3277,6.3399999999999998E-2,-1222.9105,-506.91590000000002,-179.46969999999999,-21.642600000000002,-1.2428999999999999,-8.5216999999999992,-225.19990000000001,-78.544300000000007,-74.091899999999995,-7.5082000000000004,-0.30299999999999999,-6.3700000000000007E-2,-53.341999999999999,-28.849499999999999,-16.260200000000001,-18.3294,-2.6255999999999999,-411.58170000000001,7.3213999999999997,2.3267000000000002,2.9609000000000001,1.4677,0.56610000000000005,-418.90309999999999,-387.78570000000002,-17.033899999999999,-14.0694,-1.41E-2,-14.456799999999999,43.0916,-57.548400000000001,-4.1071999999999997,5.6528999999999998,-9.7600999999999996,-620.41459999999995,58.069800000000001,59.097000000000001,54.1447,0.43219999999999997,4.5201000000000002,-1.0271999999999999,-2.5999999999999999E-3,0,-1.0246,-712.24270000000001,397.81279999999998,20.4499,135.27000000000001,75.636300000000006,166.45660000000001,-1110.0554999999999,-63.702399999999997,-424.40320000000003,-121.1404,-500.80950000000001,-11.782400000000001,204.9616,99.476600000000005,3.0651000000000002,102.4199,-216.744,-152.92580000000001,0,-63.818199999999997,-23.4313,-1.9152,0,70.887200000000007,0,237.85149999999999
2023-03,-2428.4942000000001,-1772.3326999999999,-746.91200000000003,5339.8041000000003,4291.4911000000002,665.70920000000001,212.928,145.16560000000001,24.510300000000001,-6086.7160999999996,-549.63589999999999,-307.34859999999998,-5229.7314999999999,-815.9357,742.59270000000004,97.532700000000006,379.30930000000001,8.4740000000000002,19.4114,7.1783999999999999,15.5213,61.780200000000001,19.111699999999999,6.8932000000000002,8.8247999999999998,1.29E-2,0.71399999999999997,89.019800000000004,12.354900000000001,16.435300000000002,1.89E-2,-1558.5283999999999,-511.02940000000001,-256.70440000000002,-26.0426,-29.382400000000001,-13.045400000000001,-287.82389999999998,-111.5742,-83.653899999999993,-41.6633,-10.3292,-0.76070000000000004,-52.372900000000001,-88.690899999999999,-23.127099999999999,-18.323599999999999,-4.0046999999999997,-234.20939999999999,7.2088000000000001,2.7538,2.6909000000000001,1.6380999999999999,0.126,-241.41820000000001,-214.49039999999999,-12.330299999999999,-14.594900000000001,-2.5999999999999999E-3,24.724399999999999,75.3523,-50.627899999999997,13.539,16.824999999999999,-3.286,-669.70039999999995,37.587600000000002,40.922899999999998,37.936599999999999,0.21690000000000001,2.7694000000000001,-3.3353000000000002,-2.8E-3,-0.04,-3.2925,-530.7962,517.9751,20.463899999999999,126.5094,113.85599999999999,257.14580000000001,-1048.7713000000001,-60.4542,-367.99200000000002,-129.1858,-491.13929999999999,-4.085,234.14670000000001,58.7087,0.74660000000000004,174.69139999999999,-238.23169999999999,-153.4468,0,-84.784899999999993,-437.34129999999999,-2.2702,-4.3323,271.53699999999998,0,289.99509999999998
2023-04,-441.03960000000001,172.2885,902.6386,6299.4342999999999,3963.3155000000002,1451.7824000000001,243.80529999999999,625.97659999999996,14.554399999999999,-5396.7956999999997,-471.94589999999999,-251.0855,-4673.7644,-504.68920000000003,641.91269999999997,87.879300000000001,313.91300000000001,5.4593999999999996,8.7787000000000006,3.9472,10.606199999999999,60.663400000000003,15.516299999999999,2.0264000000000002,8.6929999999999996,3.9199999999999999E-2,1.8281000000000001,94.947699999999998,10.689299999999999,16.819400000000002,0.1062,-1146.6018999999999,-467.55919999999998,-130.98230000000001,-17.445699999999999,-0.61040000000000005,-6.1405000000000003,-192.22540000000001,-120.3022,-44.986600000000003,-55.658299999999997,-0.72550000000000003,-1.1773,-31.1967,-28.392900000000001,-20.297799999999999,-24.288399999999999,-4.6128,-210.28649999999999,6.5438999999999998,3.5762,1.54,1.3329,9.4799999999999995E-2,-216.8304,-200.96799999999999,0,-15.854200000000001,-8.2000000000000007E-3,-15.3744,41.193600000000004,-56.567999999999998,0.40479999999999999,2.0886999999999998,-1.6839,-613.73289999999997,58.6755,62.953400000000002,58.196899999999999,0.86509999999999998,3.8914,-4.2778999999999998,-2.5999999999999999E-3,0,-4.2752999999999997,-458.25069999999999,533.31880000000001,48.349600000000002,93.535499999999999,115.5094,275.92430000000002,-991.56949999999995,-28.286899999999999,-438.1524,-109.833,-415.29719999999998,-404.95150000000001,210.5881,81.453999999999994,0.43290000000000001,128.7012,-615.53959999999995,-156.47110000000001,-1.9,-457.16849999999999,-31.276199999999999,-1.5313000000000001,-1E-4,223.60140000000001,0,215.1343
2023-05,1127.6849999999999,1724.2989,2363.3625999999999,8245.6795999999995,4876.4120000000003,2113.7262000000001,61.5441,1173.4644000000001,20.532800000000002,-5882.317,-318.96100000000001,-233.64850000000001,-5329.7075999999997,-371.17430000000002,697.78269999999998,93.167500000000004,351.67009999999999,9.1941000000000006,13.946899999999999,5.7766999999999999,11.3108,56.577500000000001,16.183199999999999,2.4666000000000001,9.7653999999999996,2.2599999999999999E-2,0.82720000000000005,95.873599999999996,15.7745,15.1837,4.2200000000000001E-2,-1068.9568999999999,-586.16210000000001,-39.873699999999999,-2.7002999999999999,-1.1660999999999999,-8.4467999999999996,-95.075000000000003,-125.0749,-14.8315,-60.302,-2.3147000000000002,-1.1545000000000001,-52.378100000000003,-45.144799999999996,-13.7704,-15.81,-4.7519999999999998,-279.8295,7.8414999999999999,3.1774,2.9434999999999998,1.3801000000000001,0.34050000000000002,-287.67099999999999,-239.6867,-33.4679,-14.5138,-2.5999999999999999E-3,11.940099999999999,61.295400000000001,-49.3553,6.3060999999999998,9.1902000000000008,-2.8841000000000001,-602.91970000000003,53.296999999999997,56.386499999999998,53.779600000000002,0.32740000000000002,2.2795000000000001,-3.0895000000000001,-2E-3,-5.6000000000000001E-2,-3.0314999999999999,-587.60450000000003,430.57319999999999,31.631499999999999,180.3545,84.641499999999994,133.94569999999999,-1018.1777,-140.7698,-291.72329999999999,-113.5236,-472.161,-85.417599999999993,177.0727,78.2286,0.1061,98.738,-262.49029999999999,-157.96299999999999,0,-104.5273,-185.58269999999999,5.3898999999999999,-26.331700000000001,223.32990000000001,0,237.3261
2023-06,-1725.9276,-1569.0628999999999,-921.05160000000001,5209.3459999999995,4235.2551999999996,454.04160000000002,65.095299999999995,440.75189999999998,14.202,-6130.3976000000002,-333.85759999999999,-264.60610000000003,-5531.9337999999998,-363.15440000000001,674.86120000000005,89.937799999999996,338.67090000000002,9.1951999999999998,7.4314999999999998,5.8310000000000004,10.0425,53.46,17.444900000000001,3.3919000000000001,10.7065,0.23219999999999999,0.70509999999999995,102.0063,12.1602,13.616899999999999,2.8299999999999999E-2,-1038.0155999999999,-560.78430000000003,-57.981699999999996,-4.0907999999999998,-5.2385999999999999,-6.7981999999999996,-48.564900000000002,-127.3981,-26.307200000000002,-47.252299999999998,-2.6968000000000001,-1.5667,-53.741,-45.8474,-17.504200000000001,-25.584800000000001,-6.6584000000000003,-283.73140000000001,8.7685999999999993,3.8315000000000001,2.1871,1.8797999999999999,0.87019999999999997,-292.5,-261.4203,-17.000499999999999,-14.063499999999999,-1.5699999999999999E-2,-1.1254999999999999,47.295200000000001,-48.420699999999997,-3.4596,1.6419999999999999,-5.1016000000000004,-153.4051,219.999,226.83199999999999,222.39750000000001,1.5073000000000001,2.9272,-6.8330000000000002,-4.7000000000000002E-3,-0.01,-6.8182999999999998,-296.38369999999998,824.06089999999995,38.392600000000002,520.56119999999999,97.063999999999993,168.04310000000001,-1120.4446,-192.53399999999999,-265.66160000000002,-123.6063,-538.64269999999999,-3.2503000000000002,241.68090000000001,103.38979999999999,8.2500000000000004E-2,138.20859999999999,-244.93119999999999,-174.01179999999999,-2.2000000000000002,-68.719399999999993,-163.3467,-7.7299999999999994E-2,-63.1706,152.8245,0,287.57049999999998
2023-07,-484.0598,300.78059999999999,984.50329999999997,5563.8086999999996,4026.8721,922.24130000000002,135.35550000000001,421.21600000000001,58.123699999999999,-4579.3054000000002,-295.2715,-136.6292,-4147.4047,-329.1995,652.94230000000005,111.6635,304.72109999999998,9.8848000000000003,7.3373999999999997,17.679200000000002,9.2403999999999993,50.9878,12.8858,0.73729999999999996,7.9298999999999999,6.6600000000000006E-2,1.4263999999999999,89.282600000000002,10.2188,18.794699999999999,8.6199999999999999E-2,-982.14179999999999,-574.46870000000001,-66.833399999999997,-7.4076000000000004,-1.7655000000000001,-7.9390999999999998,-35.109099999999998,-125.5146,-28.4666,-19.681999999999999,-0.78690000000000004,-4.7328999999999999,-28.886500000000002,-43.453800000000001,-8.1218000000000004,-24.736499999999999,-4.2370000000000001,-366.34460000000001,7.4988000000000001,3.4416000000000002,2.3315000000000001,1.4447000000000001,0.28100000000000003,-373.84339999999997,-318.24299999999999,-35.316699999999997,-20.263100000000001,-2.06E-2,11.821400000000001,57.089599999999997,-45.2682,4.8346999999999998,7.7542999999999997,-2.9196,-789.67529999999999,45.256300000000003,46.906100000000002,44.323700000000002,0.78100000000000003,1.8013999999999999,-1.6497999999999999,-2E-3,0,-1.6477999999999999,-394.94819999999999,506.31060000000002,44.1755,181.0958,107.2757,173.7636,-901.25879999999995,-121.7253,-139.56909999999999,-108.2908,-531.67359999999996,-199.93100000000001,427.63170000000002,55.983899999999998,1.2061999999999999,370.44159999999999,-627.56269999999995,-177.14660000000001,-8.4,-442.01609999999999,-465.21910000000003,-2.6395,-16.7714,244.57759999999999,0,270.63170000000002
2023-08,936.82069999999999,554.52099999999996,1292.2929999999999,5387.7546000000002,3761.3593999999998,1065.0912000000001,97.301400000000001,438.48860000000002,25.514099999999999,-4095.4616000000001,-213.39019999999999,-229.51400000000001,-3652.5574000000001,-343.23820000000001,665.76660000000004,110.2174,321.66090000000003,14.3027,9.0714000000000006,4.9790000000000001,6.9749999999999996,69.499300000000005,15.179600000000001,2.6936,10.354799999999999,9.5399999999999999E-2,1.4212,75.718900000000005,7.3029999999999999,16.286899999999999,7.7999999999999996E-3,-1009.0048,-613.52710000000002,-49.769799999999996,-2.7694000000000001,-5.4324000000000003,-18.093800000000002,-41.543999999999997,-114.3302,-26.1934,-6.8813000000000004,-8.0222999999999995,-1.2104999999999999,-36.888500000000001,-33.168500000000002,-17.706499999999998,-29.668099999999999,-3.7989999999999999,-393.24939999999998,6.6222000000000003,2.9533,2.121,1.2608999999999999,0.28699999999999998,-399.8716,-385.1191,0,-14.7499,-2.5999999999999999E-3,-1.2844,47.448599999999999,-48.732999999999997,2.3325,15.419700000000001,-13.087199999999999,379.96730000000002,68.662999999999997,70.599299999999999,68.6982,0.65959999999999996,1.2415,-1.9362999999999999,-4.82E-2,0,-1.8880999999999999,-330.31540000000001,985.1114,454.51190000000003,53.8,177.0437,299.75580000000002,-1315.4268,-283.83179999999999,-419.11160000000001,-114.21550000000001,-498.2679,-93.356899999999996,315.80549999999999,44.348300000000002,0.45100000000000001,271.00619999999998,-409.16239999999999,-188.00710000000001,0,-221.15530000000001,248.74,-2.4136000000000002,0,488.65019999999998,0,248.23410000000001
2023-09,71.3262,776.24969999999996,1406.3941,5412.5133999999998,3533.2,1119.3670999999999,47.267800000000001,694.78620000000001,17.892299999999999,-4006.1192999999998,-106.1232,-138.87819999999999,-3761.1179000000002,-459.81659999999999,554.49659999999994,94.832599999999999,274.33269999999999,5.6543000000000001,5.0875000000000004,4.1224999999999996,8.1719000000000008,47.581499999999998,10.958399999999999,1.514,10.589499999999999,7.46E-2,1.3532999999999999,69.636499999999998,6.2847999999999997,14.2362,6.6400000000000001E-2,-1014.3132000000001,-599.98580000000004,-62.744799999999998,-6.6204999999999998,-9.1204999999999998,-19.29,-38.947200000000002,-117.82040000000001,-31.367000000000001,-11.883699999999999,-2.5592999999999999,-0.57210000000000005,-37.082500000000003,-30.383700000000001,-10.967700000000001,-31.4496,-3.5186000000000002,-160.52549999999999,6.0674999999999999,2.7006999999999999,1.7881,1.476,0.1027,-166.59299999999999,-150.1437,0,-16.4344,-1.49E-2,-9.8023000000000007,29.8827,-39.685000000000002,8.6748999999999992,20.904499999999999,-12.2296,-713.59849999999994,97.182500000000005,102.4393,85.428899999999999,0.45140000000000002,16.559000000000001,-5.2568000000000001,-2.5000000000000001E-3,-0.48499999999999999,-4.7693000000000003,-466.29590000000002,359.36,24.7669,45.202300000000001,114.51739999999999,174.8734,-825.65589999999997,-46.035699999999999,-219.67570000000001,-98.176500000000004,-461.76799999999997,-86.128100000000003,346.2561,60.117199999999997,0.14610000000000001,285.99279999999999,-432.38420000000002,-167.26310000000001,-0.5,-264.62110000000001,-275.7876,8.7819000000000003,-33.476100000000002,42.1248,0,282.08569999999997
2023-10,-906.17039999999997,-136.25980000000001,854.32100000000003,3594.7274000000002,2771.5843,411.30369999999999,90.101399999999998,308.94760000000002,12.7904,-2740.4063999999998,-73.845399999999998,-80.912999999999997,-2585.6480999999999,-752.50139999999999,508.10770000000002,96.592600000000004,236.42259999999999,4.1586999999999996,1.1538999999999999,5.36,5.0240999999999998,40.216299999999997,8.8971,3.8060999999999998,15.929399999999999,4.1700000000000001E-2,1.7430000000000001,63.049500000000002,6.8494000000000002,18.8279,3.5499999999999997E-2,-1260.6089999999999,-845.75289999999995,-59.170900000000003,-3.5802,-2.9073000000000002,-18.7715,-40.247399999999999,-160.78370000000001,-17.3063,-11.875,-2.1775000000000002,-0.15490000000000001,-17.468,-37.199300000000001,-9.6195000000000004,-29.621600000000001,-3.9729999999999999,-195.80950000000001,5.1584000000000003,2.2052999999999998,1.5763,0.96599999999999997,0.4108,-200.96789999999999,-181.41579999999999,0,-19.549499999999998,-2.5999999999999999E-3,-42.2699,30.2395,-72.509399999999999,-5.6302000000000003,2.3416999999999999,-7.9718999999999998,-764.28039999999999,92.498099999999994,96.778999999999996,90.959500000000006,0.34789999999999999,5.4715999999999996,-4.2808999999999999,-2.3E-3,-0.23499999999999999,-4.0435999999999996,-563.83569999999997,507.52319999999997,91.760599999999997,110.4432,131.0232,174.2962,-1071.3588999999999,-27.6541,-223.9102,-162.9299,-656.86469999999997,-114.5198,197.8485,93.103899999999996,0.59370000000000001,104.15089999999999,-312.36829999999998,-220.95410000000001,-2.8109999999999999,-88.603200000000001,-306.9101,-0.66400000000000003,-30.9529,160.10400000000001,0,356.74549999999999
2023-11,101.51519999999999,1115.6288999999999,1982.4962,3593.8164999999999,2863.4027000000001,361.21069999999997,12.143000000000001,341.12599999999998,15.934100000000001,-1611.3203000000001,-47.144300000000001,-142.97999999999999,-1421.1959999999999,-608.11990000000003,530.76689999999996,131.9333,268.82499999999999,7.5925000000000002,7.1692999999999998,3.3574000000000002,4.6698000000000004,9.7565000000000008,8.7779000000000007,1.1079000000000001,6.8739999999999997,0,0.79020000000000001,55.838500000000003,6.1448999999999998,17.928599999999999,8.9999999999999998E-4,-1138.8867,-766.82339999999999,-15.6218,-2.1777000000000002,-3.3245,-12.8377,-21.976099999999999,-208.00559999999999,-19.0259,-32.233699999999999,-3.3300000000000003E-2,0,-11.551,-23.702999999999999,-3.1675,-15.26,-3.1457000000000002,-256.78680000000003,6.0541,2.4828999999999999,2.1280000000000001,1.1540999999999999,0.28910000000000002,-262.84089999999998,-233.5104,-13.435700000000001,-15.8743,-2.0500000000000001E-2,-1.9605999999999999,26.716200000000001,-28.6768,-5.2969999999999997,1.3455999999999999,-6.6425999999999998,-1008.8164,46.440899999999999,101.65560000000001,99.311199999999999,0.59519999999999995,1.7492000000000001,-55.214700000000001,-50.001899999999999,0,-5.2127999999999997,-662.3569,381.27030000000002,23.944400000000002,134.6018,94.953199999999995,127.7709,-1043.6271999999999,-132.83699999999999,-199.44890000000001,-115.7813,-595.55999999999995,3.7711999999999999,246.45939999999999,109.003,0.60329999999999995,136.85310000000001,-242.68819999999999,-207.50630000000001,0,-35.181899999999999,-623.35590000000002,7.9218000000000002,-14.639799999999999,233.4023,0,318.95650000000001
2023-12,1994.6650999999999,3119.558,3381.3582000000001,4104.4962999999998,2784.4151999999999,783.25519999999995,65.686999999999998,458.51839999999999,12.6205,-723.13810000000001,-30.420400000000001,-44.590299999999999,-648.12739999999997,-14.6435,548.02459999999996,127.845,275.7287,5.7187000000000001,3.4201000000000001,6.3349000000000002,4.7530999999999999,18.179400000000001,8.7763000000000009,0.79269999999999996,8.9383999999999997,0,1.3438000000000001,61.323799999999999,7.4447000000000001,17.380099999999999,4.4900000000000002E-2,-562.66819999999996,-340.20960000000002,-21.5868,-0.28239999999999998,-1.8021,-15.274800000000001,-7.91,-92.407799999999995,-3.77,-3.1631999999999998,0,-1.4E-3,-6.9520999999999997,-21.4284,-1.1072,-46.055799999999998,-0.71660000000000001,-235.18049999999999,6.3178000000000001,2.9577,1.9682999999999999,1.2223999999999999,0.1694,-241.4983,-225.94929999999999,0,-15.5464,-2.5999999999999999E-3,-11.9762,31.161000000000001,-43.1372,0.28589999999999999,3.9847000000000001,-3.6987999999999999,-1125.1785,89.909099999999995,92.938699999999997,89.709699999999998,0.84489999999999998,2.3841000000000001,-3.0295999999999998,-1.6000000000000001E-3,-0.6,-2.4279999999999999,-708.29129999999998,288.56659999999999,16.986799999999999,87.007999999999996,65.196299999999994,119.3755,-996.85789999999997,-251.47460000000001,-124.673,-136.44110000000001,-484.26920000000001,327.94420000000002,422.06139999999999,37.992899999999999,0.4229,383.6456,-94.117199999999997,-75.711699999999993,0,-18.4055,-839.65039999999999,4.8449999999999998,-3,3.0649000000000002,0,293.22410000000002
2024-01,3194.4746,3653.5176999999999,3879.0268999999998,4947.4182000000001,3598.3708999999999,649.52800000000002,178.0078,510.26620000000003,11.245200000000001,-1068.3913,-60.22,-53.197299999999998,-954.97400000000005,86.745599999999996,684.04830000000004,254.19409999999999,280.81119999999999,8.1456,4.9572000000000003,4.42,6.3757000000000001,10.6751,13.0593,2.0750000000000002,18.9071,6.2799999999999995E-2,2.0398000000000001,56.406500000000001,6.6757,15.2392,4.0000000000000001E-3,-597.30269999999996,-406.29379999999998,-17.565999999999999,-0.22020000000000001,-0.84560000000000002,-14.182399999999999,-24.8996,-53.520099999999999,-2.99,-1.0508999999999999,-3.4299999999999997E-2,-3.7349999999999999,-8.3686000000000007,-29.0046,-2.1355,-30.2926,-2.1637,-318.62740000000002,6.1825000000000001,3.2031999999999998,1.7797000000000001,1.0316000000000001,0.16800000000000001,-324.80990000000003,-304.9753,0,-19.829499999999999,-5.1000000000000004E-3,6.3726000000000003,32.618499999999997,-26.245899999999999,20.322800000000001,28.768999999999998,-8.4461999999999993,-479.36599999999999,48.980800000000002,50.364699999999999,43.8245,1.276,5.2641999999999998,-1.3838999999999999,-6.9999999999999999E-4,0,-1.3832,157.04179999999999,835.17600000000004,23.181000000000001,332.30160000000001,87.255899999999997,392.4375,-678.13419999999996,-10.7948,-270.12200000000001,-88.958399999999997,-308.25900000000001,-22.209800000000001,151.84979999999999,44.2729,0.59150000000000003,106.9854,-174.05959999999999,-21.261500000000002,0,-152.79810000000001,-664.02200000000005,1.948,-7.9542000000000002,6.8494000000000002,0,144.30760000000001
2024-02,2132.2024000000001,2513.2705000000001,3058.8146000000002,4747.0789999999997,3479.0578,740.66330000000005,270.4513,245.40530000000001,11.5014,-1688.2644,-64.108900000000006,-41.5182,-1582.6373000000001,-151.4648,593.31870000000004,220.0592,236.10339999999999,6.1363000000000003,7.6322999999999999,2.8332999999999999,5.7409999999999997,5.6127000000000002,12.699299999999999,1.6800999999999999,7.2152000000000003,3.9E-2,1.8717999999999999,64.104600000000005,5.4999000000000002,16.0258,6.4699999999999994E-2,-744.7835,-426.9776,-55.417999999999999,-0.57899999999999996,-1.7979000000000001,-9.3798999999999992,-41.436599999999999,-64.9221,-19.395199999999999,-0.93500000000000005,-0.39019999999999999,-6.9999999999999999E-4,-34.974499999999999,-22.844200000000001,-3.8189000000000002,-59.359699999999997,-2.5541999999999998,-406.89600000000002,5.8803000000000001,2.7341000000000002,1.5414000000000001,1.1474,0.45739999999999997,-412.77629999999999,-399.3526,0,-13.4156,-8.0999999999999996E-3,12.816700000000001,32.051699999999997,-19.234999999999999,12.9129,21.784400000000002,-8.8714999999999993,-393.98140000000001,60.560899999999997,64.059799999999996,57.450200000000002,1.6216999999999999,4.9878999999999998,-3.4988999999999999,-6.9999999999999999E-4,0,-3.4982000000000002,-464.91300000000001,578.84220000000005,68.533000000000001,165.9186,61.414000000000001,282.97660000000002,-1043.7552000000001,-47.378799999999998,-529.0231,-98.474800000000002,-368.87849999999997,94.486000000000004,187.68010000000001,71.851399999999998,0.19989999999999999,115.6288,-93.194100000000006,-15.0543,0,-78.139799999999994,-140.03819999999999,21.145600000000002,-8.75,43.527299999999997,0,147.14359999999999
2024-03,2457.0506999999998,2160.3896,2424.1559000000002,5018.0695999999998,3324.4504000000002,737.20569999999998,374.34980000000002,566.26049999999998,15.8032,-2593.9137000000001,-89.777699999999996,-56.724499999999999,-2447.4115000000002,-133.25389999999999,621.14760000000001,193.08760000000001,261.24990000000003,7.0484999999999998,10.3385,5.0319000000000003,6.4931000000000001,36.618699999999997,9.1996000000000002,1.8250999999999999,11.179,0.67989999999999995,1.2706999999999999,54.942900000000002,5.8151999999999999,16.341200000000001,2.5999999999999999E-2,-754.40150000000006,-418.56869999999998,-51.2956,-3.1328999999999998,-2.7713999999999999,-15.149800000000001,-32.666600000000003,-70.058300000000003,-20.481300000000001,-3.0857999999999999,-0.76790000000000003,0,-28.278099999999998,-41.705500000000001,-21.724599999999999,-42.400500000000001,-2.3144,-130.25659999999999,6.6106999999999996,2.6076999999999999,2.7023999999999999,1.0802,0.22040000000000001,-136.8673,-121.3493,0,-15.491400000000001,-2.6599999999999999E-2,-0.25580000000000003,25.8489,-26.104700000000001,4.0148999999999999,10.143700000000001,-6.1288,292.64609999999999,61.808500000000002,63.946899999999999,58.540599999999998,1.2304999999999999,4.1757999999999997,-2.1383999999999999,-8.9999999999999998E-4,0,-2.1375000000000002,674.19539999999995,1424.6806999999999,158.98179999999999,200.67660000000001,90.115099999999998,974.90719999999999,-750.48530000000005,-43.451000000000001,-332.15390000000002,-67.665199999999999,-307.21519999999998,138.44970000000001,216.52780000000001,56.2821,0.31319999999999998,159.9325,-78.078100000000006,-10.9824,-2.5000000000000001E-2,-67.070700000000002,-548.86850000000004,4.2224000000000004,-56.509799999999998,19.348400000000002,0,126.2324
2024-04,2780.5299,2395.9731000000002,2737.2289999999998,5895.8055000000004,4232.1864999999998,725.24170000000004,316.20929999999998,609.96510000000001,12.2029,-3158.5765000000001,-40.289099999999998,-60.909399999999998,-3057.3780000000002,-179.46449999999999,745.23910000000001,202.01339999999999,337.33280000000002,9.7106999999999992,5.9714999999999998,4.8762999999999996,8.6097000000000001,39.347700000000003,12.532999999999999,1.2899,7.0754000000000001,0.1512,1.6034999999999999,87.556100000000001,7.8644999999999996,19.276499999999999,2.7E-2,-924.70370000000003,-512.54229999999995,-86.197800000000001,-3.1051000000000002,-5.5792000000000002,-12.3264,-43.584000000000003,-63.873399999999997,-32.534500000000001,-20.293299999999999,-0.94389999999999996,0,-28.733499999999999,-62.520099999999999,-8.1902000000000008,-41.752000000000002,-2.5282,-173.90880000000001,6.3734999999999999,3.1501999999999999,1.8269,1.1272,0.26919999999999999,-180.28229999999999,-162.97739999999999,0,-17.296199999999999,-8.6999999999999994E-3,12.1174,35.385100000000001,-23.267700000000001,-1.2629999999999999,5.4976000000000003,-6.7606000000000002,385.81990000000002,64.8202,66.625299999999996,55.348500000000001,1.3247,9.9520999999999997,-1.8050999999999999,-1.1000000000000001E-3,0,-1.804,669.18979999999999,1676.2322999999999,62.272399999999998,719.86569999999995,64.130899999999997,829.9633,-1007.0425,-33.154299999999999,-484.37349999999998,-81.817899999999995,-407.6968,130.48830000000001,258.19670000000002,84.551100000000005,1.0021,172.64349999999999,-127.7084,-9.6860999999999997,0,-118.0223,-476.09410000000003,16.2516,-65.004999999999995,46.1691,0,119.7672
2024-05,2173.0839000000001,2217.4639999999999,2708.0803000000001,6451.6530000000002,4840.3494000000001,993.13520000000005,196.6926,411.98239999999998,9.4934999999999992,-3743.5727000000002,-56.811799999999998,-137.82669999999999,-3548.9342000000001,-301.83539999999999,746.23,140.97190000000001,384.9033,6.7359999999999998,6.9478999999999997,6.1220999999999997,9.6329999999999991,39.566299999999998,10.568,2.2816000000000001,12.275600000000001,0.40970000000000001,4.6628999999999996,95.933300000000003,8.5074000000000005,16.671299999999999,3.9899999999999998E-2,-1048.0654,-631.1635,-68.959699999999998,-3.4550999999999998,-9.6908999999999992,-11.874599999999999,-53.9666,-96.533900000000003,-28.9087,-20.6267,-1.1158999999999999,-0.2293,-30.327100000000002,-50.597700000000003,-14.7575,-22.2973,-3.5609000000000002,-209.32060000000001,8.7102000000000004,3.7195999999999998,3.3754,1.0712999999999999,0.54390000000000005,-218.0308,-203.43450000000001,0,-14.584300000000001,-1.2E-2,20.5397,47.689900000000002,-27.150200000000002,10.8902,13.3965,-2.5063,-55.270299999999999,150.41679999999999,157.5163,150.0831,1.7730999999999999,5.6600999999999999,-7.0994999999999999,-4.0011000000000001,0,-3.0983999999999998,143.5575,1101.8054,67.650899999999993,213.80609999999999,72.643799999999999,747.70460000000003,-958.24789999999996,-123.9127,-210.73570000000001,-152.97909999999999,-470.62040000000002,93.787599999999998,208.72499999999999,71.240499999999997,1.0096000000000001,136.47489999999999,-114.9374,-9.6161999999999992,0,-105.3212,-440.43680000000001,26.450099999999999,-73.483699999999999,44.438200000000002,0,128.93729999999999
2024-06,-382.78179999999998,-40.264699999999998,794.63800000000003,4930.7226000000001,3783.2312999999999,651.86860000000001,133.21780000000001,353.68560000000002,8.7195,-4136.0846000000001,-88.104500000000002,-91.463399999999993,-3956.5167000000001,-328.7296,671.97190000000001,113.0472,352.92779999999999,5.5514999999999999,9.8003999999999998,5.133,9.7371999999999996,45.034999999999997,10.837,1.0134000000000001,7.2389000000000001,0.40400000000000003,2.0276999999999998,83.222800000000007,10.1191,15.872400000000001,4.5999999999999999E-3,-1000.7015,-603.0059,-72.624200000000002,-3.7926000000000002,-13.9878,-13.049899999999999,-49.362000000000002,-92.663200000000003,-27.3142,-13.077999999999999,-0.78259999999999996,-4.2799999999999998E-2,-24.3477,-63.683599999999998,-7.2065999999999999,-13.1403,-2.6202000000000001,-389.52710000000002,5.5014000000000003,2.9159000000000002,1.2281,1.1615,0.19589999999999999,-395.02850000000001,-282.2371,-96.883700000000005,-15.9033,-4.4000000000000003E-3,-116.646,31.729199999999999,-148.37520000000001,3.1661999999999999,4.6620999999999997,-1.4959,-345.68340000000001,70.699100000000001,78.747399999999999,73.137799999999999,1.0867,4.5228999999999999,-8.0482999999999993,-1.9E-3,-5.9200000000000003E-2,-7.9871999999999996,-172.971,872.22429999999997,190.06549999999999,123.1666,59.6753,499.31689999999998,-1045.1953000000001,-227.10380000000001,-122.392,-122.9319,-572.76760000000002,133.40799999999999,200.4298,91.739500000000007,0.61460000000000004,108.0757,-67.021799999999999,-10.1563,0,-56.865499999999997,-387.62479999999999,4.5782999999999996,-20.5,26.727,0,120.2912
2024-07,-724.49570000000006,-317.60890000000001,551.15779999999995,5890.8104999999996,4435.6615000000002,683.50840000000005,146.00309999999999,613.76340000000005,11.8741,-5339.6526999999996,-111.4819,-150.68209999999999,-5077.4886999999999,-561.01419999999996,739.50189999999998,170.51490000000001,353.65190000000001,11.649800000000001,9.1423000000000005,7.9824999999999999,10.5016,36.040599999999998,9.7711000000000006,0.58530000000000004,9.5920000000000005,8.0399999999999999E-2,2.2738999999999998,93.826899999999995,8.2871000000000006,15.463699999999999,0.13789999999999999,-1300.5161000000001,-769.6481,-95.053700000000006,-7.5673000000000004,-28.7501,-15.1723,-81.327600000000004,-70.777299999999997,-36.011600000000001,-22.410399999999999,-1.7218,-3.6997,-37.668900000000001,-94.487499999999997,-10.877000000000001,-22.446999999999999,-2.8957999999999999,-324.87720000000002,11.2249,6.2624000000000004,3.2974000000000001,1.1509,0.51419999999999999,-336.10210000000001,-313.78300000000002,0,-22.313500000000001,-5.5999999999999999E-3,17.124700000000001,41.632399999999997,-24.5077,10.916700000000001,23.721800000000002,-12.805099999999999,-417.8032,46.3352,53.438400000000001,47.200200000000002,1.804,4.4341999999999997,-7.1032000000000002,-1.2999999999999999E-3,0,-7.1018999999999997,-38.760800000000003,999.42510000000004,29.102799999999998,292.97300000000001,118.69119999999999,558.65809999999999,-1038.1858999999999,-14.926600000000001,-356.71409999999997,-89.151600000000002,-577.39359999999999,162.32849999999999,250.4649,88.532200000000003,0.60660000000000003,161.3261,-88.136399999999995,-18.279399999999999,0,-69.856999999999999,-647.32420000000002,24.295400000000001,-42.725999999999999,78.048699999999997,0,148.09979999999999
2024-08,-53.653500000000001,-326.91849999999999,575.80129999999997,5599.9709999999995,4521.2956000000004,492.88310000000001,132.334,437.26850000000002,16.189800000000002,-5024.1697000000004,-78.520399999999995,-112.80159999999999,-4832.8477000000003,-538.38409999999999,701.76189999999997,159.2046,343.31119999999999,8.4056999999999995,6.2221000000000002,5.7336999999999998,7.1755000000000004,30.835699999999999,11.1073,1.0795999999999999,10.9239,0.31130000000000002,2.0567000000000002,87.977099999999993,9.4870999999999999,17.848099999999999,8.2400000000000001E-2,-1240.146,-671.33190000000002,-101.2924,-5.0956999999999999,-21.157599999999999,-14.7933,-66.269400000000005,-90.199399999999997,-32.990499999999997,-21.105599999999999,-2.9632000000000001,0,-40.270200000000003,-90.234700000000004,-11.130100000000001,-67.941500000000005,-3.3704999999999998,-377.02510000000001,9.7321000000000009,4.3102999999999998,3.7768000000000002,1.2508999999999999,0.39410000000000001,-386.75720000000001,-371.23050000000001,0,-15.5106,-1.61E-2,12.689399999999999,40.1252,-27.4358,-7.9089,3.2181999999999999,-11.1271,281.17399999999998,67.613100000000003,94.519300000000001,89.072900000000004,2.0699000000000001,3.3765000000000001,-26.906199999999998,-0.87670000000000003,-0.2,-25.829499999999999,95.963499999999996,1502.1184000000001,86.576400000000007,422.83780000000002,73.589600000000004,919.1146,-1406.1549,-227.51689999999999,-541.86009999999999,-97.442599999999999,-539.33529999999996,447.72590000000002,541.48680000000002,50.303699999999999,0.71350000000000002,490.46960000000001,-93.760900000000007,-15.9541,0,-77.806799999999996,-482.29,2.3409,-1,150.82060000000001,0,173.90010000000001
2024-09,-241.21129999999999,-342.43529999999998,528.26509999999996,5538.9192000000003,4055.3901999999998,810.60140000000001,269.36349999999999,392.28660000000002,11.2775,-5010.6540999999997,-153.2577,-134.858,-4722.5384000000004,-646.95129999999995,665.22569999999996,171.45580000000001,300.67649999999998,8.0807000000000002,3.5026000000000002,7.3463000000000003,9.9634,42.2913,11.1586,1.1893,11.152799999999999,0.36580000000000001,2.66,69.229299999999995,9.8261000000000003,16.2804,4.6899999999999997E-2,-1312.1769999999999,-714.38210000000004,-98.378699999999995,-7.1199000000000003,-40.574199999999998,-19.285900000000002,-89.209400000000002,-93.205699999999993,-37.053199999999997,-23.583600000000001,-1.5483,0,-46.841999999999999,-78.628399999999999,-10.538500000000001,-48.369799999999998,-3.4571000000000001,-233.75720000000001,12.6751,8.7531999999999996,2.7158000000000002,1.1486000000000001,5.7500000000000002E-2,-246.4323,-231.31970000000001,0,-15.1069,-5.7000000000000002E-3,10.008100000000001,35.473100000000002,-25.465,-3.2654999999999998,9.0554000000000006,-12.3209,104.48950000000001,55.037300000000002,74.019499999999994,67.592500000000001,1.5310999999999999,4.8959000000000001,-18.982199999999999,-0.54400000000000004,-2.2700000000000001E-2,-18.415500000000002,200.09700000000001,2204.9762999999998,32.563000000000002,1406.7854,137.66309999999999,627.96479999999997,-2004.8793000000001,-237.86439999999999,-1173.0974000000001,-80.230800000000002,-513.68669999999997,581.50059999999996,679.19809999999995,57.143099999999997,1.1425000000000001,620.91250000000002,-97.697500000000005,-9.7504000000000008,0,-87.947100000000006,-867.98879999999997,10.337,-33.789900000000003,159.2963,0,152.19589999999999
2024-10,888.39,-153.12549999999999,744.47349999999994,6292.2807000000003,4605.7879999999996,838.08249999999998,388.74459999999999,447.05540000000002,12.610200000000001,-5547.8072000000002,-143.70830000000001,-125.41249999999999,-5278.6863000000003,-732.56169999999997,804.01919999999996,192.0951,357.85109999999997,9.1608000000000001,11.004,5.6173999999999999,8.7548999999999992,57.566099999999999,13.496499999999999,1.0996999999999999,9.6561000000000003,0.215,3.0478000000000001,100.32389999999999,13.0152,21.094200000000001,2.1499999999999998E-2,-1536.5808999999999,-835.99339999999995,-118.1069,-9.2384000000000004,-59.456099999999999,-23.132400000000001,-121.78319999999999,-104.65860000000001,-36.049999999999997,-29.215199999999999,-2.5070000000000001,0,-38.955300000000001,-89.536100000000005,-7.6271000000000004,-56.173099999999998,-4.1481000000000003,-182.995,9.7729999999999997,4.5393999999999997,2.9384999999999999,2.0105,0.28460000000000002,-192.768,-177.6472,-0.18,-14.9308,-0.01,17.957699999999999,51.066800000000001,-33.109099999999998,10.0204,12.355,-2.3346,1031.4949999999999,75.869699999999995,95.153000000000006,86.986800000000002,1.8955,6.2706999999999997,-19.283300000000001,-1.4E-3,0,-19.2819,1123.6513,2472.2465999999999,117.4962,1330.893,99.619399999999999,924.23800000000006,-1348.5953,-23.365600000000001,-670.77059999999994,-63.362099999999998,-591.09699999999998,216.751,444.42099999999999,79.1404,1.1108,364.16980000000001,-227.67,-8.7631999999999994,0,-218.9068,-516.59690000000001,3.5914999999999999,-106.2773,234.50569999999999,0,148.59020000000001
2024-11,834.33040000000005,92.9893,713.9579,5697.2736999999997,4257.0671000000002,856.48009999999999,309.74459999999999,265.00819999999999,8.9735999999999994,-4983.3158000000003,-108.2054,-78.591099999999997,-4796.5192999999999,-445.86410000000001,886.50909999999999,259.10430000000002,380.43349999999998,5.8246000000000002,6.8280000000000003,5.8474000000000004,6.9379,57.911499999999997,19.541699999999999,8.8234999999999992,11.6364,6.0900000000000003E-2,3.9443000000000001,81.469300000000004,12.728300000000001,25.3385,7.9000000000000001E-2,-1332.3732,-692.7817,-81.007800000000003,-8.4939,-73.405799999999999,-12.2812,-128.1559,-115.5886,-45.165799999999997,-10.1501,-2.3492999999999999,-8.6E-3,-28.665700000000001,-67.606800000000007,-12.769299999999999,-51.107300000000002,-2.8353999999999999,-195.71520000000001,12.9057,7.0633999999999997,3.8494999999999999,1.2938000000000001,0.69899999999999995,-208.62090000000001,-194.28319999999999,-0.66120000000000001,-13.6708,-5.7000000000000002E-3,20.610700000000001,56.961599999999997,-36.350900000000003,2.2919999999999998,4.6185,-2.3264999999999998,739.04930000000002,16.7149,49.757599999999996,42.688499999999998,2.1114999999999999,4.9576000000000002,-33.042700000000004,0,-0.1,-32.942700000000002,912.5489,1971.3952999999999,118.5943,720.77329999999995,113.4721,1018.5556,-1058.8463999999999,-134.98519999999999,-267.5034,-87.268799999999999,-569.08900000000006,112.63209999999999,302.6386,128.82730000000001,0.34899999999999998,173.4623,-190.00649999999999,-6.8287000000000004,0,-183.17779999999999,-437.84989999999999,5.8586,-44.511200000000002,173.6559,0,165.19139999999999
2024-12,142.334,-952.23559999999998,-38.661099999999998,5886.8784999999998,4240.3991999999998,757.76589999999999,591.63729999999998,282.95209999999997,14.1241,-5925.5396000000001,-149.53729999999999,-36.862099999999998,-5739.1401999999998,-517.8288,996.93859999999995,287.59500000000003,449.28030000000001,12.7159,7.2469000000000001,6.0785999999999998,8.0480999999999998,43.264000000000003,22.0213,3.0802,15.632899999999999,0.57789999999999997,3.7549999999999999,98.110100000000003,16.9742,22.547799999999999,1.03E-2,-1514.7673,-743.71090000000004,-121.1131,-3.0432999999999999,-53.344799999999999,-17.772500000000001,-122.8617,-153.7167,-30.348600000000001,-6.9951999999999996,-1.8777999999999999,0,-41.612499999999997,-90.880700000000004,-9.7407000000000004,-114.4669,-3.2820999999999998,-370.1592,48.602699999999999,42.124200000000002,4.7191000000000001,1.4320999999999999,0.32729999999999998,-418.76190000000003,-397.02940000000001,-0.5,-21.228100000000001,-4.4000000000000003E-3,-25.586500000000001,58.6188,-84.205299999999994,6.3125,8.8812999999999995,-2.5688,1088.2571,-707.21479999999997,123.2567,111.4152,4.8226000000000004,7.0189000000000004,-830.47149999999999,-811.10839999999996,0,-19.363099999999999,1875.4131,3729.1381000000001,35.881900000000002,1919.8580999999999,162.12309999999999,1611.2750000000001,-1853.7249999999999,-208.11500000000001,-1014.3975,-106.73950000000001,-524.47299999999996,224.42339999999999,372.7482,167.44309999999999,1.7995000000000001,203.50559999999999,-148.32480000000001,-7.9378000000000002,-0.7,-139.68700000000001,-287.91329999999999,14.6441,-137.9024,106.807,0,156.3272
2025-01,106.79,-1047.0525,425.08929999999998,6613.8744999999999,4552.1889000000001,898.40890000000002,726.76739999999995,421.80540000000002,14.703900000000001,-6188.7852000000003,-119.12050000000001,-92.021699999999996,-5977.643,-1184.5,1048.6174000000001,322.33249999999998,469.97219999999999,9.0847999999999995,6.3784000000000001,10.2529,8.3155999999999999,51.611499999999999,20.313300000000002,0.92669999999999997,19.011600000000001,0.50849999999999995,2.4527000000000001,99.104200000000006,11.332800000000001,16.9527,6.7100000000000007E-2,-2233.1174000000001,-1322.3083999999999,-178.226,-10.301299999999999,-73.366,-20.097100000000001,-148.12129999999999,-163.36619999999999,-39.355499999999999,-41.563499999999998,-3.6867999999999999,0,-65.553899999999999,-108.75060000000001,-14.779299999999999,-40.120199999999997,-3.5211999999999999,-304.57420000000002,28.529599999999999,23.321999999999999,3.3618000000000001,1.5538000000000001,0.29199999999999998,-333.10379999999998,-314.8057,-3.0306999999999999,-15.2585,-8.8999999999999999E-3,16.932400000000001,40.7333,-23.800899999999999,5.4257999999999997,21.384799999999998,-15.959,1148.4169999999999,-191.7448,98.710800000000006,86.984300000000005,5.0148999999999999,6.7115999999999998,-290.4556,-270.3827,-5.5999999999999999E-3,-20.067299999999999,1532.6507999999999,3684.8973000000001,49.6738,2033.3400999999999,161.46680000000001,1440.4166,-2152.2465000000002,-3.6360000000000001,-1371.8578,-126.3762,-650.37649999999996,129.6232,302.61509999999998,127.34050000000001,1.4379999999999999,173.8366,-172.99189999999999,-9.5609999999999999,-4,-159.43090000000001,-318.9873,92.7089,-144.47929999999999,48.645499999999998,0,178.161
2025-02,961.93399999999997,-472.31979999999999,869.06470000000002,5669.4953999999998,3490.7824999999998,1121.6090999999999,395.75409999999999,651.62249999999995,9.7271999999999998,-4800.4306999999999,-148.96209999999999,-110.2949,-4541.1737999999996,-974.87609999999995,869.66369999999995,230.7285,396.83229999999998,9.0143000000000004,9.1242000000000001,6.9844999999999997,11.745100000000001,52.058100000000003,17.787700000000001,2.3197999999999999,9.6006999999999998,0.20250000000000001,3.4214000000000002,88.001800000000003,15.3125,16.4526,7.7700000000000005E-2,-1844.5398,-1093.6365000000001,-126.2398,-4.9890999999999996,-40.005000000000003,-17.8627,-137.34059999999999,-129.7218,-45.747399999999999,-19.951000000000001,-5.2442000000000002,0,-30.729399999999998,-93.564400000000006,-11.437200000000001,-84.56,-3.5108999999999999,-351.85939999999999,14.1717,9.2725000000000009,2.9051,1.319,0.67510000000000003,-366.03109999999998,-350.47160000000002,-1.4477,-14.1074,-4.4000000000000003E-3,-14.648999999999999,38.973199999999999,-53.622199999999999,21.798999999999999,34.424500000000002,-12.625500000000001,1412.4545000000001,-1051.6094000000001,80.052199999999999,67.568399999999997,2.8994,9.5844000000000005,-1131.6615999999999,-1119.1135999999999,0,-12.548,2322.9153000000001,4861.7731999999996,33.374000000000002,2866.7374,296.54070000000002,1665.1211000000001,-2538.8579,-7.0122999999999998,-1721.1059,-108.7163,-702.02340000000004,238.7098,384.8938,176.12870000000001,1.6927000000000001,207.07239999999999,-146.184,-6.6401000000000003,0,-139.54390000000001,-101.5316,14.536300000000001,-45.994599999999998,35.428699999999999,0,248.33109999999999
2025-03,-1172.9136000000001,-1433.0498,-456.09500000000003,5295.9324999999999,3367.0299,1009.5412,464.2106,443.62180000000001,11.529,-5752.0275000000001,-153.69630000000001,-110.9897,-5487.3415000000005,-796.77419999999995,933.66549999999995,247.30099999999999,383.00229999999999,6.5446999999999997,2.8915999999999999,11.945399999999999,55.812899999999999,52.034199999999998,21.302600000000002,1.0259,11.771599999999999,0.9264,3.3512,106.45059999999999,9.7262000000000004,19.471900000000002,0.107,-1730.4396999999999,-897.98500000000001,-168.73089999999999,-7.6364000000000001,-111.3586,-15.9818,-133.63249999999999,-99.329099999999997,-60.110300000000002,-18.7834,-5.1642999999999999,0,-42.043399999999998,-136.10640000000001,-12.3719,-15.5169,-5.6886999999999999,-186.4367,16.786200000000001,11.8705,3.3052000000000001,1.4198999999999999,0.19059999999999999,-203.22290000000001,-183.87039999999999,-5.3136000000000001,-14.0345,-4.4000000000000003E-3,6.2561,43.006900000000002,-36.750799999999998,-1.1138999999999999,12.454499999999999,-13.5684,261.25,89.945099999999996,104.9175,93.237399999999994,3.8633000000000002,7.8167999999999997,-14.9724,-1.5E-3,-1.0999999999999999E-2,-14.959899999999999,363.69319999999999,2062.3575000000001,39.265700000000002,830.91769999999997,154.9736,1037.2004999999999,-1698.6642999999999,-30.6602,-583.84720000000004,-147.494,-936.66290000000004,162.9118,281.62799999999999,89.010400000000004,1.2916000000000001,191.32599999999999,-118.7162,-7.0970000000000004,-5.0229999999999997,-106.5962,-446.62630000000001,15.783899999999999,-25.744199999999999,101.2865,0,245.3837
2025-04,-2361.6664999999998,-64.376599999999996,1213.5238999999999,7121.4031999999997,4226.9597000000003,1603.7642000000001,499.82080000000002,765.45429999999999,25.404199999999999,-5907.8792999999996,-109.85639999999999,-129.1233,-5668.8995000000004,-1077.2136,878.95709999999997,210.57079999999999,376.19869999999997,9.6440999999999999,12.3078,7.2328000000000001,17.912099999999999,51.991999999999997,19.518999999999998,1.2396,12.19,0.6149,2.2261000000000002,116.0339,20.324100000000001,20.9498,1.5E-3,-1956.1705999999999,-1010.343,-137.58529999999999,-9.0623000000000005,-154.57749999999999,-23.366299999999999,-137.55549999999999,-114.97580000000001,-63.173200000000001,-67.780900000000003,-4.9161999999999999,0,-61.964199999999998,-112.3623,-15.7296,-35.839700000000001,-6.9390999999999998,-216.4,11.494,4.4516,5.3642000000000003,1.4391,0.23910000000000001,-227.89400000000001,-212.78540000000001,-1.4959,-13.611000000000001,-1.6999999999999999E-3,15.713100000000001,41.755600000000001,-26.0425,7.0426000000000002,10.616199999999999,-3.5735999999999999,-2304.3323,-681.87350000000004,149.0359,136.60980000000001,5.0732999999999997,7.3528000000000002,-830.90940000000001,-800.34839999999997,-5.4999999999999997E-3,-30.555499999999999,630.69179999999994,2528.9209999999998,14.0662,1475.953,66.064300000000003,972.83749999999998,-1898.2292,-5.4589999999999996,-636.25049999999999,-116.8186,-1139.7011,-2020.9866999999999,491.91930000000002,226.53309999999999,1.4228000000000001,263.96339999999998,-2512.9059999999999,-2076.7098000000001,0,-436.19619999999998,-403.0829,21.677499999999998,-26.2469,175.48840000000001,0,224.16130000000001
2025-05,-1000.2555,711.92570000000001,1811.4047,7960.6035000000002,4553.2601000000004,1708.8510000000001,488.56040000000002,1198.0354,11.896599999999999,-6149.1988000000001,-151.48480000000001,-183.52279999999999,-5814.1913000000004,-881.72670000000005,990.41229999999996,175.63030000000001,472.64409999999998,10.3965,6.0469999999999997,8.2211999999999996,14.727499999999999,43.5593,33.219200000000001,4.5979000000000001,17.672899999999998,0.62719999999999998,2.2999000000000001,149.64019999999999,22.286100000000001,28.814900000000002,2.8299999999999999E-2,-1872.1389999999999,-960.85599999999999,-141.89420000000001,-17.417899999999999,-101.867,-30.2851,-134.102,-147.0932,-59.982500000000002,-32.7669,-11.359500000000001,0,-34.977499999999999,-107.1375,-15.3459,-71.293899999999994,-5.7598000000000003,-225.1523,10.453900000000001,4.9337,3.3239999999999998,1.2655000000000001,0.93069999999999997,-235.6062,-211.83949999999999,-10.1342,-13.630800000000001,-1.6999999999999999E-3,7.4,42.107100000000003,-34.707099999999997,7.2314999999999996,8.0838999999999999,-0.85240000000000005,-1719.4124999999999,107.0583,118.94750000000001,105.9769,3.4376000000000002,9.5329999999999995,-11.889200000000001,0,-5.1999999999999998E-2,-11.837199999999999,945.12739999999997,3701.0248000000001,25.522500000000001,1927.3757000000001,141.0436,1607.0830000000001,-2755.8973999999998,-410.83420000000001,-1116.1247000000001,-227.32650000000001,-1001.612,-3225.9047,741.85910000000001,535.65819999999997,2.2585000000000002,203.94239999999999,-3967.7638000000002,-2282.9726000000001,0,-1684.7911999999999,336.23169999999999,122.54130000000001,-48.454300000000003,43.9878,0,219.6806
2025-06,252.3828,2295.1905000000002,3376.2264,9121.1206000000002,4340.5842000000002,2682.4153000000001,594.38109999999995,1488.7607,14.979200000000001,-5744.8941999999997,-108.3468,-231.0171,-5405.5303000000004,-739.09040000000005,1000.1623,170.11490000000001,516.82119999999998,14.8095,5.9390000000000001,15.9428,16.040099999999999,47.515000000000001,34.693800000000003,9.3973999999999993,15.740500000000001,0.86180000000000001,2.9110999999999998,101.01860000000001,29.06,19.267199999999999,2.93E-2,-1739.2527,-960.26239999999996,-149.96520000000001,-10.359400000000001,-79.215000000000003,-21.706499999999998,-108.95229999999999,-119.86920000000001,-33.768099999999997,-47.298400000000001,-4.9108999999999998,-0.1011,-39.666699999999999,-129.86949999999999,-14.5824,-12.003,-6.7225000000000001,-333.21780000000001,12.4138,4.5995999999999997,5.9503000000000004,1.7298,0.1341,-345.63159999999999,-330.39699999999999,-1.7265999999999999,-13.5045,-3.5000000000000001E-3,-8.7277000000000005,44.610599999999998,-53.338299999999997,13.048500000000001,15.8748,-2.8262999999999998,-2055.8562000000002,-51.368499999999997,164.875,149.3175,4.8018999999999998,10.755599999999999,-216.24350000000001,0,-0.25080000000000002,-215.99270000000001,1378.0663,3770.8791999999999,50.185299999999998,2056.4753999999998,295.8646,1368.3539000000001,-2392.8128999999999,-31.771899999999999,-936.11189999999999,-85.4405,-1339.4885999999999,-4051.0985000000001,881.83609999999999,571.92870000000005,2.5137999999999998,307.39359999999999,-4932.9345999999996,-2436.2746999999999,-0.26,-2496.3998999999999,690.30840000000001,21.395,-64.200699999999998,21.041799999999999,0,213.18729999999999
2025-07,85.4238,2627.7620999999999,3886.558,10175.2305,4562.1140999999998,3685.4666000000002,791.61519999999996,1124.3042,11.730499999999999,-6288.6724999999997,-125.48990000000001,-320.5729,-5842.6097,-922.04830000000004,1076.0061000000001,206.03919999999999,555.48450000000003,11.375299999999999,14.180099999999999,20.981000000000002,17.710100000000001,22.9438,38.439599999999999,3.6396000000000002,20.8231,0.38369999999999999,3.0427,116.85599999999999,23.7044,20.394500000000001,8.6999999999999994E-3,-1998.0544,-916.69079999999997,-200.96690000000001,-32.558100000000003,-127.3464,-20.498899999999999,-132.1506,-129.36779999999999,-42.608199999999997,-17.4864,-9.6532,0,-45.548000000000002,-117.3933,-16.690300000000001,-36.970500000000001,-152.1251,-346.0607,30.900500000000001,22.0519,6.4379,1.7023999999999999,0.70830000000000004,-376.96120000000002,-335.8537,-20.769500000000001,-20.336300000000001,-1.6999999999999999E-3,9.3131000000000004,51.397500000000001,-42.084400000000002,29.107299999999999,33.523200000000003,-4.4158999999999997,-2571.4454000000001,95.498500000000007,164.13849999999999,149.61189999999999,5.7275,8.7990999999999993,-68.64,0,-2.92E-2,-68.610799999999998,1630.5316,4933.1031999999996,27.500699999999998,2729.4712,493.62099999999998,1682.5102999999999,-3302.5716000000002,-54.645499999999998,-1777.7528,-101.3032,-1368.8701000000001,-5432.4059999999999,1044.9274,644.49239999999998,1.7013,398.7337,-6477.3334000000004,-3456.3276999999998,-21.062999999999999,-2999.9427000000001,442.798,85.359899999999996,-6,612.77260000000001,0,200.947
2025-08,-500.45460000000003,-292.51049999999998,845.28769999999997,6600.6212999999998,3767.9623999999999,1332.6777999999999,682.0865,803.84360000000004,14.0509,-5755.3335999999999,-126.48260000000001,-285.14890000000003,-5343.7021000000004,-783.38679999999999,983.66869999999994,198.81729999999999,447.83319999999998,14.941800000000001,25.316700000000001,7.4329999999999998,17.5318,45.457999999999998,34.574800000000003,2.7334999999999998,17.572900000000001,0.32069999999999999,2.8496000000000001,129.34309999999999,21.276,17.566600000000001,9.98E-2,-1767.0554999999999,-795.36490000000003,-152.4485,-9.0747999999999998,-93.357200000000006,-17.139399999999998,-135.66739999999999,-138.76990000000001,-64.247699999999995,-25.898900000000001,-5.6802999999999999,0,-40.574800000000003,-106.38890000000001,-19.516200000000001,-28.543199999999999,-134.38339999999999,-380.79640000000001,15.198399999999999,10.404,2.6088,1.5478000000000001,0.63780000000000003,-395.9948,-376.90210000000002,-5.0002000000000004,-14.0908,-1.6999999999999999E-3,26.385000000000002,62.393500000000003,-36.008499999999998,74.866699999999994,78.513400000000004,-3.6467000000000001,-282.81099999999998,125.3514,188.7894,177.53980000000001,5.5827,5.6669,-63.438000000000002,0,-4.0300000000000002E-2,-63.3977,1763.0569,5996.2214999999997,62.442500000000003,3989.8690000000001,258.29450000000003,1685.6155000000001,-4233.1646000000001,-7.8775000000000004,-3086.8375000000001,-76.057699999999997,-1062.3919000000001,-3188.0812000000001,1139.5811000000001,851.01689999999996,5.8771000000000004,282.68709999999999,-4327.6623,-2447.6568000000002,-0.36,-1879.6455000000001,912.27800000000002,53.611400000000003,-48.493699999999997,99.466200000000001,0,229.755
2025-09,837.99779999999998,5751.8905999999997,7003.1345000000001,12853.142599999999,3961.6864999999998,4883.3163000000004,880.76890000000003,3114.1329999999998,13.2379,-5850.0081,-146.31479999999999,-367.31229999999999,-5336.3810999999996,-992.05039999999997,1100.3204000000001,202.2183,493.86309999999997,20.423400000000001,78.865200000000002,12.5906,15.8889,64.177899999999994,37.099600000000002,1.8533999999999999,19.651800000000001,0.8599,2.2616000000000001,113.32859999999999,21.283999999999999,15.709,0.24510000000000001,-2092.3708000000001,-783.53679999999997,-222.91309999999999,-12.244899999999999,-126.9593,-26.549099999999999,-150.9315,-168.0523,-63.929200000000002,-56.244799999999998,-16.382300000000001,0,-44.870899999999999,-169.79689999999999,-21.005700000000001,-69.713099999999997,-159.24090000000001,-270.54860000000002,13.4786,5.1134000000000004,6.4863999999999997,1.5204,0.3584,-284.02719999999999,-267.57319999999999,-2.6193,-13.8329,-1.8E-3,11.3551,48.309699999999999,-36.954599999999999,10.415900000000001,15.1393,-4.7233999999999998,-4924.3085000000001,-578.96489999999994,138.92699999999999,128.3886,6.1910999999999996,4.3472999999999997,-717.89189999999996,-571.40840000000003,-0.61460000000000004,-145.8689,1428.7858000000001,4199.5114000000003,26.588799999999999,2417.3130000000001,504.64080000000001,1250.9688000000001,-2770.7256000000002,-22.224399999999999,-1361.298,-121.5989,-1265.6043,-6577.2429000000002,1181.6466,872.81399999999996,2.0045000000000002,306.82810000000001,-7758.8895000000002,-5192.9282999999996,-3.6903000000000001,-2562.2709,588.42139999999995,64.164199999999994,-38.228999999999999,188.7569,0,202.7517
2025-10,-3666.8564999999999,-1896.7547,-673.14020000000005,5393.5382,3800.2392,928.32669999999996,372.82679999999999,276.70240000000001,15.443099999999999,-6066.6783999999998,-175.12039999999999,-317.92959999999999,-5573.6283999999996,-1011.1914,1044.6377,240.3158,437.9461,18.497800000000002,5.4942000000000002,8.3896999999999995,17.750499999999999,58.072499999999998,55.3157,3.3323999999999998,25.539200000000001,0.6845,4.6421000000000001,116.3197,26.080400000000001,25.261199999999999,0.99590000000000001,-2055.8290999999999,-792.31690000000003,-196.64060000000001,-12.973699999999999,-177.3853,-35.144199999999998,-163.85300000000001,-130.8389,-71.531800000000004,-47.656300000000002,-7.7386999999999997,-6.08E-2,-49.011499999999998,-139.39760000000001,-22.494,-36.040799999999997,-172.74510000000001,-214.48599999999999,11.0595,6.9573,1.3551,1.7021999999999999,1.0448999999999999,-225.5455,-212.41249999999999,-7.4800000000000005E-2,-13.0564,-1.8E-3,2.0629,64.130600000000001,-62.067700000000002,9.8988999999999994,13.053900000000001,-3.1549999999999998,-1780.0006000000001,2048.6322,2165.0616,119.0817,5.9093,2040.0706,-116.4294,0,-0.64800000000000002,-115.7814,536.31349999999998,3355.6842000000001,48.468299999999999,1732.6628000000001,332.2287,1242.3244,-2819.3706999999999,-4.2328000000000001,-1223.809,-102.8678,-1488.4611,-5433.8716999999997,896.86559999999997,672.12909999999999,4.7137000000000002,220.02279999999999,-6330.7372999999998,-4728.5106999999998,0,-1602.2266,1015.5654,1.2539,0,52.106099999999998,0,209.62620000000001
2025-11,-452.66070000000002,-233.84889999999999,534.98320000000001,4888.1347999999998,3699.5286000000001,628.70339999999999,366.29629999999997,177.3545,16.251999999999999,-4353.1516000000001,-118.4251,-209.67789999999999,-4025.0486000000001,-492.03219999999999,1059.7298000000001,267.92950000000002,439.26839999999999,26.716200000000001,14.234299999999999,5.9691000000000001,14.9811,61.781300000000002,45.732599999999998,4.2176,14.748699999999999,0.37859999999999999,1.4851000000000001,123.291,21.432200000000002,17.095500000000001,0.46850000000000003,-1551.7619999999999,-640.57929999999999,-176.13740000000001,-5.1974999999999998,-89.611599999999996,-27.718599999999999,-148.8527,-100.7152,-46.082599999999999,-12.6259,-4.4154999999999998,0,-33.052,-85.071100000000001,-16.034600000000001,-14.2797,-151.38839999999999,-268.12430000000001,14.132300000000001,8.7344000000000008,3.3441000000000001,1.6687000000000001,0.3851,-282.25659999999999,-268.86750000000001,0,-13.3873,-1.8E-3,-8.6755999999999993,49.657299999999999,-58.332900000000002,2.2664,3.6556000000000002,-1.3892,-221.07839999999999,21.904699999999998,111.38290000000001,72.644099999999995,6.6689999999999996,32.069800000000001,-89.478200000000001,0,-7.2400000000000006E-2,-89.405799999999999,1487.2675999999999,3953.8402999999998,170.81110000000001,2580.5387000000001,193.34370000000001,1009.1468,-2466.5727000000002,-94.381399999999999,-1201.0527,-97.972800000000007,-1073.1658,-1118.9925000000001,1047.5309,744.39449999999999,2.7643,300.37209999999999,-2166.5234,-1615.2799,0,-551.24350000000004,-564.50900000000001,7.1999999999999998E-3,-70.886600000000001,24.130199999999999,0,176.44200000000001
2025-12,-771.68970000000002,-983.62159999999994,426.10219999999998,6117.7262000000001,4345.7560000000003,657.8519,640.12149999999997,453.12290000000002,20.873999999999999,-5691.6239999999998,-156.26740000000001,-269.5609,-5265.7956000000004,-767.47260000000006,1343.5924,326.23559999999998,604.19230000000005,10.9491,7.6763000000000003,39.782699999999998,23.466100000000001,49.562899999999999,49.052900000000001,9.8843999999999994,19.844999999999999,0.46779999999999999,2.4531000000000001,138.947,26.453900000000001,33.836100000000002,0.78690000000000004,-2111.0650000000001,-765.29690000000005,-320.66039999999998,-9.6399000000000008,-147.70230000000001,-26.829499999999999,-147.36770000000001,-155.56739999999999,-53.8797,-34.8673,-7.5984999999999996,0,-46.703800000000001,-133.7175,-24.806000000000001,-64.199700000000007,-172.22839999999999,-666.24530000000004,12.0907,5.7912999999999997,3.2267999999999999,2.2824,0.79020000000000001,-678.33600000000001,-432.28989999999999,-225.09479999999999,-20.9513,0,23.9941,62.979900000000001,-38.985799999999998,0.61599999999999999,24.923200000000001,-24.307200000000002,211.316,54.407200000000003,153.02430000000001,134.91460000000001,6.1044999999999998,12.0052,-98.617099999999994,-1.3308,-0.2717,-97.014600000000002,1368.7584999999999,3562.1215000000002,115.6181,1906.7647999999999,168.1968,1371.5418,-2193.3629999999998,-12.204800000000001,-735.77829999999994,-174.595,-1270.7849000000001,-1822.3377,1301.6886,906.24540000000002,2.5053999999999998,392.93779999999998,-3124.0263,-2694.5626999999999,0,-429.46359999999999,487.08629999999999,-4.2304000000000004,-69.108800000000002,196.74090000000001,0,187.86410000000001
2026-01,428.39659999999998,685.31449999999995,2014.0155999999999,6814.1388999999999,4574.8216000000002,839.28330000000005,835.64919999999995,548.51369999999997,15.8711,-4800.1233000000002,-100.11409999999999,-222.2166,-4477.7925999999998,-944.59659999999997,1337.0994000000001,357.97559999999999,535.31209999999999,9.7993000000000006,8.3043999999999993,13.6502,54.744199999999999,41.003,48.679299999999998,5.5014000000000003,63.308100000000003,2.3321999999999998,3.5525000000000002,153.52209999999999,17.091999999999999,21.8779,0.44519999999999998,-2281.6959999999999,-1080.6185,-210.78909999999999,-7.6513,-99.495900000000006,-41.003799999999998,-131.84479999999999,-147.3888,-55.946399999999997,-27.197199999999999,-5.4374000000000002,0,-44.946800000000003,-126.0835,-24.363299999999999,-30.0473,-248.88200000000001,-403.92899999999997,11.4587,5.4131,3.113,2.2938999999999998,0.63870000000000005,-415.3877,-399.2602,0,-13.372299999999999,-2.7551999999999999,19.8245,58.643999999999998,-38.819499999999998,12.1456,20.142399999999999,-7.9968000000000004,-269.0634,180.2636,225.12379999999999,190.0264,7.3262,27.7712,-44.860199999999999,-0.1,-0.31240000000000001,-44.447800000000001,1701.8406,4673.2572,0,2539.2725999999998,223.60669999999999,1910.3779,-2971.4166,-327.69569999999999,-1179.2949000000001,-175.67949999999999,-1288.7465,-2729.5913999999998,979.80460000000005,688.31910000000005,2.1551,289.3304,-3709.3960000000002,-2635.1821,0,-1074.2139,264.7561,5.5100000000000003E-2,-35.2729,348.88549999999998,0,209.9247
2026-02,850.31500000000005,769.91229999999996,1958.7067999999999,6006.6289999999999,4154.6607000000004,765.74659999999994,696.87879999999996,378.3707,10.972200000000001,-4047.9222,-187.40620000000001,-180.70160000000001,-3679.8143,-692.18759999999997,1132.2378000000001,277.37049999999999,512.94029999999998,11.6905,10.075100000000001,6.6369999999999996,16.260100000000001,62.749200000000002,36.0916,3.3146,10.1351,1.3565,1.0644,125.15470000000001,33.858400000000003,23.151599999999998,0.38819999999999999,-1824.4254000000001,-869.84580000000005,-155.51849999999999,-7.5052000000000003,-51.75,-26.4391,-104.6223,-118.96380000000001,-49.006500000000003,-16.745799999999999,-7.6292,0,-35.534399999999998,-139.22550000000001,-24.860399999999998,-12.1006,-204.6782,-485.06979999999999,7.5510000000000002,3.8774999999999999,1.1878,1.6646000000000001,0.82110000000000005,-492.62079999999997,-392.23840000000001,-87.429199999999994,-12.916700000000001,-3.6499999999999998E-2,-11.537100000000001,41.471800000000002,-53.008899999999997,11.544,18.8231,-7.2790999999999997,68.858599999999996,186.31180000000001,293.91050000000001,219.55250000000001,6.6029999999999998,67.754999999999995,-107.59869999999999,-16.317499999999999,-0.4486,-90.832599999999999,1712.0535,4470.3006999999998,57.6,2809.8533000000002,202.71559999999999,1400.1318000000001,-2758.2471999999998,-74.875500000000002,-1149.7207000000001,-242.99420000000001,-1290.6568,-2131.1277,948.71320000000003,694.01819999999998,3.5579000000000001,251.1371,-3079.8409000000001,-2394.5758999999998,0,-685.26499999999999,-345.50729999999999,10.051299999999999,-104.7611,741.83810000000005,0,222.97190000000001
2026-03,901.24189999999999,128.8879,1737.4548,7329.4312,4687.6796999999997,1163.7272,1045.5675000000001,414.01510000000002,18.441600000000001,-5591.9763999999996,-123.0866,-286.90699999999998,-5181.9827999999998,-521.42510000000004,1312.8853999999999,336.51389999999998,542.37549999999999,9.0916999999999994,16.993099999999998,10.867000000000001,23.149799999999999,55.673400000000001,44.826300000000003,5.0696000000000003,14.5611,6.2538999999999998,1.8864000000000001,185.40180000000001,38.444800000000001,21.338899999999999,0.43809999999999999,-1834.3105,-800.74779999999998,-214.97030000000001,-9.8659999999999997,-106.30289999999999,-31.116199999999999,-106.4674,-82.552099999999996,-54.497199999999999,-26.351800000000001,-4.9785000000000004,-0.16689999999999999,-46.313299999999998,-137.9016,-37.214500000000001,-23.1082,-151.7559,-1103.6865,66.544700000000006,60.725200000000001,3.3626999999999998,2.0468999999999999,0.40989999999999999,-1170.2311999999999,-288.18470000000002,-868.53449999999998,-13.510199999999999,-1.8E-3,16.544699999999999,54.491199999999999,-37.9465,18.760999999999999,24.7821,-6.0210999999999997,753.59280000000001,169.2653,206.786,150.3767,10.472899999999999,45.936399999999999,-37.520699999999998,0,-7.2400000000000006E-2,-37.448300000000003,1764.6884,3711.1923999999999,34.004399999999997,1772.4774,126.5702,1778.1404,-1946.5039999999999,-17.742999999999999,-444.77800000000002,-159.28399999999999,-1324.6990000000001,-1782.0310999999999,1172.9177999999999,801.07209999999998,2.7976000000000001,369.04809999999998,-2954.9488999999999,-2429.2939999999999,0,-525.6549,311.48059999999998,7.3000000000000001E-3,-64.340699999999998,354.52300000000002,0,228.7946
2026-04,1409.0413000000001,1730.4,2945.6532999999999,8325.6741999999995,5830.2407000000003,845.18060000000003,1379.8886,253.30160000000001,17.0627,-5380.0209000000004,-193.38319999999999,-282.28980000000001,-4904.3478999999998,-668.11940000000004,1340.2927,312.54669999999999,543.64,15.7333,21.7883,7.9538000000000002,19.414100000000001,48.854999999999997,47.079099999999997,11.2437,94.978999999999999,2.3885000000000001,1.7854000000000001,159.7116,29.664200000000001,23.008099999999999,0.502,-2008.412,-831.05039999999997,-192.6789,-16.840599999999998,-118.7092,-34.1631,-110.6534,-99.927599999999998,-67.079300000000003,-41.6402,-6.0568999999999997,0,-37.831699999999998,-129.87139999999999,-35.578400000000002,-135.74270000000001,-150.5883,-556.85199999999998,62.185499999999998,57.239100000000001,2.3529,2.0714000000000001,0.52210000000000001,-619.03750000000002,-240.41630000000001,-365.34019999999998,-13.279199999999999,-1.8E-3,9.7180999999999997,49.320399999999999,-39.6023,1.0660000000000001,7.6619999999999999,-6.5960000000000001,-322.42439999999999,111.9529,195.3475,137.26910000000001,8.0984999999999996,49.979900000000001,-83.394599999999997,0,-7.4800000000000005E-2,-83.319800000000001,2251.4429,4271.2345999999998,140.73330000000001,2097.1713,209.63059999999999,1823.6994,-2019.7917,-4.6079999999999997,-429.93790000000001,-194.75880000000001,-1390.4870000000001,-2363.4515999999999,1171.3166000000001,821.76610000000005,3.5922000000000001,345.95830000000001,-3534.7682,-2758.1817000000001,0,-776.5865,-178.9211,6.4150999999999998,-476.0772,326.21460000000002,0,198.2704
2026-05,2017.0740000000001,2721.6172000000001,4321.8406999999997,9297.3205999999991,6416.4643999999998,713.52890000000002,1154.0633,997.57619999999997,15.6877,-4975.4799000000003,-110.7354,-247.88480000000001,-4616.8597,-751.9828,1248.8474000000001,229.0849,541.91060000000004,7.5008999999999997,27.288799999999998,7.4980000000000002,17.683299999999999,53.600299999999997,45.022300000000001,2.8376000000000001,116.4987,6.2182000000000004,1.3415999999999999,144.7662,29.459199999999999,17.482700000000001,0.65400000000000003,-2000.8302000000001,-830.31290000000001,-227.1421,-7.9644000000000004,-127.35639999999999,-23.424600000000002,-109.4804,-144.00899999999999,-47.005299999999998,-22.674700000000001,-3.6911,-0.17150000000000001,-32.478400000000001,-128.43520000000001,-31.406199999999998,-98.072599999999994,-167.20529999999999,-847.28800000000001,57.860500000000002,51.894399999999997,3.5573999999999999,2.044,0.36470000000000002,-905.14850000000001,-415.37020000000001,-475.6558,-14.120699999999999,-1.8E-3,-0.95269999999999999,54.915500000000002,-55.868200000000002,6.4166999999999996,7.2286000000000001,-0.81189999999999996,-710.96,-833.99149999999997,240.14240000000001,152.15440000000001,10.042899999999999,77.945099999999996,-1074.1339,-959.85590000000002,-7.0000000000000007E-2,-114.208,2167.7399,4771.4477999999999,48.75,2985.1592000000001,136.9975,1600.5410999999999,-2603.7078999999999,-82.115600000000001,-701.31150000000002,-118.7764,-1701.5044,-1886.4483,953.22749999999996,667.7944,1.7102999999999999,283.72280000000001,-2839.6758,-2260.107,0,-579.56880000000001,-235.34280000000001,1.2024999999999999,-350.39690000000002,426.27710000000002,0,215.0574
2026-06,214.6721,1009.0685999999999,3017.8836999999999,9437.6525999999994,6334.5173000000004,880.86300000000006,1621.6192000000001,584.39710000000002,16.256,-6419.7689,-140.79480000000001,-308.01249999999999,-5970.9615999999996,-626.55259999999998,1272.2714000000001,239.8493,629.43359999999996,12.3598,21.292200000000001,19.918800000000001,18.414899999999999,37.8932,51.440899999999999,7.1357999999999997,25.3399,3.2429999999999999,3.4466999999999999,157.93620000000001,22.339700000000001,21.581,0.6462,-1898.8239000000001,-801.01900000000001,-195.0309,-14.8592,-90.488799999999998,-33.180399999999999,-122.509,-137.60380000000001,-52.602499999999999,-27.174800000000001,-4.4489999999999998,-1.7999999999999999E-2,-27.309799999999999,-133.17509999999999,-30.608699999999999,-61.423000000000002,-167.37190000000001,-1414.8751,34.819499999999998,28.241099999999999,3.4581,2.2831000000000001,0.83720000000000006,-1449.6946,-420.57420000000002,-1014.5872000000001,-14.5314,-1.8E-3,32.6126,104.527,-71.914400000000001,9.8693000000000008,15.041,-5.1717000000000004,-804.26589999999999,-168.63249999999999,207.2072,116.00020000000001,12.5527,78.654300000000006,-375.83969999999999,-173.04,-0.6623,-202.13740000000001,1021.4566,3982.2226999999998,75.105599999999995,1876.635,165.79640000000001,1864.6857,-2960.7660999999998,-14.4628,-611.7355,-156.05080000000001,-2178.5169999999998,-2064.5182,1043.4887000000001,696.36109999999996,7.7186000000000003,339.40899999999999,-3108.0068999999999,-2487.7865000000002,-0.02,-620.20039999999995,308.03989999999999,-3.2067000000000001,-241.0394,343.63440000000003,0,204.29939999999999
2026-07,944.01329999999996,2209.0158000000001,4077.2766999999999,10073.8038,6739.5055000000002,985.03399999999999,1943.4389000000001,386.68009999999998,19.145299999999999,-5996.5271000000002,-159.4188,-322.1343,-5514.9740000000002,-897.38300000000004,1333.2103999999999,300.37169999999998,645.33860000000004,16.359200000000001,11.2135,12.3786,16.7422,43.010800000000003,46.289000000000001,11.7972,23.410599999999999,8.5678999999999998,1.6358999999999999,150.2191,25.289400000000001,20.0181,0.56869999999999998,-2230.5934000000002,-1025.8805,-176.44730000000001,-6.6058000000000003,-148.17420000000001,-45.848300000000002,-143.92760000000001,-130.31399999999999,-56.355600000000003,-44.001199999999997,-8.0675000000000008,-4.8000000000000001E-2,-31.4892,-148.8937,-28.266300000000001,-26.695599999999999,-209.57849999999999,-978.82849999999996,45.7303,38.733800000000002,4.1623000000000001,2.2323,0.60189999999999999,-1024.5588,-554.3732,-450.57220000000001,-19.611599999999999,-1.8E-3,7.9505999999999997,66.206599999999995,-58.256,14.783899999999999,22.382400000000001,-7.5984999999999996,-1279.7862,3153.5295999999998,3310.3375000000001,97.388000000000005,14.3992,3198.5502999999999,-156.80789999999999,-71.220699999999994,-0.1024,-85.484800000000007,1055.6912,3597.3036000000002,108.21899999999999,1888.2882999999999,221.9933,1378.8030000000001,-2541.6124,-18.285,-645.95849999999996,-176.02080000000001,-1701.3480999999999,-3143.2822000000001,951.86440000000005,608.31449999999995,3.4329000000000001,340.11700000000002,-4095.1466,-3355.3478,0,-739.79880000000003,-3015.7678999999998,3.8418999999999999,-214.56630000000001,880.76750000000004,0,222.35650000000001
