indicador,pais,anio,valor
NY.GDP.PCAP.KD,ARG,2025,13287.1159527489
NY.GDP.PCAP.KD,ARG,2024,12774.3506596628
NY.GDP.PCAP.KD,ARG,2023,12993.0928872416
NY.GDP.PCAP.KD,ARG,2022,13276.8232110189
NY.GDP.PCAP.KD,ARG,2021,12549.2811699342
NY.GDP.PCAP.KD,ARG,2020,11393.0505957877
NY.GDP.PCAP.KD,ARG,2019,12706.3978108968
NY.GDP.PCAP.KD,ARG,2018,13058.3285449954
NY.GDP.PCAP.KD,ARG,2017,13520.1129846159
NY.GDP.PCAP.KD,ARG,2016,13265.8860639123
NY.GDP.PCAP.KD,ARG,2015,13679.6264980954
NY.GDP.PCAP.KD,ARG,2014,13456.1319159151
NY.GDP.PCAP.KD,ARG,2013,13946.0950832252
NY.GDP.PCAP.KD,ARG,2012,13754.4254235596
NY.GDP.PCAP.KD,ARG,2011,14040.6189124444
NY.GDP.PCAP.KD,ARG,2010,13387.1553748458
NY.GDP.PCAP.KD,ARG,2009,12285.3784651865
NY.GDP.PCAP.KD,ARG,2008,13197.3570267029
NY.GDP.PCAP.KD,ARG,2007,12811.9021206578
NY.GDP.PCAP.KD,ARG,2006,11870.2791559298
NY.GDP.PCAP.KD,ARG,2005,11099.7509190602
NY.GDP.PCAP.KD,ARG,2004,10302.4465316428
NY.GDP.PCAP.KD,ARG,2003,9545.53194119994
NY.GDP.PCAP.KD,ARG,2002,8861.56199282278
NY.GDP.PCAP.KD,ARG,2001,10051.9448463043
NY.GDP.PCAP.KD,ARG,2000,10631.6503639029
NY.GDP.PCAP.KD,ARG,1999,10838.3199346387
NY.GDP.PCAP.KD,ARG,1998,11348.2022124673
NY.GDP.PCAP.KD,ARG,1997,11056.6881331002
NY.GDP.PCAP.KD,ARG,1996,10352.1400002191
NY.GDP.PCAP.KD,ARG,1995,9934.10776139515
NY.GDP.PCAP.KD,ARG,1994,10359.8927204871
NY.GDP.PCAP.KD,ARG,1993,9920.67358582437
NY.GDP.PCAP.KD,ARG,1992,9293.18692251748
NY.GDP.PCAP.KD,ARG,1991,8729.82318518892
NY.GDP.PCAP.KD,ARG,1990,8115.09386370753
NY.GDP.PCAP.KD,BRA,2025,9747.99557762692
NY.GDP.PCAP.KD,BRA,2024,9566.74518687619
NY.GDP.PCAP.KD,BRA,2023,9288.02701470069
NY.GDP.PCAP.KD,BRA,2022,9032.08481566299
NY.GDP.PCAP.KD,BRA,2021,8799.22945810901
NY.GDP.PCAP.KD,BRA,2020,8435.01143254978
NY.GDP.PCAP.KD,BRA,2019,8771.44051292177
NY.GDP.PCAP.KD,BRA,2018,8722.33630317935
NY.GDP.PCAP.KD,BRA,2017,8628.25308908043
NY.GDP.PCAP.KD,BRA,2016,8577.84376650911
NY.GDP.PCAP.KD,BRA,2015,8936.19661712113
NY.GDP.PCAP.KD,BRA,2014,9338.34278278114
NY.GDP.PCAP.KD,BRA,2013,9366.73932434359
NY.GDP.PCAP.KD,BRA,2012,9167.49923929815
NY.GDP.PCAP.KD,BRA,2011,9067.99316348047
NY.GDP.PCAP.KD,BRA,2010,8792.63436120342
NY.GDP.PCAP.KD,BRA,2009,8246.09706995094
NY.GDP.PCAP.KD,BRA,2008,8330.76459841304
NY.GDP.PCAP.KD,BRA,2007,8003.25413096047
NY.GDP.PCAP.KD,BRA,2006,7622.04007133264
NY.GDP.PCAP.KD,BRA,2005,7409.56913232718
NY.GDP.PCAP.KD,BRA,2004,7258.78185165912
NY.GDP.PCAP.KD,BRA,2003,6941.4404574508
NY.GDP.PCAP.KD,BRA,2002,6944.62337495755
NY.GDP.PCAP.KD,BRA,2001,6823.03396999891
NY.GDP.PCAP.KD,BRA,2000,6817.784240857
NY.GDP.PCAP.KD,BRA,1999,6621.63676249539
NY.GDP.PCAP.KD,BRA,1998,6687.49523550242
NY.GDP.PCAP.KD,BRA,1997,6764.85842091319
NY.GDP.PCAP.KD,BRA,1996,6640.7270065575
NY.GDP.PCAP.KD,BRA,1995,6596.33572674819
NY.GDP.PCAP.KD,BRA,1994,6427.16901943704
NY.GDP.PCAP.KD,BRA,1993,6167.46092178931
NY.GDP.PCAP.KD,BRA,1992,5973.98285622586
NY.GDP.PCAP.KD,BRA,1991,6107.64883675747
NY.GDP.PCAP.KD,BRA,1990,6149.86788926381
NY.GDP.PCAP.KD,CAN,2025,45418.1292662699
NY.GDP.PCAP.KD,CAN,2024,45061.3864587285
NY.GDP.PCAP.KD,CAN,2023,45495.5100892605
NY.GDP.PCAP.KD,CAN,2022,45883.0058941892
NY.GDP.PCAP.KD,CAN,2021,44639.2381171993
NY.GDP.PCAP.KD,CAN,2020,42366.1710935265
NY.GDP.PCAP.KD,CAN,2019,45100.336805859
NY.GDP.PCAP.KD,CAN,2018,44907.3887994469
NY.GDP.PCAP.KD,CAN,2017,44339.4332217878
NY.GDP.PCAP.KD,CAN,2016,43551.3863558236
NY.GDP.PCAP.KD,CAN,2015,43594.2379080706
NY.GDP.PCAP.KD,CAN,2014,43643.2794910996
NY.GDP.PCAP.KD,CAN,2013,42851.2135876232
NY.GDP.PCAP.KD,CAN,2012,42320.6856530018
NY.GDP.PCAP.KD,CAN,2011,42043.6842044008
NY.GDP.PCAP.KD,CAN,2010,41164.3812486578
NY.GDP.PCAP.KD,CAN,2009,40376.4559330928
NY.GDP.PCAP.KD,CAN,2008,42067.610977795
NY.GDP.PCAP.KD,CAN,2007,42106.9147186165
NY.GDP.PCAP.KD,CAN,2006,41663.5541588166
NY.GDP.PCAP.KD,CAN,2005,41006.264144024
NY.GDP.PCAP.KD,CAN,2004,40108.7990262916
NY.GDP.PCAP.KD,CAN,2003,39270.0629084669
NY.GDP.PCAP.KD,CAN,2002,38921.7064054514
NY.GDP.PCAP.KD,CAN,2001,38200.4945025395
NY.GDP.PCAP.KD,CAN,2000,37906.89821012
NY.GDP.PCAP.KD,CAN,1999,36391.5718964607
NY.GDP.PCAP.KD,CAN,1998,34894.6484928404
NY.GDP.PCAP.KD,CAN,1997,33867.0419274091
NY.GDP.PCAP.KD,CAN,1996,32801.3348171586
NY.GDP.PCAP.KD,CAN,1995,32595.4842690909
NY.GDP.PCAP.KD,CAN,1994,32074.1884806299
NY.GDP.PCAP.KD,CAN,1993,31032.785763879
NY.GDP.PCAP.KD,CAN,1992,30563.4095229714
NY.GDP.PCAP.KD,CAN,1991,30654.3639368973
NY.GDP.PCAP.KD,CAN,1990,31700.5781154607
NY.GDP.PCAP.KD,CHE,2025,93327.5937403044
NY.GDP.PCAP.KD,CHE,2024,93018.3768706697
NY.GDP.PCAP.KD,CHE,2023,92947.9424441568
NY.GDP.PCAP.KD,CHE,2022,93360.440112464
NY.GDP.PCAP.KD,CHE,2021,90924.9256769825
NY.GDP.PCAP.KD,CHE,2020,86293.9183441155
NY.GDP.PCAP.KD,CHE,2019,88932.4119306425
NY.GDP.PCAP.KD,CHE,2018,88581.0826935584
NY.GDP.PCAP.KD,CHE,2017,86362.360972862
NY.GDP.PCAP.KD,CHE,2016,85951.2234148345
NY.GDP.PCAP.KD,CHE,2015,85265.06205193
NY.GDP.PCAP.KD,CHE,2014,85004.8134534
NY.GDP.PCAP.KD,CHE,2013,83914.0245080812
NY.GDP.PCAP.KD,CHE,2012,83354.0207485188
NY.GDP.PCAP.KD,CHE,2011,83307.3180998465
NY.GDP.PCAP.KD,CHE,2010,83069.4276373455
NY.GDP.PCAP.KD,CHE,2009,81288.642957612
NY.GDP.PCAP.KD,CHE,2008,83934.7657221246
NY.GDP.PCAP.KD,CHE,2007,82909.1358291459
NY.GDP.PCAP.KD,CHE,2006,80448.9696781612
NY.GDP.PCAP.KD,CHE,2005,77741.3436104704
NY.GDP.PCAP.KD,CHE,2004,75997.4453154761
NY.GDP.PCAP.KD,CHE,2003,74592.0284690955
NY.GDP.PCAP.KD,CHE,2002,75361.6941607385
NY.GDP.PCAP.KD,CHE,2001,75646.1781144131
NY.GDP.PCAP.KD,CHE,2000,74933.2770077552
NY.GDP.PCAP.KD,CHE,1999,72713.7068420544
NY.GDP.PCAP.KD,CHE,1998,71854.1176863899
NY.GDP.PCAP.KD,CHE,1997,70121.2926450719
NY.GDP.PCAP.KD,CHE,1996,68846.2811295722
NY.GDP.PCAP.KD,CHE,1995,68765.8004895745
NY.GDP.PCAP.KD,CHE,1994,66503.9311877673
NY.GDP.PCAP.KD,CHE,1993,64448.1064296646
NY.GDP.PCAP.KD,CHE,1992,66409.491461386
NY.GDP.PCAP.KD,CHE,1991,67932.7854592116
NY.GDP.PCAP.KD,CHE,1990,69584.5767626374
NY.GDP.PCAP.KD,CHL,2025,14904.6435509776
NY.GDP.PCAP.KD,CHL,2024,14616.9287938028
NY.GDP.PCAP.KD,CHL,2023,14294.7106635595
NY.GDP.PCAP.KD,CHL,2022,14275.4094646211
NY.GDP.PCAP.KD,CHL,2021,14056.251601955
NY.GDP.PCAP.KD,CHL,2020,12680.7761524378
NY.GDP.PCAP.KD,CHL,2019,13631.9284885172
NY.GDP.PCAP.KD,CHL,2018,13763.0068844795
NY.GDP.PCAP.KD,CHL,2017,13473.3458532934
NY.GDP.PCAP.KD,CHL,2016,13505.097711133
NY.GDP.PCAP.KD,CHL,2015,13433.9202987032
NY.GDP.PCAP.KD,CHL,2014,13285.9540361192
NY.GDP.PCAP.KD,CHL,2013,13182.7329619856
NY.GDP.PCAP.KD,CHL,2012,12882.834417927
NY.GDP.PCAP.KD,CHL,2011,12252.8441074615
NY.GDP.PCAP.KD,CHL,2010,11649.2897090856
NY.GDP.PCAP.KD,CHL,2009,11116.4093443103
NY.GDP.PCAP.KD,CHL,2008,11356.0922105983
NY.GDP.PCAP.KD,CHL,2007,11051.3450717678
NY.GDP.PCAP.KD,CHL,2006,10611.6144012877
NY.GDP.PCAP.KD,CHL,2005,10104.4208391373
NY.GDP.PCAP.KD,CHL,2004,9642.37478651228
NY.GDP.PCAP.KD,CHL,2003,9130.7842621819
NY.GDP.PCAP.KD,CHL,2002,8810.69052712257
NY.GDP.PCAP.KD,CHL,2001,8632.0148244056
NY.GDP.PCAP.KD,CHL,2000,8465.35303258864
NY.GDP.PCAP.KD,CHL,1999,8161.45168872186
NY.GDP.PCAP.KD,CHL,1998,8287.45061096547
NY.GDP.PCAP.KD,CHL,1997,8058.94228801535
NY.GDP.PCAP.KD,CHL,1996,7605.28953010603
NY.GDP.PCAP.KD,CHL,1995,7201.13100361441
NY.GDP.PCAP.KD,CHL,1994,6688.29717704707
NY.GDP.PCAP.KD,CHL,1993,6461.73217350303
NY.GDP.PCAP.KD,CHL,1992,6151.76546454326
NY.GDP.PCAP.KD,CHL,1991,5606.86557277047
NY.GDP.PCAP.KD,CHL,1990,5290.53694835535
NY.GDP.PCAP.KD,CHN,2025,13793.2056196996
NY.GDP.PCAP.KD,CHN,2024,13119.1076099516
NY.GDP.PCAP.KD,CHN,2023,12483.9791101249
NY.GDP.PCAP.KD,CHN,2022,11830.298767861
NY.GDP.PCAP.KD,CHN,2021,11469.3174514512
NY.GDP.PCAP.KD,CHN,2020,10573.3794064211
NY.GDP.PCAP.KD,CHN,2019,10356.2924890582
NY.GDP.PCAP.KD,CHN,2018,9798.57890566402
NY.GDP.PCAP.KD,CHN,2017,9221.35045639842
NY.GDP.PCAP.KD,CHN,2016,8679.22528805041
NY.GDP.PCAP.KD,CHN,2015,8175.33285077393
NY.GDP.PCAP.KD,CHN,2014,7686.37369520403
NY.GDP.PCAP.KD,CHN,2013,7197.937319496
NY.GDP.PCAP.KD,CHN,2012,6723.09003744607
NY.GDP.PCAP.KD,CHN,2011,6275.71634288814
NY.GDP.PCAP.KD,CHN,2010,5764.65012366375
NY.GDP.PCAP.KD,CHN,2009,5237.78809982377
NY.GDP.PCAP.KD,CHN,2008,4811.34486346262
NY.GDP.PCAP.KD,CHN,2007,4409.69709445986
NY.GDP.PCAP.KD,CHN,2006,3883.27464370816
NY.GDP.PCAP.KD,CHN,2005,3465.72767067642
NY.GDP.PCAP.KD,CHN,2004,3127.91444892337
NY.GDP.PCAP.KD,CHN,2003,2856.85053293219
NY.GDP.PCAP.KD,CHN,2002,2610.66275070444
NY.GDP.PCAP.KD,CHN,2001,2405.99411858042
NY.GDP.PCAP.KD,CHN,2000,2237.30047918692
NY.GDP.PCAP.KD,CHN,1999,2076.93180259914
NY.GDP.PCAP.KD,CHN,1998,1944.46718626424
NY.GDP.PCAP.KD,CHN,1997,1819.07954081306
NY.GDP.PCAP.KD,CHN,1996,1681.45741269443
NY.GDP.PCAP.KD,CHN,1995,1545.07897848105
NY.GDP.PCAP.KD,CHN,1994,1406.97393365064
NY.GDP.PCAP.KD,CHN,1993,1258.34142676619
NY.GDP.PCAP.KD,CHN,1992,1117.29533882968
NY.GDP.PCAP.KD,CHN,1991,989.585278674846
NY.GDP.PCAP.KD,CHN,1990,917.187887177205
NY.GDP.PCAP.KD,EMU,2025,38166.9810117283
NY.GDP.PCAP.KD,EMU,2024,37747.5762546902
NY.GDP.PCAP.KD,EMU,2023,37542.8850711276
NY.GDP.PCAP.KD,EMU,2022,37533.5524037551
NY.GDP.PCAP.KD,EMU,2021,36304.0120488212
NY.GDP.PCAP.KD,EMU,2020,34123.5966842683
NY.GDP.PCAP.KD,EMU,2019,36362.1610606018
NY.GDP.PCAP.KD,EMU,2018,35860.4204802822
NY.GDP.PCAP.KD,EMU,2017,35301.6485495203
NY.GDP.PCAP.KD,EMU,2016,34456.7787485334
NY.GDP.PCAP.KD,EMU,2015,33928.614137702
NY.GDP.PCAP.KD,EMU,2014,33296.8666974398
NY.GDP.PCAP.KD,EMU,2013,32867.052177107
NY.GDP.PCAP.KD,EMU,2012,32959.6032104989
NY.GDP.PCAP.KD,EMU,2011,33329.674600975
NY.GDP.PCAP.KD,EMU,2010,32682.9836342241
NY.GDP.PCAP.KD,EMU,2009,32081.0242521645
NY.GDP.PCAP.KD,EMU,2008,33692.5979697593
NY.GDP.PCAP.KD,EMU,2007,33707.163004223
NY.GDP.PCAP.KD,EMU,2006,32882.2025430207
NY.GDP.PCAP.KD,EMU,2005,31964.0968987768
NY.GDP.PCAP.KD,EMU,2004,31559.0180212487
NY.GDP.PCAP.KD,EMU,2003,31005.4460255685
NY.GDP.PCAP.KD,EMU,2002,30929.8173201796
NY.GDP.PCAP.KD,EMU,2001,30766.5726970873
NY.GDP.PCAP.KD,EMU,2000,30189.3008380116
NY.GDP.PCAP.KD,EMU,1999,29139.536317049
NY.GDP.PCAP.KD,EMU,1998,28363.3111829819
NY.GDP.PCAP.KD,EMU,1997,27587.4174333603
NY.GDP.PCAP.KD,EMU,1996,26918.8439846116
NY.GDP.PCAP.KD,EMU,1995,26511.6954677809
NY.GDP.PCAP.KD,EMU,1994,25931.0075197904
NY.GDP.PCAP.KD,EMU,1993,25367.9826148327
NY.GDP.PCAP.KD,EMU,1992,25640.1169009215
NY.GDP.PCAP.KD,EMU,1991,25461.2532464194
NY.GDP.PCAP.KD,EMU,1990,24980.5136043699
NY.GDP.PCAP.KD,GBR,2025,48422.0671236369
NY.GDP.PCAP.KD,GBR,2024,47900.9680144146
NY.GDP.PCAP.KD,GBR,2023,47911.1540134832
NY.GDP.PCAP.KD,GBR,2022,48410.095170282
NY.GDP.PCAP.KD,GBR,2021,46491.5068836685
NY.GDP.PCAP.KD,GBR,2020,42985.0392148248
NY.GDP.PCAP.KD,GBR,2019,47866.9140354078
NY.GDP.PCAP.KD,GBR,2018,47516.2099770322
NY.GDP.PCAP.KD,GBR,2017,47019.4510419999
NY.GDP.PCAP.KD,GBR,2016,45888.7099614563
NY.GDP.PCAP.KD,GBR,2015,45256.040227057
NY.GDP.PCAP.KD,GBR,2014,44628.5724578217
NY.GDP.PCAP.KD,GBR,2013,43585.8731772281
NY.GDP.PCAP.KD,GBR,2012,43136.7006795996
NY.GDP.PCAP.KD,GBR,2011,42791.0934313474
NY.GDP.PCAP.KD,GBR,2010,42762.720840223
NY.GDP.PCAP.KD,GBR,2009,42146.5095879962
NY.GDP.PCAP.KD,GBR,2008,44508.2874631479
NY.GDP.PCAP.KD,GBR,2007,44882.141312304
NY.GDP.PCAP.KD,GBR,2006,43944.9985799069
NY.GDP.PCAP.KD,GBR,2005,43320.5628684438
NY.GDP.PCAP.KD,GBR,2004,42434.8209023638
NY.GDP.PCAP.KD,GBR,2003,41706.8303930126
NY.GDP.PCAP.KD,GBR,2002,40594.932929345
NY.GDP.PCAP.KD,GBR,2001,40082.1359356822
NY.GDP.PCAP.KD,GBR,2000,39297.1366317267
NY.GDP.PCAP.KD,GBR,1999,37730.7155591161
NY.GDP.PCAP.KD,GBR,1998,36773.9287790406
NY.GDP.PCAP.KD,GBR,1997,35721.6105928791
NY.GDP.PCAP.KD,GBR,1996,34147.3459054033
NY.GDP.PCAP.KD,GBR,1995,33362.0161272507
NY.GDP.PCAP.KD,GBR,1994,32308.7952722115
NY.GDP.PCAP.KD,GBR,1993,30862.4118121654
NY.GDP.PCAP.KD,GBR,1992,29893.0776793743
NY.GDP.PCAP.KD,GBR,1991,29590.9054053428
NY.GDP.PCAP.KD,GBR,1990,30071.2085616955
NY.GDP.PCAP.KD,IND,2025,2523.43601851376
NY.GDP.PCAP.KD,IND,2024,2366.8328910323
NY.GDP.PCAP.KD,IND,2023,2229.71491223037
NY.GDP.PCAP.KD,IND,2022,2098.21124476122
NY.GDP.PCAP.KD,IND,2021,1965.30943437472
NY.GDP.PCAP.KD,IND,2020,1806.50110583865
NY.GDP.PCAP.KD,IND,2019,1936.03067741063
NY.GDP.PCAP.KD,IND,2018,1883.35772705055
NY.GDP.PCAP.KD,IND,2017,1788.69770318481
NY.GDP.PCAP.KD,IND,2016,1694.46534973787
NY.GDP.PCAP.KD,IND,2015,1583.99815907985
NY.GDP.PCAP.KD,IND,2014,1484.31640682961
NY.GDP.PCAP.KD,IND,2013,1399.4537980281
NY.GDP.PCAP.KD,IND,2012,1333.09626557649
NY.GDP.PCAP.KD,IND,2011,1281.61054354937
NY.GDP.PCAP.KD,IND,2010,1235.15939132939
NY.GDP.PCAP.KD,IND,2009,1155.10163273817
NY.GDP.PCAP.KD,IND,2008,1086.50605251005
NY.GDP.PCAP.KD,IND,2007,1069.24696812234
NY.GDP.PCAP.KD,IND,2006,1008.23275344818
NY.GDP.PCAP.KD,IND,2005,947.732565644272
NY.GDP.PCAP.KD,IND,2004,892.596614580718
NY.GDP.PCAP.KD,IND,2003,841.278894562408
NY.GDP.PCAP.KD,IND,2002,793.615912901002
NY.GDP.PCAP.KD,IND,2001,778.507377522499
NY.GDP.PCAP.KD,IND,2000,756.704109533187
NY.GDP.PCAP.KD,IND,1999,742.53920839812
NY.GDP.PCAP.KD,IND,1998,695.293709337082
NY.GDP.PCAP.KD,IND,1997,667.598423093399
NY.GDP.PCAP.KD,IND,1996,654.355928434052
NY.GDP.PCAP.KD,IND,1995,620.699954336366
NY.GDP.PCAP.KD,IND,1994,588.727892180632
NY.GDP.PCAP.KD,IND,1993,563.372872336747
NY.GDP.PCAP.KD,IND,1992,549.235069964895
NY.GDP.PCAP.KD,IND,1991,531.898397833351
NY.GDP.PCAP.KD,IND,1990,537.870269536103
NY.GDP.PCAP.KD,JPN,2025,38619.3367073485
NY.GDP.PCAP.KD,JPN,2024,37976.6371788298
NY.GDP.PCAP.KD,JPN,2023,37902.5492204411
NY.GDP.PCAP.KD,JPN,2022,37448.3504824849
NY.GDP.PCAP.KD,JPN,2021,36792.556429474
NY.GDP.PCAP.KD,JPN,2020,35363.2996951789
NY.GDP.PCAP.KD,JPN,2019,36837.2583653113
NY.GDP.PCAP.KD,JPN,2018,36899.3847079435
NY.GDP.PCAP.KD,JPN,2017,36547.7357437305
NY.GDP.PCAP.KD,JPN,2016,35934.4467886662
NY.GDP.PCAP.KD,JPN,2015,35664.6446110613
NY.GDP.PCAP.KD,JPN,2014,34996.8796756631
NY.GDP.PCAP.KD,JPN,2013,34636.6924746166
NY.GDP.PCAP.KD,JPN,2012,33909.4911855243
NY.GDP.PCAP.KD,JPN,2011,33306.1802259719
NY.GDP.PCAP.KD,JPN,2010,33311.2872381879
NY.GDP.PCAP.KD,JPN,2009,31993.8588053706
NY.GDP.PCAP.KD,JPN,2008,34008.5915147362
NY.GDP.PCAP.KD,JPN,2007,34426.6937124867
NY.GDP.PCAP.KD,JPN,2006,33880.6890093456
NY.GDP.PCAP.KD,JPN,2005,33385.9179590327
NY.GDP.PCAP.KD,JPN,2004,32783.1292835489
NY.GDP.PCAP.KD,JPN,2003,32115.5810785373
NY.GDP.PCAP.KD,JPN,2002,31746.2430105713
NY.GDP.PCAP.KD,JPN,2001,31793.1269485489
NY.GDP.PCAP.KD,JPN,2000,31779.3788459032
NY.GDP.PCAP.KD,JPN,1999,30911.9243180534
NY.GDP.PCAP.KD,JPN,1998,31076.4386626557
NY.GDP.PCAP.KD,JPN,1997,31723.3382538425
NY.GDP.PCAP.KD,JPN,1996,31371.432405964
NY.GDP.PCAP.KD,JPN,1995,30504.5332529005
NY.GDP.PCAP.KD,JPN,1994,29876.454752764
NY.GDP.PCAP.KD,JPN,1993,29665.3871017287
NY.GDP.PCAP.KD,JPN,1992,29916.6529957081
NY.GDP.PCAP.KD,JPN,1991,29775.391651584
NY.GDP.PCAP.KD,JPN,1990,28904.7658863073
NY.GDP.PCAP.KD,MEX,2025,10256.6867661121
NY.GDP.PCAP.KD,MEX,2024,10284.0336925726
NY.GDP.PCAP.KD,MEX,2023,10234.6840265651
NY.GDP.PCAP.KD,MEX,2022,10013.2479227064
NY.GDP.PCAP.KD,MEX,2021,9728.05680024504
NY.GDP.PCAP.KD,MEX,2020,9234.64362226594
NY.GDP.PCAP.KD,MEX,2019,10159.4448367696
NY.GDP.PCAP.KD,MEX,2018,10296.8690940459
NY.GDP.PCAP.KD,MEX,2017,10193.7727188313
NY.GDP.PCAP.KD,MEX,2016,10100.5021195819
NY.GDP.PCAP.KD,MEX,2015,10021.2386113616
NY.GDP.PCAP.KD,MEX,2014,9862.4812534745
NY.GDP.PCAP.KD,MEX,2013,9738.71059661101
NY.GDP.PCAP.KD,MEX,2012,9782.51776251839
NY.GDP.PCAP.KD,MEX,2011,9575.93437734618
NY.GDP.PCAP.KD,MEX,2010,9389.06722076504
NY.GDP.PCAP.KD,MEX,2009,9074.11881448129
NY.GDP.PCAP.KD,MEX,2008,9826.34218448486
NY.GDP.PCAP.KD,MEX,2007,9877.69532636562
NY.GDP.PCAP.KD,MEX,2006,9813.82804186659
NY.GDP.PCAP.KD,MEX,2005,9491.51730268004
NY.GDP.PCAP.KD,MEX,2004,9421.28976132695
NY.GDP.PCAP.KD,MEX,2003,9221.99666685464
NY.GDP.PCAP.KD,MEX,2002,9242.27886122367
NY.GDP.PCAP.KD,MEX,2001,9398.35074347946
NY.GDP.PCAP.KD,MEX,2000,9581.96970202823
NY.GDP.PCAP.KD,MEX,1999,9264.977292523
NY.GDP.PCAP.KD,MEX,1998,9161.89527775798
NY.GDP.PCAP.KD,MEX,1997,8770.8448154628
NY.GDP.PCAP.KD,MEX,1996,8320.65295687947
NY.GDP.PCAP.KD,MEX,1995,7970.64038489585
NY.GDP.PCAP.KD,MEX,1994,8623.48043000831
NY.GDP.PCAP.KD,MEX,1993,8411.79621331335
NY.GDP.PCAP.KD,MEX,1992,8330.26426795593
NY.GDP.PCAP.KD,MEX,1991,8197.01179488111
NY.GDP.PCAP.KD,MEX,1990,8036.86114405886
NY.GDP.PCAP.KD,URY,2025,19374.5158425622
NY.GDP.PCAP.KD,URY,2024,19024.1204266155
NY.GDP.PCAP.KD,URY,2023,18403.6753125157
NY.GDP.PCAP.KD,URY,2022,18249.2912168828
NY.GDP.PCAP.KD,URY,2021,17416.0052308469
NY.GDP.PCAP.KD,URY,2020,16443.363490131
NY.GDP.PCAP.KD,URY,2019,17758.4384273402
NY.GDP.PCAP.KD,URY,2018,17608.94412947
NY.GDP.PCAP.KD,URY,2017,17611.6036800874
NY.GDP.PCAP.KD,URY,2016,17357.2349992841
NY.GDP.PCAP.KD,URY,2015,17125.9016800298
NY.GDP.PCAP.KD,URY,2014,17122.0364563225
NY.GDP.PCAP.KD,URY,2013,16639.4054750651
NY.GDP.PCAP.KD,URY,2012,15949.3176985435
NY.GDP.PCAP.KD,URY,2011,15443.9961926395
NY.GDP.PCAP.KD,URY,2010,14722.3780081191
NY.GDP.PCAP.KD,URY,2009,13691.71420689
NY.GDP.PCAP.KD,URY,2008,13165.83628166
NY.GDP.PCAP.KD,URY,2007,12310.482735502
NY.GDP.PCAP.KD,URY,2006,11574.470540231
NY.GDP.PCAP.KD,URY,2005,11131.3984890038
NY.GDP.PCAP.KD,URY,2004,10366.9067382871
NY.GDP.PCAP.KD,URY,2003,9878.75684344081
NY.GDP.PCAP.KD,URY,2002,9806.7713064359
NY.GDP.PCAP.KD,URY,2001,10643.5574019273
NY.GDP.PCAP.KD,URY,2000,11096.3309569487
NY.GDP.PCAP.KD,URY,1999,11357.0866859804
NY.GDP.PCAP.KD,URY,1998,11584.9491858277
NY.GDP.PCAP.KD,URY,1997,11138.8676127212
NY.GDP.PCAP.KD,URY,1996,10316.2027570949
NY.GDP.PCAP.KD,URY,1995,9822.89680356996
NY.GDP.PCAP.KD,URY,1994,10019.3479243955
NY.GDP.PCAP.KD,URY,1993,9388.10939080161
NY.GDP.PCAP.KD,URY,1992,9193.55122074713
NY.GDP.PCAP.KD,URY,1991,8565.26927800028
NY.GDP.PCAP.KD,URY,1990,8320.3559048693
NY.GDP.PCAP.KD,USA,2025,67945.6146497427
NY.GDP.PCAP.KD,USA,2024,66856.5131698371
NY.GDP.PCAP.KD,USA,2023,65667.281580468
NY.GDP.PCAP.KD,USA,2022,64322.2332819139
NY.GDP.PCAP.KD,USA,2021,63096.7856149746
NY.GDP.PCAP.KD,USA,2020,59533.609024416
NY.GDP.PCAP.KD,USA,2019,61047.9648238812
NY.GDP.PCAP.KD,USA,2018,59817.6556798612
NY.GDP.PCAP.KD,USA,2017,58435.9707535619
NY.GDP.PCAP.KD,USA,2016,57430.8499298804
NY.GDP.PCAP.KD,USA,2015,56849.4697923159
NY.GDP.PCAP.KD,USA,2014,55665.2411187802
NY.GDP.PCAP.KD,USA,2013,54728.860179812
NY.GDP.PCAP.KD,USA,2012,54000.8410778217
NY.GDP.PCAP.KD,USA,2011,53215.5362314388
NY.GDP.PCAP.KD,USA,2010,52812.6829869279
NY.GDP.PCAP.KD,USA,2009,51863.6183416558
NY.GDP.PCAP.KD,USA,2008,53703.962897927
NY.GDP.PCAP.KD,USA,2007,54152.8292673551
NY.GDP.PCAP.KD,USA,2006,53596.315236412
NY.GDP.PCAP.KD,USA,2005,52649.5713060461
NY.GDP.PCAP.KD,USA,2004,51348.3473386025
NY.GDP.PCAP.KD,USA,2003,49905.5233080788
NY.GDP.PCAP.KD,USA,2002,48967.3661217576
NY.GDP.PCAP.KD,USA,2001,48597.4246124122
NY.GDP.PCAP.KD,USA,2000,48616.2546282435
NY.GDP.PCAP.KD,USA,1999,47234.2455290381
NY.GDP.PCAP.KD,USA,1998,45596.4306879224
NY.GDP.PCAP.KD,USA,1997,44151.6860410035
NY.GDP.PCAP.KD,USA,1996,42783.8165724095
NY.GDP.PCAP.KD,USA,1995,41710.8207256668
NY.GDP.PCAP.KD,USA,1994,41106.9881833481
NY.GDP.PCAP.KD,USA,1993,40002.4762253198
NY.GDP.PCAP.KD,USA,1992,39447.9472850606
NY.GDP.PCAP.KD,USA,1991,38637.8398179104
NY.GDP.PCAP.KD,USA,1990,39200.0658091762
NY.GDP.PCAP.KD,VNM,2025,4308.20507512834
NY.GDP.PCAP.KD,VNM,2024,4012.50779921084
NY.GDP.PCAP.KD,VNM,2023,3772.36029116103
NY.GDP.PCAP.KD,VNM,2022,3617.66311280437
NY.GDP.PCAP.KD,VNM,2021,3358.21734764714
NY.GDP.PCAP.KD,VNM,2020,3303.16949807493
NY.GDP.PCAP.KD,VNM,2019,3241.07648966529
NY.GDP.PCAP.KD,VNM,2018,3048.28327602145
NY.GDP.PCAP.KD,VNM,2017,2868.13680013379
NY.GDP.PCAP.KD,VNM,2016,2715.57887431272
NY.GDP.PCAP.KD,VNM,2015,2577.56885340113
NY.GDP.PCAP.KD,VNM,2014,2439.28655744423
NY.GDP.PCAP.KD,VNM,2013,2320.08431444934
NY.GDP.PCAP.KD,VNM,2012,2224.11404253256
NY.GDP.PCAP.KD,VNM,2011,2132.90453762087
NY.GDP.PCAP.KD,VNM,2010,2027.58184375924
NY.GDP.PCAP.KD,VNM,2009,1927.13427057454
NY.GDP.PCAP.KD,VNM,2008,1856.00519883979
NY.GDP.PCAP.KD,VNM,2007,1788.9485028957
NY.GDP.PCAP.KD,VNM,2006,1699.67620343393
NY.GDP.PCAP.KD,VNM,2005,1609.96268313651
NY.GDP.PCAP.KD,VNM,2004,1510.94449049599
NY.GDP.PCAP.KD,VNM,2003,1418.74337471509
NY.GDP.PCAP.KD,VNM,2002,1340.51670460271
NY.GDP.PCAP.KD,VNM,2001,1273.8052690094
NY.GDP.PCAP.KD,VNM,2000,1212.19657794381
NY.GDP.PCAP.KD,VNM,1999,1148.04465210832
NY.GDP.PCAP.KD,VNM,1998,1110.1126773248
NY.GDP.PCAP.KD,VNM,1997,1064.77802859908
NY.GDP.PCAP.KD,VNM,1996,998.924907248853
NY.GDP.PCAP.KD,VNM,1995,927.625512005765
NY.GDP.PCAP.KD,VNM,1994,861.122422555836
NY.GDP.PCAP.KD,VNM,1993,805.606443630458
NY.GDP.PCAP.KD,VNM,1992,759.910853953724
NY.GDP.PCAP.KD,VNM,1991,713.747210806804
NY.GDP.PCAP.KD,VNM,1990,687.860316254161
NE.CON.GOVT.ZS,ARG,2025,14.9273063065132
NE.CON.GOVT.ZS,ARG,2024,14.9167656550539
NE.CON.GOVT.ZS,ARG,2023,16.3015627890885
NE.CON.GOVT.ZS,ARG,2022,15.7026090548718
NE.CON.GOVT.ZS,ARG,2021,15.9158179423023
NE.CON.GOVT.ZS,ARG,2020,16.8730073837365
NE.CON.GOVT.ZS,ARG,2019,16.4432415862976
NE.CON.GOVT.ZS,ARG,2018,15.8050971558947
NE.CON.GOVT.ZS,ARG,2017,17.6968939223042
NE.CON.GOVT.ZS,ARG,2016,17.6545781863509
NE.CON.GOVT.ZS,ARG,2015,18.098379759087
NE.CON.GOVT.ZS,ARG,2014,16.9498757371062
NE.CON.GOVT.ZS,ARG,2013,16.8062377968797
NE.CON.GOVT.ZS,ARG,2012,16.6454378106252
NE.CON.GOVT.ZS,ARG,2011,15.6889565165983
NE.CON.GOVT.ZS,ARG,2010,15.1637178886417
NE.CON.GOVT.ZS,ARG,2009,15.903896746884
NE.CON.GOVT.ZS,ARG,2008,13.6335132595631
NE.CON.GOVT.ZS,ARG,2007,12.9893238963619
NE.CON.GOVT.ZS,ARG,2006,12.4294153726307
NE.CON.GOVT.ZS,ARG,2005,12.1418612359575
NE.CON.GOVT.ZS,ARG,2004,11.114636067696
NE.CON.GOVT.ZS,ARG,2003,11.4380567929249
NE.CON.GOVT.ZS,ARG,2002,12.235247296692
NE.CON.GOVT.ZS,ARG,2001,14.1562743129569
NE.CON.GOVT.ZS,ARG,2000,13.7841913064131
NE.CON.GOVT.ZS,ARG,1999,13.7232114149469
NE.CON.GOVT.ZS,ARG,1998,12.4947749986829
NE.CON.GOVT.ZS,ARG,1997,12.0620142457633
NE.CON.GOVT.ZS,ARG,1996,12.5016776609201
NE.CON.GOVT.ZS,ARG,1995,13.3494556774505
NE.CON.GOVT.ZS,ARG,1994,13.1869043660659
NE.CON.GOVT.ZS,ARG,1993,13.5103784728742
NE.CON.GOVT.ZS,ARG,1992,2.97553802761558
NE.CON.GOVT.ZS,ARG,1991,3.32176128752774
NE.CON.GOVT.ZS,ARG,1990,3.13542839161188
NE.CON.GOVT.ZS,BRA,2025,19.1341362432545
NE.CON.GOVT.ZS,BRA,2024,18.7696027831652
NE.CON.GOVT.ZS,BRA,2023,19.042610794419
NE.CON.GOVT.ZS,BRA,2022,18.4022127200534
NE.CON.GOVT.ZS,BRA,2021,18.5475883605677
NE.CON.GOVT.ZS,BRA,2020,20.135153015057
NE.CON.GOVT.ZS,BRA,2019,19.9835812871624
NE.CON.GOVT.ZS,BRA,2018,19.8950877833541
NE.CON.GOVT.ZS,BRA,2017,20.1619046963757
NE.CON.GOVT.ZS,BRA,2016,20.3792974264123
NE.CON.GOVT.ZS,BRA,2015,19.7768199564016
NE.CON.GOVT.ZS,BRA,2014,19.1535387102127
NE.CON.GOVT.ZS,BRA,2013,18.8924789951339
NE.CON.GOVT.ZS,BRA,2012,18.5301032652535
NE.CON.GOVT.ZS,BRA,2011,18.669256936864
NE.CON.GOVT.ZS,BRA,2010,19.0168578366064
NE.CON.GOVT.ZS,BRA,2009,19.6506384023989
NE.CON.GOVT.ZS,BRA,2008,18.8393928731749
NE.CON.GOVT.ZS,BRA,2007,18.9429876162865
NE.CON.GOVT.ZS,BRA,2006,19.0389169455913
NE.CON.GOVT.ZS,BRA,2005,18.8900014184589
NE.CON.GOVT.ZS,BRA,2004,18.4675839197143
NE.CON.GOVT.ZS,BRA,2003,19.0774784933715
NE.CON.GOVT.ZS,BRA,2002,19.8096623456372
NE.CON.GOVT.ZS,BRA,2001,19.3432950140464
NE.CON.GOVT.ZS,BRA,2000,18.7678457444131
NE.CON.GOVT.ZS,BRA,1999,19.782690769704
NE.CON.GOVT.ZS,BRA,1998,20.0705315848897
NE.CON.GOVT.ZS,BRA,1997,19.5352947982055
NE.CON.GOVT.ZS,BRA,1996,19.7508265161778
NE.CON.GOVT.ZS,BRA,1995,20.9279248587451
NE.CON.GOVT.ZS,BRA,1994,17.8657165129222
NE.CON.GOVT.ZS,BRA,1993,17.6640230381336
NE.CON.GOVT.ZS,BRA,1992,17.0630155947621
NE.CON.GOVT.ZS,BRA,1991,17.8998440765684
NE.CON.GOVT.ZS,BRA,1990,19.2909224528275
NE.CON.GOVT.ZS,CAN,2025,21.9050614080929
NE.CON.GOVT.ZS,CAN,2024,21.4371583416196
NE.CON.GOVT.ZS,CAN,2023,20.7162347510337
NE.CON.GOVT.ZS,CAN,2022,20.2954241620472
NE.CON.GOVT.ZS,CAN,2021,21.4119101053587
NE.CON.GOVT.ZS,CAN,2020,22.7010770856854
NE.CON.GOVT.ZS,CAN,2019,20.6634514308635
NE.CON.GOVT.ZS,CAN,2018,20.6814141954507
NE.CON.GOVT.ZS,CAN,2017,20.7032830276468
NE.CON.GOVT.ZS,CAN,2016,21.0480194121553
NE.CON.GOVT.ZS,CAN,2015,20.8778041482202
NE.CON.GOVT.ZS,CAN,2014,20.2665398097849
NE.CON.GOVT.ZS,CAN,2013,20.704487090186
NE.CON.GOVT.ZS,CAN,2012,21.057925851495
NE.CON.GOVT.ZS,CAN,2011,21.1457595858567
NE.CON.GOVT.ZS,CAN,2010,21.4753801201883
NE.CON.GOVT.ZS,CAN,2009,21.9645435702208
NE.CON.GOVT.ZS,CAN,2008,19.7193918809639
NE.CON.GOVT.ZS,CAN,2007,19.2505356033619
NE.CON.GOVT.ZS,CAN,2006,19.2483783285358
NE.CON.GOVT.ZS,CAN,2005,19.0757499551557
NE.CON.GOVT.ZS,CAN,2004,19.4174699133429
NE.CON.GOVT.ZS,CAN,2003,19.8961700554057
NE.CON.GOVT.ZS,CAN,2002,19.7786860731732
NE.CON.GOVT.ZS,CAN,2001,19.5093203790186
NE.CON.GOVT.ZS,CAN,2000,19.1064161806335
NE.CON.GOVT.ZS,CAN,1999,19.3206802127153
NE.CON.GOVT.ZS,CAN,1998,19.8366254207698
NE.CON.GOVT.ZS,CAN,1997,19.85332386514
NE.CON.GOVT.ZS,CAN,1996,20.7605188908557
NE.CON.GOVT.ZS,CAN,1995,21.6585439761622
NE.CON.GOVT.ZS,CAN,1994,22.6779482102903
NE.CON.GOVT.ZS,CAN,1993,23.8860993498314
NE.CON.GOVT.ZS,CAN,1992,24.44462693963
NE.CON.GOVT.ZS,CAN,1991,24.0167404559594
NE.CON.GOVT.ZS,CAN,1990,22.6182277236122
NE.CON.GOVT.ZS,CHE,2025,12.0424583002077
NE.CON.GOVT.ZS,CHE,2024,11.9145601929821
NE.CON.GOVT.ZS,CHE,2023,11.7415119087327
NE.CON.GOVT.ZS,CHE,2022,11.4146236602203
NE.CON.GOVT.ZS,CHE,2021,12.006426146931
NE.CON.GOVT.ZS,CHE,2020,12.3698764856067
NE.CON.GOVT.ZS,CHE,2019,11.5905424800121
NE.CON.GOVT.ZS,CHE,2018,11.4708433102977
NE.CON.GOVT.ZS,CHE,2017,11.7697907709451
NE.CON.GOVT.ZS,CHE,2016,11.7081822405935
NE.CON.GOVT.ZS,CHE,2015,11.6918185842548
NE.CON.GOVT.ZS,CHE,2014,11.6046783341903
NE.CON.GOVT.ZS,CHE,2013,11.5576185713474
NE.CON.GOVT.ZS,CHE,2012,11.5022891787833
NE.CON.GOVT.ZS,CHE,2011,11.5013086357367
NE.CON.GOVT.ZS,CHE,2010,11.4111078006857
NE.CON.GOVT.ZS,CHE,2009,11.6510384625697
NE.CON.GOVT.ZS,CHE,2008,10.877551895177
NE.CON.GOVT.ZS,CHE,2007,10.7194093201332
NE.CON.GOVT.ZS,CHE,2006,11.1290809177588
NE.CON.GOVT.ZS,CHE,2005,11.6965252877795
NE.CON.GOVT.ZS,CHE,2004,11.9325776115637
NE.CON.GOVT.ZS,CHE,2003,12.1621007363137
NE.CON.GOVT.ZS,CHE,2002,11.9448658059849
NE.CON.GOVT.ZS,CHE,2001,11.5609865755328
NE.CON.GOVT.ZS,CHE,2000,11.4967844255362
NE.CON.GOVT.ZS,CHE,1999,11.6200265398775
NE.CON.GOVT.ZS,CHE,1998,11.608073226433
NE.CON.GOVT.ZS,CHE,1997,11.7810765347319
NE.CON.GOVT.ZS,CHE,1996,12.033522307724
NE.CON.GOVT.ZS,CHE,1995,11.8946060409073
NE.CON.GOVT.ZS,CHE,1994,11.9436751805114
NE.CON.GOVT.ZS,CHE,1993,11.9265710694284
NE.CON.GOVT.ZS,CHE,1992,11.9152181552811
NE.CON.GOVT.ZS,CHE,1991,11.5433327928676
NE.CON.GOVT.ZS,CHE,1990,10.9545647495773
NE.CON.GOVT.ZS,CHL,2025,15.0559876360369
NE.CON.GOVT.ZS,CHL,2024,15.0896226035461
NE.CON.GOVT.ZS,CHL,2023,15.3080841632106
NE.CON.GOVT.ZS,CHL,2022,14.7311812258689
NE.CON.GOVT.ZS,CHL,2021,14.7288137669615
NE.CON.GOVT.ZS,CHL,2020,16.0224800648608
NE.CON.GOVT.ZS,CHL,2019,15.2526740979491
NE.CON.GOVT.ZS,CHL,2018,14.8564740930657
NE.CON.GOVT.ZS,CHL,2017,14.6487132522654
NE.CON.GOVT.ZS,CHL,2016,14.3426674731635
NE.CON.GOVT.ZS,CHL,2015,13.5921179176227
NE.CON.GOVT.ZS,CHL,2014,13.226326039639
NE.CON.GOVT.ZS,CHL,2013,12.7855846667584
NE.CON.GOVT.ZS,CHL,2012,12.3259318708529
NE.CON.GOVT.ZS,CHL,2011,12.3111911458171
NE.CON.GOVT.ZS,CHL,2010,12.5461776720871
NE.CON.GOVT.ZS,CHL,2009,12.8685281381176
NE.CON.GOVT.ZS,CHL,2008,11.2649283943249
NE.CON.GOVT.ZS,CHL,2007,10.5459559923537
NE.CON.GOVT.ZS,CHL,2006,10.2971156911752
NE.CON.GOVT.ZS,CHL,2005,10.9536302933399
NE.CON.GOVT.ZS,CHL,2004,11.430209416317
NE.CON.GOVT.ZS,CHL,2003,12.1781891754105
NE.CON.GOVT.ZS,CHL,2002,12.7485962858933
NE.CON.GOVT.ZS,CHL,2001,12.6430995429431
NE.CON.GOVT.ZS,CHL,2000,12.5909255790548
NE.CON.GOVT.ZS,CHL,1999,12.6522051661372
NE.CON.GOVT.ZS,CHL,1998,11.807588425997
NE.CON.GOVT.ZS,CHL,1997,11.4376435059474
NE.CON.GOVT.ZS,CHL,1996,11.3042341719761
NE.CON.GOVT.ZS,CHL,1995,9.77908979379382
NE.CON.GOVT.ZS,CHL,1994,9.87254217393678
NE.CON.GOVT.ZS,CHL,1993,9.90342618638723
NE.CON.GOVT.ZS,CHL,1992,9.55139959410647
NE.CON.GOVT.ZS,CHL,1991,9.56808875814587
NE.CON.GOVT.ZS,CHL,1990,9.66986420713209
NE.CON.GOVT.ZS,CHN,2024,16.7084895385701
NE.CON.GOVT.ZS,CHN,2023,17.1891419707315
NE.CON.GOVT.ZS,CHN,2022,16.6626986358672
NE.CON.GOVT.ZS,CHN,2021,16.3512045683208
NE.CON.GOVT.ZS,CHN,2020,17.6037978191606
NE.CON.GOVT.ZS,CHN,2019,17.1510123948127
NE.CON.GOVT.ZS,CHN,2018,16.8365384091475
NE.CON.GOVT.ZS,CHN,2017,16.501760892272
NE.CON.GOVT.ZS,CHN,2016,16.4004661104345
NE.CON.GOVT.ZS,CHN,2015,16.2578121496943
NE.CON.GOVT.ZS,CHN,2014,15.8783188765672
NE.CON.GOVT.ZS,CHN,2013,15.9462837052091
NE.CON.GOVT.ZS,CHN,2012,15.9047696976095
NE.CON.GOVT.ZS,CHN,2011,15.511543498627
NE.CON.GOVT.ZS,CHN,2010,14.837784222569
NE.CON.GOVT.ZS,CHN,2009,14.9931908239159
NE.CON.GOVT.ZS,CHN,2008,14.7289171300496
NE.CON.GOVT.ZS,CHN,2007,14.8435861590045
NE.CON.GOVT.ZS,CHN,2006,15.0329501874396
NE.CON.GOVT.ZS,CHN,2005,14.9800297513263
NE.CON.GOVT.ZS,CHN,2004,14.7768955354751
NE.CON.GOVT.ZS,CHN,2003,15.4631349581316
NE.CON.GOVT.ZS,CHN,2002,16.2233328656845
NE.CON.GOVT.ZS,CHN,2001,16.56557352932
NE.CON.GOVT.ZS,CHN,2000,16.9834545142268
NE.CON.GOVT.ZS,CHN,1999,16.5121269789853
NE.CON.GOVT.ZS,CHN,1998,15.0970314649113
NE.CON.GOVT.ZS,CHN,1997,13.9060143346837
NE.CON.GOVT.ZS,CHN,1996,13.3454091227604
NE.CON.GOVT.ZS,CHN,1995,13.4546321618702
NE.CON.GOVT.ZS,CHN,1994,14.2435256701499
NE.CON.GOVT.ZS,CHN,1993,14.5079383691097
NE.CON.GOVT.ZS,CHN,1992,14.5924617887132
NE.CON.GOVT.ZS,CHN,1991,14.1652583265748
NE.CON.GOVT.ZS,CHN,1990,13.8241951178238
NE.CON.GOVT.ZS,EMU,2025,21.5634694354399
NE.CON.GOVT.ZS,EMU,2024,21.3831567247308
NE.CON.GOVT.ZS,EMU,2023,21.1081909643268
NE.CON.GOVT.ZS,EMU,2022,21.3622491937675
NE.CON.GOVT.ZS,EMU,2021,22.0354741023777
NE.CON.GOVT.ZS,EMU,2020,22.5027366991361
NE.CON.GOVT.ZS,EMU,2019,20.5721104009236
NE.CON.GOVT.ZS,EMU,2018,20.4735750684054
NE.CON.GOVT.ZS,EMU,2017,20.5683615058012
NE.CON.GOVT.ZS,EMU,2016,20.755945104222
NE.CON.GOVT.ZS,EMU,2015,20.7940423751864
NE.CON.GOVT.ZS,EMU,2014,21.1476934854845
NE.CON.GOVT.ZS,EMU,2013,21.304838309978
NE.CON.GOVT.ZS,EMU,2012,21.2180569688553
NE.CON.GOVT.ZS,EMU,2011,21.1792230845165
NE.CON.GOVT.ZS,EMU,2010,21.5804475713173
NE.CON.GOVT.ZS,EMU,2009,21.8417008008962
NE.CON.GOVT.ZS,EMU,2008,20.1876124721292
NE.CON.GOVT.ZS,EMU,2007,19.6873415229357
NE.CON.GOVT.ZS,EMU,2006,19.97851252673
NE.CON.GOVT.ZS,EMU,2005,20.1765653255879
NE.CON.GOVT.ZS,EMU,2004,20.1015020866731
NE.CON.GOVT.ZS,EMU,2003,20.2432250640769
NE.CON.GOVT.ZS,EMU,2002,19.9704351175386
NE.CON.GOVT.ZS,EMU,2001,19.6232505536612
NE.CON.GOVT.ZS,EMU,2000,19.5878235565053
NE.CON.GOVT.ZS,EMU,1999,19.7274661727766
NE.CON.GOVT.ZS,EMU,1998,19.6353856737729
NE.CON.GOVT.ZS,EMU,1997,19.9468416752991
NE.CON.GOVT.ZS,EMU,1996,20.1958670499685
NE.CON.GOVT.ZS,EMU,1995,20.1361919432208
NE.CON.GOVT.ZS,EMU,1994,20.2828285129604
NE.CON.GOVT.ZS,EMU,1993,20.5667176239096
NE.CON.GOVT.ZS,EMU,1992,20.1743363497628
NE.CON.GOVT.ZS,EMU,1991,19.7606446063599
NE.CON.GOVT.ZS,EMU,1990,19.6052369918043
NE.CON.GOVT.ZS,GBR,2025,21.225279708513
NE.CON.GOVT.ZS,GBR,2024,20.9036038740505
NE.CON.GOVT.ZS,GBR,2023,20.6153775719761
NE.CON.GOVT.ZS,GBR,2022,20.5575158594765
NE.CON.GOVT.ZS,GBR,2021,21.8969522769662
NE.CON.GOVT.ZS,GBR,2020,22.3195997590271
NE.CON.GOVT.ZS,GBR,2019,18.8950896176188
NE.CON.GOVT.ZS,GBR,2018,18.3195114661863
NE.CON.GOVT.ZS,GBR,2017,18.4687648708625
NE.CON.GOVT.ZS,GBR,2016,19.0213766769505
NE.CON.GOVT.ZS,GBR,2015,19.3307524418884
NE.CON.GOVT.ZS,GBR,2014,19.6392020334218
NE.CON.GOVT.ZS,GBR,2013,19.9508460252019
NE.CON.GOVT.ZS,GBR,2012,20.6106378085018
NE.CON.GOVT.ZS,GBR,2011,20.8090086799266
NE.CON.GOVT.ZS,GBR,2010,21.3812762286342
NE.CON.GOVT.ZS,GBR,2009,21.7087286497093
NE.CON.GOVT.ZS,GBR,2008,20.1590670926597
NE.CON.GOVT.ZS,GBR,2007,19.5086899838825
NE.CON.GOVT.ZS,GBR,2006,19.651439705564
NE.CON.GOVT.ZS,GBR,2005,19.4812894931691
NE.CON.GOVT.ZS,GBR,2004,19.2946803773218
NE.CON.GOVT.ZS,GBR,2003,18.7023862140416
NE.CON.GOVT.ZS,GBR,2002,18.0527955561731
NE.CON.GOVT.ZS,GBR,2001,17.1528722984472
NE.CON.GOVT.ZS,GBR,2000,16.531026223819
NE.CON.GOVT.ZS,GBR,1999,16.3487709784882
NE.CON.GOVT.ZS,GBR,1998,15.9168690990463
NE.CON.GOVT.ZS,GBR,1997,15.938318628663
NE.CON.GOVT.ZS,GBR,1996,16.5290622137041
NE.CON.GOVT.ZS,GBR,1995,16.9743169251896
NE.CON.GOVT.ZS,GBR,1994,18.8264161374994
NE.CON.GOVT.ZS,GBR,1993,19.1782713561875
NE.CON.GOVT.ZS,GBR,1992,19.8686076438996
NE.CON.GOVT.ZS,GBR,1991,19.390870817296
NE.CON.GOVT.ZS,GBR,1990,18.5362492751834
NE.CON.GOVT.ZS,IND,2025,10.769509367472
NE.CON.GOVT.ZS,IND,2024,10.6747047439734
NE.CON.GOVT.ZS,IND,2023,10.6054981056988
NE.CON.GOVT.ZS,IND,2022,11.0688036450937
NE.CON.GOVT.ZS,IND,2021,10.4763782400684
NE.CON.GOVT.ZS,IND,2020,11.6124524106018
NE.CON.GOVT.ZS,IND,2019,11.0026755133718
NE.CON.GOVT.ZS,IND,2018,10.8232185258548
NE.CON.GOVT.ZS,IND,2017,10.7671989547856
NE.CON.GOVT.ZS,IND,2016,10.3085480747222
NE.CON.GOVT.ZS,IND,2015,10.4282907091862
NE.CON.GOVT.ZS,IND,2014,10.4408568081213
NE.CON.GOVT.ZS,IND,2013,10.2951601419598
NE.CON.GOVT.ZS,IND,2012,10.6838562318127
NE.CON.GOVT.ZS,IND,2011,11.0844615855594
NE.CON.GOVT.ZS,IND,2010,11.0076078674499
NE.CON.GOVT.ZS,IND,2009,11.459667419691
NE.CON.GOVT.ZS,IND,2008,10.5384811563533
NE.CON.GOVT.ZS,IND,2007,9.86211572842642
NE.CON.GOVT.ZS,IND,2006,9.80247046783494
NE.CON.GOVT.ZS,IND,2005,10.3661401972455
NE.CON.GOVT.ZS,IND,2004,10.4047023481415
NE.CON.GOVT.ZS,IND,2003,10.8762099129119
NE.CON.GOVT.ZS,IND,2002,11.3140950692424
NE.CON.GOVT.ZS,IND,2001,11.7614498890899
NE.CON.GOVT.ZS,IND,2000,11.9478354691139
NE.CON.GOVT.ZS,IND,1999,12.1754896050679
NE.CON.GOVT.ZS,IND,1998,11.9098898139839
NE.CON.GOVT.ZS,IND,1997,11.0287262034071
NE.CON.GOVT.ZS,IND,1996,10.3308896774711
NE.CON.GOVT.ZS,IND,1995,10.5402675188309
NE.CON.GOVT.ZS,IND,1994,10.43581347191
NE.CON.GOVT.ZS,IND,1993,11.0026650353957
NE.CON.GOVT.ZS,IND,1992,10.9150464795678
NE.CON.GOVT.ZS,IND,1991,11.0787262464783
NE.CON.GOVT.ZS,IND,1990,11.2854919029931
NE.CON.GOVT.ZS,JPN,2024,20.1443964769656
NE.CON.GOVT.ZS,JPN,2023,20.0946215543648
NE.CON.GOVT.ZS,JPN,2022,20.7103565973432
NE.CON.GOVT.ZS,JPN,2021,20.5324975835506
NE.CON.GOVT.ZS,JPN,2020,20.4376163201187
NE.CON.GOVT.ZS,JPN,2019,19.4451575446193
NE.CON.GOVT.ZS,JPN,2018,19.1049339062309
NE.CON.GOVT.ZS,JPN,2017,18.9878945850343
NE.CON.GOVT.ZS,JPN,2016,19.1952236323288
NE.CON.GOVT.ZS,JPN,2015,19.1606996744383
NE.CON.GOVT.ZS,JPN,2014,19.569565912101
NE.CON.GOVT.ZS,JPN,2013,19.6310664026448
NE.CON.GOVT.ZS,JPN,2012,19.729504957783
NE.CON.GOVT.ZS,JPN,2011,19.6755211097853
NE.CON.GOVT.ZS,JPN,2010,18.9527729272536
NE.CON.GOVT.ZS,JPN,2009,19.0444721731763
NE.CON.GOVT.ZS,JPN,2008,17.6813434344154
NE.CON.GOVT.ZS,JPN,2007,17.3297481265532
NE.CON.GOVT.ZS,JPN,2006,17.3348120303534
NE.CON.GOVT.ZS,JPN,2005,17.5160759916723
NE.CON.GOVT.ZS,JPN,2004,17.5017268819927
NE.CON.GOVT.ZS,JPN,2003,17.6035501284581
NE.CON.GOVT.ZS,JPN,2002,17.5230676412891
NE.CON.GOVT.ZS,JPN,2001,16.9871214974893
NE.CON.GOVT.ZS,JPN,2000,16.2988493817018
NE.CON.GOVT.ZS,JPN,1999,15.9945261914698
NE.CON.GOVT.ZS,JPN,1998,15.4361830577356
NE.CON.GOVT.ZS,JPN,1997,14.9826442966925
NE.CON.GOVT.ZS,JPN,1996,14.858029038795
NE.CON.GOVT.ZS,JPN,1995,14.8077943955396
NE.CON.GOVT.ZS,JPN,1994,14.4326420793325
NE.CON.GOVT.ZS,JPN,1993,14.0412583176099
NE.CON.GOVT.ZS,JPN,1992,13.4484839677197
NE.CON.GOVT.ZS,JPN,1991,13.074350983313
NE.CON.GOVT.ZS,JPN,1990,13.0342422778397
NE.CON.GOVT.ZS,MEX,2025,11.7906956206298
NE.CON.GOVT.ZS,MEX,2024,11.6225557793018
NE.CON.GOVT.ZS,MEX,2023,11.2418882240693
NE.CON.GOVT.ZS,MEX,2022,11.1310457410755
NE.CON.GOVT.ZS,MEX,2021,11.4047335546323
NE.CON.GOVT.ZS,MEX,2020,12.1968302797085
NE.CON.GOVT.ZS,MEX,2019,11.1079031004189
NE.CON.GOVT.ZS,MEX,2018,11.2562967715418
NE.CON.GOVT.ZS,MEX,2017,11.2156675519089
NE.CON.GOVT.ZS,MEX,2016,11.5736804911904
NE.CON.GOVT.ZS,MEX,2015,11.9012461267599
NE.CON.GOVT.ZS,MEX,2014,11.7538929137246
NE.CON.GOVT.ZS,MEX,2013,11.7127320778729
NE.CON.GOVT.ZS,MEX,2012,11.4486765375607
NE.CON.GOVT.ZS,MEX,2011,11.3282462816794
NE.CON.GOVT.ZS,MEX,2010,11.2739649257548
NE.CON.GOVT.ZS,MEX,2009,11.3834438585706
NE.CON.GOVT.ZS,MEX,2008,10.2592374986528
NE.CON.GOVT.ZS,MEX,2007,9.9478928345363
NE.CON.GOVT.ZS,MEX,2006,9.89214269664029
NE.CON.GOVT.ZS,MEX,2005,10.0762299861197
NE.CON.GOVT.ZS,MEX,2004,10.0161818460585
NE.CON.GOVT.ZS,MEX,2003,10.4980403656953
NE.CON.GOVT.ZS,MEX,2002,9.83812245798445
NE.CON.GOVT.ZS,MEX,2001,9.35531059790458
NE.CON.GOVT.ZS,MEX,2000,9.03701601445798
NE.CON.GOVT.ZS,MEX,1999,8.68918618690726
NE.CON.GOVT.ZS,MEX,1998,8.03111070015044
NE.CON.GOVT.ZS,MEX,1997,7.85051211515208
NE.CON.GOVT.ZS,MEX,1996,7.66513804599418
NE.CON.GOVT.ZS,MEX,1995,8.04099372436735
NE.CON.GOVT.ZS,MEX,1994,8.97501349673226
NE.CON.GOVT.ZS,MEX,1993,8.57734983797047
NE.CON.GOVT.ZS,MEX,1992,9.94287452110455
NE.CON.GOVT.ZS,MEX,1991,9.11590346275984
NE.CON.GOVT.ZS,MEX,1990,8.430745096664
NE.CON.GOVT.ZS,URY,2025,17.6025541164343
NE.CON.GOVT.ZS,URY,2024,17.3821836403447
NE.CON.GOVT.ZS,URY,2023,17.2515286032454
NE.CON.GOVT.ZS,URY,2022,16.4265115337913
NE.CON.GOVT.ZS,URY,2021,16.8274298950959
NE.CON.GOVT.ZS,URY,2020,18.0526234767609
NE.CON.GOVT.ZS,URY,2019,17.2836779473899
NE.CON.GOVT.ZS,URY,2018,16.8898043510852
NE.CON.GOVT.ZS,URY,2017,16.494336903596
NE.CON.GOVT.ZS,URY,2016,15.9448312059846
NE.CON.GOVT.ZS,URY,2015,13.8358099973704
NE.CON.GOVT.ZS,URY,2014,13.6963930072559
NE.CON.GOVT.ZS,URY,2013,13.5224297817283
NE.CON.GOVT.ZS,URY,2012,13.273834491652
NE.CON.GOVT.ZS,URY,2011,12.7604586461063
NE.CON.GOVT.ZS,URY,2010,12.64589594908
NE.CON.GOVT.ZS,URY,2009,12.9437940671953
NE.CON.GOVT.ZS,URY,2008,12.2130864916131
NE.CON.GOVT.ZS,URY,2007,11.4801831825683
NE.CON.GOVT.ZS,URY,2006,11.2852638649094
NE.CON.GOVT.ZS,URY,2005,10.9354580037111
NE.CON.GOVT.ZS,URY,2004,11.0050185738234
NE.CON.GOVT.ZS,URY,2003,11.9890885893952
NE.CON.GOVT.ZS,URY,2002,12.3477943480481
NE.CON.GOVT.ZS,URY,2001,12.4920421206891
NE.CON.GOVT.ZS,URY,2000,12.3560487504224
NE.CON.GOVT.ZS,URY,1999,12.1913473805262
NE.CON.GOVT.ZS,URY,1998,10.8980410118412
NE.CON.GOVT.ZS,URY,1997,11.0416263605056
NE.CON.GOVT.ZS,URY,1996,12.81098519885
NE.CON.GOVT.ZS,URY,1995,11.8392008061517
NE.CON.GOVT.ZS,URY,1994,11.8714549164165
NE.CON.GOVT.ZS,URY,1993,12.1754488074226
NE.CON.GOVT.ZS,URY,1992,11.5840772004318
NE.CON.GOVT.ZS,URY,1991,11.9618423259359
NE.CON.GOVT.ZS,URY,1990,12.0973181409105
NE.CON.GOVT.ZS,USA,2024,13.6249512893588
NE.CON.GOVT.ZS,USA,2023,13.5407140861824
NE.CON.GOVT.ZS,USA,2022,13.6769940249355
NE.CON.GOVT.ZS,USA,2021,14.2309724351013
NE.CON.GOVT.ZS,USA,2020,14.8775026630059
NE.CON.GOVT.ZS,USA,2019,13.9835585749329
NE.CON.GOVT.ZS,USA,2018,13.8442126445718
NE.CON.GOVT.ZS,USA,2017,13.8471337748498
NE.CON.GOVT.ZS,USA,2016,14.1100041249858
NE.CON.GOVT.ZS,USA,2015,14.2333167295426
NE.CON.GOVT.ZS,USA,2014,14.5516578754664
NE.CON.GOVT.ZS,USA,2013,14.9919585599706
NE.CON.GOVT.ZS,USA,2012,15.4758437477121
NE.CON.GOVT.ZS,USA,2011,16.0984239985661
NE.CON.GOVT.ZS,USA,2010,16.6858385201221
NE.CON.GOVT.ZS,USA,2009,16.8076926291334
NE.CON.GOVT.ZS,USA,2008,15.9340689845308
NE.CON.GOVT.ZS,USA,2007,15.1892867792327
NE.CON.GOVT.ZS,USA,2006,15.0044554761098
NE.CON.GOVT.ZS,USA,2005,15.0471459247069
NE.CON.GOVT.ZS,USA,2004,15.1583063740649
NE.CON.GOVT.ZS,USA,2003,15.243622588149
NE.CON.GOVT.ZS,USA,2002,15.0590423298955
NE.CON.GOVT.ZS,USA,2001,14.535639012509
NE.CON.GOVT.ZS,USA,2000,14.0239462637226
NE.CON.GOVT.ZS,USA,1999,14.0318021524276
NE.CON.GOVT.ZS,USA,1998,13.9868983341493
NE.CON.GOVT.ZS,USA,1997,14.2293279014805
NE.CON.GOVT.ZS,USA,1996,14.5283200229106
NE.CON.GOVT.ZS,USA,1995,14.9447710913016
NE.CON.GOVT.ZS,USA,1994,15.2060534337024
NE.CON.GOVT.ZS,USA,1993,15.6452689260237
NE.CON.GOVT.ZS,USA,1992,16.0786874646011
NE.CON.GOVT.ZS,USA,1991,16.3175698333049
NE.CON.GOVT.ZS,USA,1990,15.9007731491978
NE.CON.GOVT.ZS,VNM,2025,9.37624929603956
NE.CON.GOVT.ZS,VNM,2024,8.84234811730325
NE.CON.GOVT.ZS,VNM,2023,8.81255291297319
NE.CON.GOVT.ZS,VNM,2022,8.81892224803344
NE.CON.GOVT.ZS,VNM,2021,9.58508554643739
NE.CON.GOVT.ZS,VNM,2020,9.47881328344632
NE.CON.GOVT.ZS,VNM,2019,9.5788363682709
NE.CON.GOVT.ZS,VNM,2018,9.74588913320742
NE.CON.GOVT.ZS,VNM,2017,10.1349272840895
NE.CON.GOVT.ZS,VNM,2016,10.3983766667541
NE.CON.GOVT.ZS,VNM,2015,10.6549127142472
NE.CON.GOVT.ZS,VNM,2014,10.3174617549851
NE.CON.GOVT.ZS,VNM,2013,10.9161669772076
NE.CON.GOVT.ZS,VNM,2012,10.4451862897283
NE.CON.GOVT.ZS,VNM,2011,9.98091727618404
NE.CON.GOVT.ZS,VNM,2010,10.3833082456979
NE.CON.GOVT.ZS,VNM,2009,5.77840741696787
NE.CON.GOVT.ZS,VNM,2008,5.62508392392053
NE.CON.GOVT.ZS,VNM,2007,5.55411627975992
NE.CON.GOVT.ZS,VNM,2006,5.53277472411016
NE.CON.GOVT.ZS,VNM,2005,5.46520189802856
NE.CON.GOVT.ZS,VNM,2004,6.39096220224323
NE.CON.GOVT.ZS,VNM,2003,6.32006559696663
NE.CON.GOVT.ZS,VNM,2002,6.2322449147196
NE.CON.GOVT.ZS,VNM,2001,6.3293821876396
NE.CON.GOVT.ZS,VNM,2000,6.41826259040046
NE.CON.GOVT.ZS,VNM,1999,6.78523385890954
NE.CON.GOVT.ZS,VNM,1998,7.62374071027126
NE.CON.GOVT.ZS,VNM,1997,8.13078122459131
NE.CON.GOVT.ZS,VNM,1996,8.35257098325222
NE.CON.GOVT.ZS,VNM,1995,8.18770424479667
NE.TRD.GNFS.ZS,ARG,2025,30.364633685192
NE.TRD.GNFS.ZS,ARG,2024,27.929760849367
NE.TRD.GNFS.ZS,ARG,2023,26.6769512482215
NE.TRD.GNFS.ZS,ARG,2022,31.5801792606256
NE.TRD.GNFS.ZS,ARG,2021,33.078689567466
NE.TRD.GNFS.ZS,ARG,2020,30.203698807416
NE.TRD.GNFS.ZS,ARG,2019,32.6306150458499
NE.TRD.GNFS.ZS,ARG,2018,30.7625359549926
NE.TRD.GNFS.ZS,ARG,2017,25.2896011376779
NE.TRD.GNFS.ZS,ARG,2016,26.0938878488799
NE.TRD.GNFS.ZS,ARG,2015,22.4862260889792
NE.TRD.GNFS.ZS,ARG,2014,28.4067936452275
NE.TRD.GNFS.ZS,ARG,2013,29.3339290021037
NE.TRD.GNFS.ZS,ARG,2012,30.5265423717108
NE.TRD.GNFS.ZS,ARG,2011,35.2061549999644
NE.TRD.GNFS.ZS,ARG,2010,34.9710132635696
NE.TRD.GNFS.ZS,ARG,2009,34.0571269054879
NE.TRD.GNFS.ZS,ARG,2008,40.4026733790382
NE.TRD.GNFS.ZS,ARG,2007,40.945170618571
NE.TRD.GNFS.ZS,ARG,2006,40.4334798719151
NE.TRD.GNFS.ZS,ARG,2005,40.5512709706238
NE.TRD.GNFS.ZS,ARG,2004,40.692646108947
NE.TRD.GNFS.ZS,ARG,2003,40.6447480311085
NE.TRD.GNFS.ZS,ARG,2002,41.7527243585642
NE.TRD.GNFS.ZS,ARG,2001,21.8522554515453
NE.TRD.GNFS.ZS,ARG,2000,22.6224447777343
NE.TRD.GNFS.ZS,ARG,1999,21.3827449624898
NE.TRD.GNFS.ZS,ARG,1998,23.3500279730689
NE.TRD.GNFS.ZS,ARG,1997,23.3361788437439
NE.TRD.GNFS.ZS,ARG,1996,21.5064684057215
NE.TRD.GNFS.ZS,ARG,1995,19.7714230903755
NE.TRD.GNFS.ZS,ARG,1994,18.1343458669981
NE.TRD.GNFS.ZS,ARG,1993,16.223151447784
NE.TRD.GNFS.ZS,ARG,1992,14.730980586353
NE.TRD.GNFS.ZS,ARG,1991,13.7530541588891
NE.TRD.GNFS.ZS,ARG,1990,14.9908589999441
NE.TRD.GNFS.ZS,BRA,2025,35.2914822615074
NE.TRD.GNFS.ZS,BRA,2024,35.5845239386244
NE.TRD.GNFS.ZS,BRA,2023,33.6662298301438
NE.TRD.GNFS.ZS,BRA,2022,38.8160659763397
NE.TRD.GNFS.ZS,BRA,2021,37.6563307598082
NE.TRD.GNFS.ZS,BRA,2020,32.3020785437939
NE.TRD.GNFS.ZS,BRA,2019,28.8902578698964
NE.TRD.GNFS.ZS,BRA,2018,28.8762033763866
NE.TRD.GNFS.ZS,BRA,2017,24.3197343743057
NE.TRD.GNFS.ZS,BRA,2016,24.5336820777006
NE.TRD.GNFS.ZS,BRA,2015,26.95362593736
NE.TRD.GNFS.ZS,BRA,2014,24.6854058131291
NE.TRD.GNFS.ZS,BRA,2013,25.7859573274674
NE.TRD.GNFS.ZS,BRA,2012,25.1142736107398
NE.TRD.GNFS.ZS,BRA,2011,23.9344051758721
NE.TRD.GNFS.ZS,BRA,2010,22.772178113177
NE.TRD.GNFS.ZS,BRA,2009,22.1059756060333
NE.TRD.GNFS.ZS,BRA,2008,27.257569417356
NE.TRD.GNFS.ZS,BRA,2007,25.2926113755394
NE.TRD.GNFS.ZS,BRA,2006,26.04169989179
NE.TRD.GNFS.ZS,BRA,2005,27.0867952043315
NE.TRD.GNFS.ZS,BRA,2004,29.6782524787535
NE.TRD.GNFS.ZS,BRA,2003,28.1403847231593
NE.TRD.GNFS.ZS,BRA,2002,27.6183574022309
NE.TRD.GNFS.ZS,BRA,2001,26.936285022064
NE.TRD.GNFS.ZS,BRA,2000,22.6397613567941
NE.TRD.GNFS.ZS,BRA,1999,20.9821664782285
NE.TRD.GNFS.ZS,BRA,1998,16.4385849312059
NE.TRD.GNFS.ZS,BRA,1997,16.5762092613247
NE.TRD.GNFS.ZS,BRA,1996,15.6355914758682
NE.TRD.GNFS.ZS,BRA,1995,16.9844599991956
NE.TRD.GNFS.ZS,BRA,1994,18.6747597961023
NE.TRD.GNFS.ZS,BRA,1993,19.5993205474635
NE.TRD.GNFS.ZS,BRA,1992,19.2533747878959
NE.TRD.GNFS.ZS,BRA,1991,16.5920777626646
NE.TRD.GNFS.ZS,BRA,1990,15.1555990810218
NE.TRD.GNFS.ZS,CAN,2025,63.5105049692227
NE.TRD.GNFS.ZS,CAN,2024,65.1214987304374
NE.TRD.GNFS.ZS,CAN,2023,66.5745425015033
NE.TRD.GNFS.ZS,CAN,2022,66.9531620692051
NE.TRD.GNFS.ZS,CAN,2021,62.2468612630348
NE.TRD.GNFS.ZS,CAN,2020,61.1566883386797
NE.TRD.GNFS.ZS,CAN,2019,66.1713422730605
NE.TRD.GNFS.ZS,CAN,2018,66.59982627163
NE.TRD.GNFS.ZS,CAN,2017,65.1009087910845
NE.TRD.GNFS.ZS,CAN,2016,65.3636199818813
NE.TRD.GNFS.ZS,CAN,2015,66.1648355844224
NE.TRD.GNFS.ZS,CAN,2014,64.3785976132125
NE.TRD.GNFS.ZS,CAN,2013,62.2315329073432
NE.TRD.GNFS.ZS,CAN,2012,62.5957887432013
NE.TRD.GNFS.ZS,CAN,2011,62.4984217100546
NE.TRD.GNFS.ZS,CAN,2010,60.2079046752442
NE.TRD.GNFS.ZS,CAN,2009,58.4742801830543
NE.TRD.GNFS.ZS,CAN,2008,67.023446571123
NE.TRD.GNFS.ZS,CAN,2007,66.2834197482347
NE.TRD.GNFS.ZS,CAN,2006,68.0508003453151
NE.TRD.GNFS.ZS,CAN,2005,69.7585441602155
NE.TRD.GNFS.ZS,CAN,2004,70.1923674409029
NE.TRD.GNFS.ZS,CAN,2003,69.8399832953973
NE.TRD.GNFS.ZS,CAN,2002,75.7069052324349
NE.TRD.GNFS.ZS,CAN,2001,78.3442183943698
NE.TRD.GNFS.ZS,CAN,2000,82.7653578503214
NE.TRD.GNFS.ZS,CAN,1999,80.1147908564172
NE.TRD.GNFS.ZS,CAN,1998,78.0812683804376
NE.TRD.GNFS.ZS,CAN,1997,74.3365281134772
NE.TRD.GNFS.ZS,CAN,1996,70.2600734560392
NE.TRD.GNFS.ZS,CAN,1995,69.0617480799547
NE.TRD.GNFS.ZS,CAN,1994,64.3915441455001
NE.TRD.GNFS.ZS,CAN,1993,58.2507961453047
NE.TRD.GNFS.ZS,CAN,1992,52.7380309449972
NE.TRD.GNFS.ZS,CAN,1991,49.2234668475419
NE.TRD.GNFS.ZS,CAN,1990,49.9944644220497
NE.TRD.GNFS.ZS,CHE,2025,147.162051317959
NE.TRD.GNFS.ZS,CHE,2024,130.354516041578
NE.TRD.GNFS.ZS,CHE,2023,129.7371945484
NE.TRD.GNFS.ZS,CHE,2022,136.235871048363
NE.TRD.GNFS.ZS,CHE,2021,128.004119652561
NE.TRD.GNFS.ZS,CHE,2020,121.451100609762
NE.TRD.GNFS.ZS,CHE,2019,123.022509832864
NE.TRD.GNFS.ZS,CHE,2018,123.499829706856
NE.TRD.GNFS.ZS,CHE,2017,122.948395589146
NE.TRD.GNFS.ZS,CHE,2016,122.941735178779
NE.TRD.GNFS.ZS,CHE,2015,116.370019931647
NE.TRD.GNFS.ZS,CHE,2014,119.230530793932
NE.TRD.GNFS.ZS,CHE,2013,132.800535321539
NE.TRD.GNFS.ZS,CHE,2012,125.865940588688
NE.TRD.GNFS.ZS,CHE,2011,125.047367558638
NE.TRD.GNFS.ZS,CHE,2010,119.202460523177
NE.TRD.GNFS.ZS,CHE,2009,109.062731270231
NE.TRD.GNFS.ZS,CHE,2008,116.342641744869
NE.TRD.GNFS.ZS,CHE,2007,112.709971761703
NE.TRD.GNFS.ZS,CHE,2006,105.761916866753
NE.TRD.GNFS.ZS,CHE,2005,101.668892487876
NE.TRD.GNFS.ZS,CHE,2004,95.0327601603667
NE.TRD.GNFS.ZS,CHE,2003,89.7492121342442
NE.TRD.GNFS.ZS,CHE,2002,90.8996540981166
NE.TRD.GNFS.ZS,CHE,2001,95.2126294750525
NE.TRD.GNFS.ZS,CHE,2000,97.3533027751465
NE.TRD.GNFS.ZS,CHE,1999,89.0947747052773
NE.TRD.GNFS.ZS,CHE,1998,87.5735021497451
NE.TRD.GNFS.ZS,CHE,1997,87.7278967644152
NE.TRD.GNFS.ZS,CHE,1996,77.8113363495061
NE.TRD.GNFS.ZS,CHE,1995,75.1376882191202
NE.TRD.GNFS.ZS,CHE,1994,75.041108275243
NE.TRD.GNFS.ZS,CHE,1993,76.5352937767088
NE.TRD.GNFS.ZS,CHE,1992,77.737990004847
NE.TRD.GNFS.ZS,CHE,1991,77.0959452073654
NE.TRD.GNFS.ZS,CHE,1990,81.3269867032983
NE.TRD.GNFS.ZS,CHL,2025,64.984377042281
NE.TRD.GNFS.ZS,CHL,2024,63.9577465302563
NE.TRD.GNFS.ZS,CHL,2023,60.6766444736157
NE.TRD.GNFS.ZS,CHL,2022,75.2334197533759
NE.TRD.GNFS.ZS,CHL,2021,64.8399924791736
NE.TRD.GNFS.ZS,CHL,2020,58.1687693933374
NE.TRD.GNFS.ZS,CHL,2019,57.6069157856537
NE.TRD.GNFS.ZS,CHL,2018,58.1770513035882
NE.TRD.GNFS.ZS,CHL,2017,56.0261586393213
NE.TRD.GNFS.ZS,CHL,2016,56.0578603070995
NE.TRD.GNFS.ZS,CHL,2015,59.3491105681231
NE.TRD.GNFS.ZS,CHL,2014,65.6346274347707
NE.TRD.GNFS.ZS,CHL,2013,65.1432877063737
NE.TRD.GNFS.ZS,CHL,2012,68.1561435339271
NE.TRD.GNFS.ZS,CHL,2011,72.481642209343
NE.TRD.GNFS.ZS,CHL,2010,69.7176802332624
NE.TRD.GNFS.ZS,CHL,2009,66.6860312494996
NE.TRD.GNFS.ZS,CHL,2008,80.676626653784
NE.TRD.GNFS.ZS,CHL,2007,76.9770240591423
NE.TRD.GNFS.ZS,CHL,2006,73.7116341203328
NE.TRD.GNFS.ZS,CHL,2005,72.062533372953
NE.TRD.GNFS.ZS,CHL,2004,69.8893603825954
NE.TRD.GNFS.ZS,CHL,2003,65.6934161956491
NE.TRD.GNFS.ZS,CHL,2002,62.4838547414591
NE.TRD.GNFS.ZS,CHL,2001,62.144766332768
NE.TRD.GNFS.ZS,CHL,2000,58.7119233335812
NE.TRD.GNFS.ZS,CHL,1999,54.6956096251975
NE.TRD.GNFS.ZS,CHL,1998,53.8361806045338
NE.TRD.GNFS.ZS,CHL,1997,54.099302009374
NE.TRD.GNFS.ZS,CHL,1996,53.9207522864456
NE.TRD.GNFS.ZS,CHL,1995,54.6874835998853
NE.TRD.GNFS.ZS,CHL,1994,52.8076839539658
NE.TRD.GNFS.ZS,CHL,1993,52.9138530560271
NE.TRD.GNFS.ZS,CHL,1992,55.5417477003547
NE.TRD.GNFS.ZS,CHL,1991,57.5075471638552
NE.TRD.GNFS.ZS,CHL,1990,61.2086377787818
NE.TRD.GNFS.ZS,CHN,2025,37.9563878652312
NE.TRD.GNFS.ZS,CHN,2024,37.9560601372544
NE.TRD.GNFS.ZS,CHN,2023,36.7391496938394
NE.TRD.GNFS.ZS,CHN,2022,37.512555678171
NE.TRD.GNFS.ZS,CHN,2021,36.6428789643754
NE.TRD.GNFS.ZS,CHN,2020,34.337778473884
NE.TRD.GNFS.ZS,CHN,2019,35.4544350281407
NE.TRD.GNFS.ZS,CHN,2018,36.8943843914718
NE.TRD.GNFS.ZS,CHN,2017,36.95085261586
NE.TRD.GNFS.ZS,CHN,2016,36.177170692978
NE.TRD.GNFS.ZS,CHN,2015,38.6971848362625
NE.TRD.GNFS.ZS,CHN,2014,44.0684564812532
NE.TRD.GNFS.ZS,CHN,2013,45.9160413795571
NE.TRD.GNFS.ZS,CHN,2012,47.4802130784317
NE.TRD.GNFS.ZS,CHN,2011,49.9458272253643
NE.TRD.GNFS.ZS,CHN,2010,49.8540722338977
NE.TRD.GNFS.ZS,CHN,2009,44.4197644331119
NE.TRD.GNFS.ZS,CHN,2008,56.7111330003209
NE.TRD.GNFS.ZS,CHN,2007,61.2664640006176
NE.TRD.GNFS.ZS,CHN,2006,63.5695798621627
NE.TRD.GNFS.ZS,CHN,2005,61.3600749408237
NE.TRD.GNFS.ZS,CHN,2004,58.6403340408439
NE.TRD.GNFS.ZS,CHN,2003,51.0774801301803
NE.TRD.GNFS.ZS,CHN,2002,42.1944423387413
NE.TRD.GNFS.ZS,CHN,2001,38.0826469518334
NE.TRD.GNFS.ZS,CHN,2000,39.0109424774998
NE.TRD.GNFS.ZS,CHN,1999,33.2255380760054
NE.TRD.GNFS.ZS,CHN,1998,32.1717399357488
NE.TRD.GNFS.ZS,CHN,1997,34.3135763220021
NE.TRD.GNFS.ZS,CHN,1996,33.6287512313005
NE.TRD.GNFS.ZS,CHN,1995,34.1049521589323
NE.TRD.GNFS.ZS,CHN,1994,35.605463524878
NE.TRD.GNFS.ZS,CHN,1993,35.9086416582146
NE.TRD.GNFS.ZS,CHN,1992,30.0340940533808
NE.TRD.GNFS.ZS,CHN,1991,25.8729814947102
NE.TRD.GNFS.ZS,CHN,1990,24.2259824799678
NE.TRD.GNFS.ZS,EMU,2025,87.3240296135247
NE.TRD.GNFS.ZS,EMU,2024,88.6423241807433
NE.TRD.GNFS.ZS,EMU,2023,92.1561685782896
NE.TRD.GNFS.ZS,EMU,2022,100.761322940431
NE.TRD.GNFS.ZS,EMU,2021,88.5555185521565
NE.TRD.GNFS.ZS,EMU,2020,81.3265191323919
NE.TRD.GNFS.ZS,EMU,2019,88.1241601253515
NE.TRD.GNFS.ZS,EMU,2018,87.9677965821851
NE.TRD.GNFS.ZS,EMU,2017,86.3221003349213
NE.TRD.GNFS.ZS,EMU,2016,83.3034421746615
NE.TRD.GNFS.ZS,EMU,2015,84.3015191376678
NE.TRD.GNFS.ZS,EMU,2014,82.9707940474164
NE.TRD.GNFS.ZS,EMU,2013,82.5307901176785
NE.TRD.GNFS.ZS,EMU,2012,82.8178062931547
NE.TRD.GNFS.ZS,EMU,2011,81.1784949954466
NE.TRD.GNFS.ZS,EMU,2010,75.9885470999795
NE.TRD.GNFS.ZS,EMU,2009,68.1038379353722
NE.TRD.GNFS.ZS,EMU,2008,78.4270171560824
NE.TRD.GNFS.ZS,EMU,2007,77.5110407639923
NE.TRD.GNFS.ZS,EMU,2006,75.8025240478873
NE.TRD.GNFS.ZS,EMU,2005,71.7303843344521
NE.TRD.GNFS.ZS,EMU,2004,68.6594661106373
NE.TRD.GNFS.ZS,EMU,2003,65.8310575640424
NE.TRD.GNFS.ZS,EMU,2002,67.3009798101577
NE.TRD.GNFS.ZS,EMU,2001,69.6972047933024
NE.TRD.GNFS.ZS,EMU,2000,70.5418081502294
NE.TRD.GNFS.ZS,EMU,1999,62.9792249214165
NE.TRD.GNFS.ZS,EMU,1998,62.1856772220913
NE.TRD.GNFS.ZS,EMU,1997,60.9947996281073
NE.TRD.GNFS.ZS,EMU,1996,56.9946512578064
NE.TRD.GNFS.ZS,EMU,1995,56.1849850319022
NE.TRD.GNFS.ZS,EMU,1994,53.380984930976
NE.TRD.GNFS.ZS,EMU,1993,50.7677586599699
NE.TRD.GNFS.ZS,EMU,1992,52.6006971992484
NE.TRD.GNFS.ZS,EMU,1991,53.4687900216946
NE.TRD.GNFS.ZS,EMU,1990,53.1887552271206
NE.TRD.GNFS.ZS,GBR,2025,62.4573294634195
NE.TRD.GNFS.ZS,GBR,2024,62.839052044584
NE.TRD.GNFS.ZS,GBR,2023,64.9923841747803
NE.TRD.GNFS.ZS,GBR,2022,69.1989264413981
NE.TRD.GNFS.ZS,GBR,2021,58.53838629291
NE.TRD.GNFS.ZS,GBR,2020,59.1598893030611
NE.TRD.GNFS.ZS,GBR,2019,65.0035664177054
NE.TRD.GNFS.ZS,GBR,2018,64.9097721959201
NE.TRD.GNFS.ZS,GBR,2017,63.1899245764158
NE.TRD.GNFS.ZS,GBR,2016,59.8395315138259
NE.TRD.GNFS.ZS,GBR,2015,57.125044605439
NE.TRD.GNFS.ZS,GBR,2014,58.8210228333296
NE.TRD.GNFS.ZS,GBR,2013,61.7195395154583
NE.TRD.GNFS.ZS,GBR,2012,61.9688704472535
NE.TRD.GNFS.ZS,GBR,2011,63.3240615708901
NE.TRD.GNFS.ZS,GBR,2010,59.0511802227821
NE.TRD.GNFS.ZS,GBR,2009,54.6537301085991
NE.TRD.GNFS.ZS,GBR,2008,56.4365501052604
NE.TRD.GNFS.ZS,GBR,2007,52.7493524964733
NE.TRD.GNFS.ZS,GBR,2006,56.7047791729812
NE.TRD.GNFS.ZS,GBR,2005,52.5442740383211
NE.TRD.GNFS.ZS,GBR,2004,50.2885521756133
NE.TRD.GNFS.ZS,GBR,2003,50.0681187039704
NE.TRD.GNFS.ZS,GBR,2002,51.2361820991323
NE.TRD.GNFS.ZS,GBR,2001,52.6342367336438
NE.TRD.GNFS.ZS,GBR,2000,52.3380212335903
NE.TRD.GNFS.ZS,GBR,1999,49.4683905163429
NE.TRD.GNFS.ZS,GBR,1998,49.1409088914683
NE.TRD.GNFS.ZS,GBR,1997,50.7045618383811
NE.TRD.GNFS.ZS,GBR,1996,52.0576088895797
NE.TRD.GNFS.ZS,GBR,1995,50.8300766971451
NE.TRD.GNFS.ZS,GBR,1994,51.886107010773
NE.TRD.GNFS.ZS,GBR,1993,49.7481967801462
NE.TRD.GNFS.ZS,GBR,1992,46.3059467099097
NE.TRD.GNFS.ZS,GBR,1991,45.3156600809302
NE.TRD.GNFS.ZS,GBR,1990,48.2498264500798
NE.TRD.GNFS.ZS,IND,2025,46.2682006859907
NE.TRD.GNFS.ZS,IND,2024,45.9166907678748
NE.TRD.GNFS.ZS,IND,2023,46.3229520582338
NE.TRD.GNFS.ZS,IND,2022,50.6979382758042
NE.TRD.GNFS.ZS,IND,2021,45.4230887840446
NE.TRD.GNFS.ZS,IND,2020,37.7581053292768
NE.TRD.GNFS.ZS,IND,2019,39.9054035306442
NE.TRD.GNFS.ZS,IND,2018,43.6169693323889
NE.TRD.GNFS.ZS,IND,2017,40.7424969545225
NE.TRD.GNFS.ZS,IND,2016,40.082485713276
NE.TRD.GNFS.ZS,IND,2015,41.9229138658647
NE.TRD.GNFS.ZS,IND,2014,48.9221857470669
NE.TRD.GNFS.ZS,IND,2013,53.8441319466777
NE.TRD.GNFS.ZS,IND,2012,55.7937217287511
NE.TRD.GNFS.ZS,IND,2011,55.6238800135298
NE.TRD.GNFS.ZS,IND,2010,49.2552064974161
NE.TRD.GNFS.ZS,IND,2009,46.2728696428837
NE.TRD.GNFS.ZS,IND,2008,53.3682204392226
NE.TRD.GNFS.ZS,IND,2007,45.686268679348
NE.TRD.GNFS.ZS,IND,2006,45.7244804992652
NE.TRD.GNFS.ZS,IND,2005,42.0016696148691
NE.TRD.GNFS.ZS,IND,2004,37.503814059447
NE.TRD.GNFS.ZS,IND,2003,30.592436132908
NE.TRD.GNFS.ZS,IND,2002,29.5086629350614
NE.TRD.GNFS.ZS,IND,2001,25.9932547534365
NE.TRD.GNFS.ZS,IND,2000,26.9009229104474
NE.TRD.GNFS.ZS,IND,1999,24.8155980442929
NE.TRD.GNFS.ZS,IND,1998,23.6994700790647
NE.TRD.GNFS.ZS,IND,1997,22.6193868670479
NE.TRD.GNFS.ZS,IND,1996,21.9294878713867
NE.TRD.GNFS.ZS,IND,1995,22.8674487062499
NE.TRD.GNFS.ZS,IND,1994,20.0781443769255
NE.TRD.GNFS.ZS,IND,1993,19.6515397864684
NE.TRD.GNFS.ZS,IND,1992,18.433099041828
NE.TRD.GNFS.ZS,IND,1991,16.9877265511351
NE.TRD.GNFS.ZS,IND,1990,15.5062615101965
NE.TRD.GNFS.ZS,JPN,2024,44.8529388577573
NE.TRD.GNFS.ZS,JPN,2023,43.5950833802735
NE.TRD.GNFS.ZS,JPN,2022,44.86063102004
NE.TRD.GNFS.ZS,JPN,2021,35.4253927340539
NE.TRD.GNFS.ZS,JPN,2020,30.5192226892273
NE.TRD.GNFS.ZS,JPN,2019,34.3582972799989
NE.TRD.GNFS.ZS,JPN,2018,35.8035749582494
NE.TRD.GNFS.ZS,JPN,2017,33.6888336792782
NE.TRD.GNFS.ZS,JPN,2016,30.6562793068554
NE.TRD.GNFS.ZS,JPN,2015,34.7276305886293
NE.TRD.GNFS.ZS,JPN,2014,36.7643250218282
NE.TRD.GNFS.ZS,JPN,2013,33.5913694460807
NE.TRD.GNFS.ZS,JPN,2012,30.174299547803
NE.TRD.GNFS.ZS,JPN,2011,29.9713853558472
NE.TRD.GNFS.ZS,JPN,2010,28.2400150860666
NE.TRD.GNFS.ZS,JPN,2009,24.1730393019729
NE.TRD.GNFS.ZS,JPN,2008,33.7738026089171
NE.TRD.GNFS.ZS,JPN,2007,32.4957200262739
NE.TRD.GNFS.ZS,JPN,2006,29.714872929485
NE.TRD.GNFS.ZS,JPN,2005,25.9909279228382
NE.TRD.GNFS.ZS,JPN,2004,23.4324185456932
NE.TRD.GNFS.ZS,JPN,2003,21.0750119103347
NE.TRD.GNFS.ZS,JPN,2002,20.1432481553025
NE.TRD.GNFS.ZS,JPN,2001,19.2772303804527
NE.TRD.GNFS.ZS,JPN,2000,19.2751936529389
NE.TRD.GNFS.ZS,JPN,1999,17.9207503513808
NE.TRD.GNFS.ZS,JPN,1998,18.7651112452697
NE.TRD.GNFS.ZS,JPN,1997,19.4062642232127
NE.TRD.GNFS.ZS,JPN,1996,17.8974380473791
NE.TRD.GNFS.ZS,JPN,1995,16.1166693561401
NE.TRD.GNFS.ZS,JPN,1994,15.4842353027775
NE.TRD.GNFS.ZS,JPN,1993,15.399061805981
NE.TRD.GNFS.ZS,JPN,1992,16.6670890619573
NE.TRD.GNFS.ZS,JPN,1991,17.3931812597285
NE.TRD.GNFS.ZS,JPN,1990,18.9369349833675
NE.TRD.GNFS.ZS,MEX,2025,79.9239525815655
NE.TRD.GNFS.ZS,MEX,2024,75.4259015415068
NE.TRD.GNFS.ZS,MEX,2023,73.7390758255664
NE.TRD.GNFS.ZS,MEX,2022,88.7984855897261
NE.TRD.GNFS.ZS,MEX,2021,83.0692976264524
NE.TRD.GNFS.ZS,MEX,2020,76.8545557151738
NE.TRD.GNFS.ZS,MEX,2019,77.4619722509459
NE.TRD.GNFS.ZS,MEX,2018,80.212661650262
NE.TRD.GNFS.ZS,MEX,2017,76.95212604414
NE.TRD.GNFS.ZS,MEX,2016,75.6903034088551
NE.TRD.GNFS.ZS,MEX,2015,70.4129746799259
NE.TRD.GNFS.ZS,MEX,2014,64.0984090315875
NE.TRD.GNFS.ZS,MEX,2013,62.6916747661852
NE.TRD.GNFS.ZS,MEX,2012,64.2579318938989
NE.TRD.GNFS.ZS,MEX,2011,62.1623872764498
NE.TRD.GNFS.ZS,MEX,2010,59.2733845336286
NE.TRD.GNFS.ZS,MEX,2009,54.5917421356323
NE.TRD.GNFS.ZS,MEX,2008,56.3652818731773
NE.TRD.GNFS.ZS,MEX,2007,55.2585243990368
NE.TRD.GNFS.ZS,MEX,2006,54.4821160886169
NE.TRD.GNFS.ZS,MEX,2005,52.5626446570451
NE.TRD.GNFS.ZS,MEX,2004,52.0406200335632
NE.TRD.GNFS.ZS,MEX,2003,48.7004168690455
NE.TRD.GNFS.ZS,MEX,2002,45.209829259652
NE.TRD.GNFS.ZS,MEX,2001,44.7401090123173
NE.TRD.GNFS.ZS,MEX,2000,49.9104091872497
NE.TRD.GNFS.ZS,MEX,1999,48.0122495761105
NE.TRD.GNFS.ZS,MEX,1998,48.0318841400179
NE.TRD.GNFS.ZS,MEX,1997,46.4918755715735
NE.TRD.GNFS.ZS,MEX,1996,47.7678235339067
NE.TRD.GNFS.ZS,MEX,1995,43.6658317263397
NE.TRD.GNFS.ZS,MEX,1994,29.1584721341582
NE.TRD.GNFS.ZS,MEX,1993,26.1631235736702
NE.TRD.GNFS.ZS,MEX,1992,35.553495904112
NE.TRD.GNFS.ZS,MEX,1991,35.7865351574196
NE.TRD.GNFS.ZS,MEX,1990,38.5196964133297
NE.TRD.GNFS.ZS,URY,2025,49.7171497188849
NE.TRD.GNFS.ZS,URY,2024,51.4582237554765
NE.TRD.GNFS.ZS,URY,2023,52.3273108387018
NE.TRD.GNFS.ZS,URY,2022,60.2026828336525
NE.TRD.GNFS.ZS,URY,2021,58.3150555063308
NE.TRD.GNFS.ZS,URY,2020,47.7318331202564
NE.TRD.GNFS.ZS,URY,2019,49.7448660724665
NE.TRD.GNFS.ZS,URY,2018,47.7913453459107
NE.TRD.GNFS.ZS,URY,2017,46.3779636198842
NE.TRD.GNFS.ZS,URY,2016,48.4705353074514
NE.TRD.GNFS.ZS,URY,2015,45.3282408087534
NE.TRD.GNFS.ZS,URY,2014,49.0876240632174
NE.TRD.GNFS.ZS,URY,2013,49.7178464746233
NE.TRD.GNFS.ZS,URY,2012,55.0611541633768
NE.TRD.GNFS.ZS,URY,2011,53.2470340109018
NE.TRD.GNFS.ZS,URY,2010,51.6990372012256
NE.TRD.GNFS.ZS,URY,2009,53.3944192683736
NE.TRD.GNFS.ZS,URY,2008,65.2080950071821
NE.TRD.GNFS.ZS,URY,2007,59.2104478374095
NE.TRD.GNFS.ZS,URY,2006,61.9715745165876
NE.TRD.GNFS.ZS,URY,2005,58.8776963255774
NE.TRD.GNFS.ZS,URY,2004,61.4766880860242
NE.TRD.GNFS.ZS,URY,2003,51.7591995826472
NE.TRD.GNFS.ZS,URY,2002,40.02906730756
NE.TRD.GNFS.ZS,URY,2001,36.3095126435057
NE.TRD.GNFS.ZS,URY,2000,36.7137381507902
NE.TRD.GNFS.ZS,URY,1999,33.3864489469027
NE.TRD.GNFS.ZS,URY,1998,35.6400154006956
NE.TRD.GNFS.ZS,URY,1997,37.706397080707
NE.TRD.GNFS.ZS,URY,1996,39.5284364552889
NE.TRD.GNFS.ZS,URY,1995,38.0976748425287
NE.TRD.GNFS.ZS,URY,1994,40.1488337195203
NE.TRD.GNFS.ZS,URY,1993,38.6849667589585
NE.TRD.GNFS.ZS,URY,1992,40.0730436292529
NE.TRD.GNFS.ZS,URY,1991,38.5549047407092
NE.TRD.GNFS.ZS,URY,1990,41.6284721190914
NE.TRD.GNFS.ZS,USA,2024,25.0160172978284
NE.TRD.GNFS.ZS,USA,2023,24.9292981752847
NE.TRD.GNFS.ZS,USA,2022,26.9078981557739
NE.TRD.GNFS.ZS,USA,2021,25.2327260228331
NE.TRD.GNFS.ZS,USA,2020,23.1399437509149
NE.TRD.GNFS.ZS,USA,2019,26.2584806245428
NE.TRD.GNFS.ZS,USA,2018,27.4453591302618
NE.TRD.GNFS.ZS,USA,2017,27.1253382222874
NE.TRD.GNFS.ZS,USA,2016,26.4525977865465
NE.TRD.GNFS.ZS,USA,2015,27.6882139340768
NE.TRD.GNFS.ZS,USA,2014,29.906569337428
NE.TRD.GNFS.ZS,USA,2013,29.9413062848227
NE.TRD.GNFS.ZS,USA,2012,30.681839575193
NE.TRD.GNFS.ZS,USA,2011,30.842478575914
NE.TRD.GNFS.ZS,USA,2010,28.2198829408336
NE.TRD.GNFS.ZS,USA,2009,24.759527635837
NE.TRD.GNFS.ZS,USA,2008,29.8677875257061
NE.TRD.GNFS.ZS,USA,2007,28.0120155631098
NE.TRD.GNFS.ZS,USA,2006,26.9752858058903
NE.TRD.GNFS.ZS,USA,2005,25.6385573436769
NE.TRD.GNFS.ZS,USA,2004,24.4480566571904
NE.TRD.GNFS.ZS,USA,2003,22.6272972866813
NE.TRD.GNFS.ZS,USA,2002,22.2863842136065
NE.TRD.GNFS.ZS,USA,2001,22.9671830154975
NE.TRD.GNFS.ZS,USA,2000,25.1029855568536
NE.TRD.GNFS.ZS,USA,1999,23.3135697296238
NE.TRD.GNFS.ZS,USA,1998,22.8258939797637
NE.TRD.GNFS.ZS,USA,1997,23.4283278026178
NE.TRD.GNFS.ZS,USA,1996,22.6870719902412
NE.TRD.GNFS.ZS,USA,1995,22.4533816490568
NE.TRD.GNFS.ZS,USA,1994,21.0554591617453
NE.TRD.GNFS.ZS,USA,1993,20.0446187019752
NE.TRD.GNFS.ZS,USA,1992,19.9505945023923
NE.TRD.GNFS.ZS,USA,1991,19.7864481240974
NE.TRD.GNFS.ZS,USA,1990,19.8150673537315
NE.TRD.GNFS.ZS,VNM,2025,190.336808817292
NE.TRD.GNFS.ZS,VNM,2024,173.885260216071
NE.TRD.GNFS.ZS,VNM,2023,164.995585455876
NE.TRD.GNFS.ZS,VNM,2022,183.153619147836
NE.TRD.GNFS.ZS,VNM,2021,186.675832836814
NE.TRD.GNFS.ZS,VNM,2020,163.245862814935
NE.TRD.GNFS.ZS,VNM,2019,164.704215031408
NE.TRD.GNFS.ZS,VNM,2018,164.663936775893
NE.TRD.GNFS.ZS,VNM,2017,160.98008365887
NE.TRD.GNFS.ZS,VNM,2016,145.409507973118
NE.TRD.GNFS.ZS,VNM,2015,144.914228195237
NE.TRD.GNFS.ZS,VNM,2014,135.410521454361
NE.TRD.GNFS.ZS,VNM,2013,130.846354866743
NE.TRD.GNFS.ZS,VNM,2012,123.224116745985
NE.TRD.GNFS.ZS,VNM,2011,125.260577940829
NE.TRD.GNFS.ZS,VNM,2010,113.977687539714
NE.TRD.GNFS.ZS,VNM,2009,134.706317721758
NE.TRD.GNFS.ZS,VNM,2008,154.317479627758
NE.TRD.GNFS.ZS,VNM,2007,154.605383996554
NE.TRD.GNFS.ZS,VNM,2006,138.313621869598
NE.TRD.GNFS.ZS,VNM,2005,130.714846045026
NE.TRD.GNFS.ZS,VNM,2004,133.016497868747
NE.TRD.GNFS.ZS,VNM,2003,124.327954439125
NE.TRD.GNFS.ZS,VNM,2002,116.696868652499
NE.TRD.GNFS.ZS,VNM,2001,111.955937998525
NE.TRD.GNFS.ZS,VNM,2000,111.417094419512
NE.TRD.GNFS.ZS,VNM,1999,102.787406603958
NE.TRD.GNFS.ZS,VNM,1998,97.0012485118429
NE.TRD.GNFS.ZS,VNM,1997,94.3444840684516
NE.TRD.GNFS.ZS,VNM,1996,92.7057468018939
NE.TRD.GNFS.ZS,VNM,1995,74.7212659206088
NE.TRD.GNFS.ZS,VNM,1994,77.4731979426888
NE.TRD.GNFS.ZS,VNM,1993,66.2122671512498
NE.TRD.GNFS.ZS,VNM,1992,73.5768851264792
NE.TRD.GNFS.ZS,VNM,1991,66.9469523941752
NE.TRD.GNFS.ZS,VNM,1990,81.315697940889
NY.GDP.MKTP.CD,ARG,2025,683097891618.597
NY.GDP.MKTP.CD,ARG,2024,638365455340.04
NY.GDP.MKTP.CD,ARG,2023,649461687959.174
NY.GDP.MKTP.CD,ARG,2022,633993756301.08
NY.GDP.MKTP.CD,ARG,2021,486564085480.036
NY.GDP.MKTP.CD,ARG,2020,385740508436.965
NY.GDP.MKTP.CD,ARG,2019,447754683615.225
NY.GDP.MKTP.CD,ARG,2018,524819892360.176
NY.GDP.MKTP.CD,ARG,2017,643628393281.364
NY.GDP.MKTP.CD,ARG,2016,557532320662.955
NY.GDP.MKTP.CD,ARG,2015,594749285413.212
NY.GDP.MKTP.CD,ARG,2014,526319673731.638
NY.GDP.MKTP.CD,ARG,2013,552025140252.246
NY.GDP.MKTP.CD,ARG,2012,545982375701.128
NY.GDP.MKTP.CD,ARG,2011,530158122010.442
NY.GDP.MKTP.CD,ARG,2010,423627422092.49
NY.GDP.MKTP.CD,ARG,2009,332976484577.619
NY.GDP.MKTP.CD,ARG,2008,361558037110.419
NY.GDP.MKTP.CD,ARG,2007,287530508430.568
NY.GDP.MKTP.CD,ARG,2006,232557260817.308
NY.GDP.MKTP.CD,ARG,2005,198737095012.282
NY.GDP.MKTP.CD,ARG,2004,164657930452.787
NY.GDP.MKTP.CD,ARG,2003,127586973492.177
NY.GDP.MKTP.CD,ARG,2002,97724004251.8602
NY.GDP.MKTP.CD,ARG,2001,268696750000
NY.GDP.MKTP.CD,ARG,2000,284203750000
NY.GDP.MKTP.CD,ARG,1999,283523000000
NY.GDP.MKTP.CD,ARG,1998,298948250000
NY.GDP.MKTP.CD,ARG,1997,292859000000
NY.GDP.MKTP.CD,ARG,1996,272149750000
NY.GDP.MKTP.CD,ARG,1995,258031750000
NY.GDP.MKTP.CD,ARG,1994,257440000000
NY.GDP.MKTP.CD,ARG,1993,236741715015.015
NY.GDP.MKTP.CD,ARG,1992,228778917308.17
NY.GDP.MKTP.CD,ARG,1991,189719984268.485
NY.GDP.MKTP.CD,ARG,1990,141352654305.163
NY.GDP.MKTP.CD,BRA,2025,2279920092492.13
NY.GDP.MKTP.CD,BRA,2024,2185821610689.31
NY.GDP.MKTP.CD,BRA,2023,2191131765684.63
NY.GDP.MKTP.CD,BRA,2022,1951923942083.32
NY.GDP.MKTP.CD,BRA,2021,1670647398904.9
NY.GDP.MKTP.CD,BRA,2020,1476107231310.49
NY.GDP.MKTP.CD,BRA,2019,1873288205059.69
NY.GDP.MKTP.CD,BRA,2018,1916933898010.99
NY.GDP.MKTP.CD,BRA,2017,2063514977365.65
NY.GDP.MKTP.CD,BRA,2016,1795693482853.01
NY.GDP.MKTP.CD,BRA,2015,1802212206814.5
NY.GDP.MKTP.CD,BRA,2014,2456043727198.85
NY.GDP.MKTP.CD,BRA,2013,2472819535557.21
NY.GDP.MKTP.CD,BRA,2012,2465227802806.76
NY.GDP.MKTP.CD,BRA,2011,2616156223917.69
NY.GDP.MKTP.CD,BRA,2010,2208837745100.55
NY.GDP.MKTP.CD,BRA,2009,1666996438581.43
NY.GDP.MKTP.CD,BRA,2008,1695855083497.52
NY.GDP.MKTP.CD,BRA,2007,1397114486368.67
NY.GDP.MKTP.CD,BRA,2006,1107626541434.92
NY.GDP.MKTP.CD,BRA,2005,891633839894.183
NY.GDP.MKTP.CD,BRA,2004,669289424806.307
NY.GDP.MKTP.CD,BRA,2003,558233745651.874
NY.GDP.MKTP.CD,BRA,2002,509795273806.715
NY.GDP.MKTP.CD,BRA,2001,559983634798.981
NY.GDP.MKTP.CD,BRA,2000,655448231983.527
NY.GDP.MKTP.CD,BRA,1999,599642024319.531
NY.GDP.MKTP.CD,BRA,1998,863710759256.435
NY.GDP.MKTP.CD,BRA,1997,883206179730.462
NY.GDP.MKTP.CD,BRA,1996,850426432991.742
NY.GDP.MKTP.CD,BRA,1995,769333050986.905
NY.GDP.MKTP.CD,BRA,1994,525369467295.737
NY.GDP.MKTP.CD,BRA,1993,368292034380.96
NY.GDP.MKTP.CD,BRA,1992,328191909882.232
NY.GDP.MKTP.CD,BRA,1991,342534090909.091
NY.GDP.MKTP.CD,BRA,1990,384959818181.817
NY.GDP.MKTP.CD,CAN,2025,2319899772425.92
NY.GDP.MKTP.CD,CAN,2024,2270076189683.46
NY.GDP.MKTP.CD,CAN,2023,2196593836347.42
NY.GDP.MKTP.CD,CAN,2022,2200562785046.32
NY.GDP.MKTP.CD,CAN,2021,2022377950896.78
NY.GDP.MKTP.CD,CAN,2020,1655686966881.99
NY.GDP.MKTP.CD,CAN,2019,1743728952156.85
NY.GDP.MKTP.CD,CAN,2018,1725330736237.69
NY.GDP.MKTP.CD,CAN,2017,1649269496514.62
NY.GDP.MKTP.CD,CAN,2016,1527996250640.92
NY.GDP.MKTP.CD,CAN,2015,1556510380200.23
NY.GDP.MKTP.CD,CAN,2014,1805751688808.98
NY.GDP.MKTP.CD,CAN,2013,1846583831414.43
NY.GDP.MKTP.CD,CAN,2012,1828359477071.97
NY.GDP.MKTP.CD,CAN,2011,1793335727900.85
NY.GDP.MKTP.CD,CAN,2010,1617349192091.46
NY.GDP.MKTP.CD,CAN,2009,1374627766599.6
NY.GDP.MKTP.CD,CAN,2008,1552993439550.14
NY.GDP.MKTP.CD,CAN,2007,1468820407783.26
NY.GDP.MKTP.CD,CAN,2006,1319291255289.14
NY.GDP.MKTP.CD,CAN,2005,1173118501402.87
NY.GDP.MKTP.CD,CAN,2004,1026691006917.76
NY.GDP.MKTP.CD,CAN,2003,895542074084.648
NY.GDP.MKTP.CD,CAN,2002,760650608551.583
NY.GDP.MKTP.CD,CAN,2001,738981792355.372
NY.GDP.MKTP.CD,CAN,2000,744773415931.587
NY.GDP.MKTP.CD,CAN,1999,678414215521.303
NY.GDP.MKTP.CD,CAN,1998,633999325918.436
NY.GDP.MKTP.CD,CAN,1997,654987722085.801
NY.GDP.MKTP.CD,CAN,1996,630607994132.747
NY.GDP.MKTP.CD,CAN,1995,605961090061.207
NY.GDP.MKTP.CD,CAN,1994,579944346807.264
NY.GDP.MKTP.CD,CAN,1993,579053561739.4
NY.GDP.MKTP.CD,CAN,1992,594387358318.855
NY.GDP.MKTP.CD,CAN,1991,612527712315.615
NY.GDP.MKTP.CD,CAN,1990,596075591360.987
NY.GDP.MKTP.CD,CHE,2025,1043529899250.92
NY.GDP.MKTP.CD,CHE,2024,969919786394.884
NY.GDP.MKTP.CD,CHE,2023,928435275851.707
NY.GDP.MKTP.CD,CHE,2022,858479038993.75
NY.GDP.MKTP.CD,CHE,2021,840710023481.35
NY.GDP.MKTP.CD,CHE,2020,756096180222.082
NY.GDP.MKTP.CD,CHE,2019,736384764156.877
NY.GDP.MKTP.CD,CHE,2018,740766531453.991
NY.GDP.MKTP.CD,CHE,2017,706660443624.485
NY.GDP.MKTP.CD,CHE,2016,698607778794.566
NY.GDP.MKTP.CD,CHE,2015,706199008878.656
NY.GDP.MKTP.CD,CHE,2014,741168119616.628
NY.GDP.MKTP.CD,CHE,2013,718748402259.576
NY.GDP.MKTP.CD,CHE,2012,697882536676.898
NY.GDP.MKTP.CD,CHE,2011,727231637101.778
NY.GDP.MKTP.CD,CHE,2010,609999593541.9
NY.GDP.MKTP.CD,CHE,2009,563659557945.042
NY.GDP.MKTP.CD,CHE,2008,574703945157.419
NY.GDP.MKTP.CD,CHE,2007,498993845384.872
NY.GDP.MKTP.CD,CHE,2006,448364681767.427
NY.GDP.MKTP.CD,CHE,2005,424511048024.414
NY.GDP.MKTP.CD,CHE,2004,409012909529.554
NY.GDP.MKTP.CD,CHE,2003,366563952624.935
NY.GDP.MKTP.CD,CHE,2002,313930961760.554
NY.GDP.MKTP.CD,CHE,2001,290160142213.795
NY.GDP.MKTP.CD,CHE,2000,282327351965.893
NY.GDP.MKTP.CD,CHE,1999,301911268140.061
NY.GDP.MKTP.CD,CHE,1998,306907741067.733
NY.GDP.MKTP.CD,CHE,1997,298868250534.004
NY.GDP.MKTP.CD,CHE,1996,345373647249.191
NY.GDP.MKTP.CD,CHE,1995,358152520084.567
NY.GDP.MKTP.CD,CHE,1994,305916331797.909
NY.GDP.MKTP.CD,CHE,1993,276339744179.751
NY.GDP.MKTP.CD,CHE,1992,284139428246.338
NY.GDP.MKTP.CD,CHE,1991,272953645746.165
NY.GDP.MKTP.CD,CHE,1990,269768238554.564
NY.GDP.MKTP.CD,CHL,2025,357371159574.862
NY.GDP.MKTP.CD,CHL,2024,329260633698.726
NY.GDP.MKTP.CD,CHL,2023,335802745366.38
NY.GDP.MKTP.CD,CHL,2022,301099244104.003
NY.GDP.MKTP.CD,CHL,2021,315507493783.262
NY.GDP.MKTP.CD,CHL,2020,254103710483.324
NY.GDP.MKTP.CD,CHL,2019,278308438545.118
NY.GDP.MKTP.CD,CHL,2018,295857562991.709
NY.GDP.MKTP.CD,CHL,2017,276154259981.097
NY.GDP.MKTP.CD,CHL,2016,249344863928.438
NY.GDP.MKTP.CD,CHL,2015,242450355830.884
NY.GDP.MKTP.CD,CHL,2014,259560978224.359
NY.GDP.MKTP.CD,CHL,2013,277395018842.417
NY.GDP.MKTP.CD,CHL,2012,267024782486.855
NY.GDP.MKTP.CD,CHL,2011,251382573893.87
NY.GDP.MKTP.CD,CHL,2010,217051209238.534
NY.GDP.MKTP.CD,CHL,2009,171777900623.892
NY.GDP.MKTP.CD,CHL,2008,179894594475.405
NY.GDP.MKTP.CD,CHL,2007,172491076033.863
NY.GDP.MKTP.CD,CHL,2006,153843518170.864
NY.GDP.MKTP.CD,CHL,2005,122294145163.192
NY.GDP.MKTP.CD,CHL,2004,99075985773.6682
NY.GDP.MKTP.CD,CHL,2003,76492579644.0605
NY.GDP.MKTP.CD,CHL,2002,70264045939.2773
NY.GDP.MKTP.CD,CHL,2001,71574739561.4329
NY.GDP.MKTP.CD,CHL,2000,78339750721.364
NY.GDP.MKTP.CD,CHL,1999,75578685735.5219
NY.GDP.MKTP.CD,CHL,1998,81990010704.0602
NY.GDP.MKTP.CD,CHL,1997,85741415285.165
NY.GDP.MKTP.CD,CHL,1996,78584098983.6374
NY.GDP.MKTP.CD,CHL,1995,73820425701.6603
NY.GDP.MKTP.CD,CHL,1994,57438273591.0521
NY.GDP.MKTP.CD,CHL,1993,49934943320.8828
NY.GDP.MKTP.CD,CHL,1992,46538895685.8088
NY.GDP.MKTP.CD,CHL,1991,38232330917.2011
NY.GDP.MKTP.CD,CHL,1990,33428580448.2715
NY.GDP.MKTP.CD,CHN,2025,19498039388042.6
NY.GDP.MKTP.CD,CHN,2024,18729668435848
NY.GDP.MKTP.CD,CHN,2023,18270356654533.2
NY.GDP.MKTP.CD,CHN,2022,18316765021690.2
NY.GDP.MKTP.CD,CHN,2021,18201698719564
NY.GDP.MKTP.CD,CHN,2020,14996414166715.1
NY.GDP.MKTP.CD,CHN,2019,14560167101283.4
NY.GDP.MKTP.CD,CHN,2018,14147765772963.8
NY.GDP.MKTP.CD,CHN,2017,12537559062282.9
NY.GDP.MKTP.CD,CHN,2016,11456024084962
NY.GDP.MKTP.CD,CHN,2015,11280814787468.9
NY.GDP.MKTP.CD,CHN,2014,10674533168257.4
NY.GDP.MKTP.CD,CHN,2013,9743124247267.24
NY.GDP.MKTP.CD,CHN,2012,8673664713189.24
NY.GDP.MKTP.CD,CHN,2011,7671757207851.29
NY.GDP.MKTP.CD,CHN,2010,6192564874453.29
NY.GDP.MKTP.CD,CHN,2009,5189577094997.58
NY.GDP.MKTP.CD,CHN,2008,4667346414521.95
NY.GDP.MKTP.CD,CHN,2007,3604055822571.63
NY.GDP.MKTP.CD,CHN,2006,2791498472804.33
NY.GDP.MKTP.CD,CHN,2005,2317551298052.05
NY.GDP.MKTP.CD,CHN,2004,1984196551300.44
NY.GDP.MKTP.CD,CHN,2003,1683903309843.85
NY.GDP.MKTP.CD,CHN,2002,1489821682050.54
NY.GDP.MKTP.CD,CHN,2001,1355036590251.52
NY.GDP.MKTP.CD,CHN,2000,1223754919971.05
NY.GDP.MKTP.CD,CHN,1999,1103843203575.64
NY.GDP.MKTP.CD,CHN,1998,1037134141760.35
NY.GDP.MKTP.CD,CHN,1997,967753570434.667
NY.GDP.MKTP.CD,CHN,1996,868523936530.083
NY.GDP.MKTP.CD,CHN,1995,738190896227.55
NY.GDP.MKTP.CD,CHN,1994,566929539493.172
NY.GDP.MKTP.CD,CHN,1993,446557291212.148
NY.GDP.MKTP.CD,CHN,1992,428502354788.069
NY.GDP.MKTP.CD,CHN,1991,384510452961.672
NY.GDP.MKTP.CD,CHN,1990,361560229445.507
NY.GDP.MKTP.CD,EMU,2025,18010000307247
NY.GDP.MKTP.CD,EMU,2024,16601464538082.4
NY.GDP.MKTP.CD,EMU,2023,15957338405375.8
NY.GDP.MKTP.CD,EMU,2022,14578675912327.5
NY.GDP.MKTP.CD,EMU,2021,15008955622791.4
NY.GDP.MKTP.CD,EMU,2020,13338044901392.1
NY.GDP.MKTP.CD,EMU,2019,13658286442179.9
NY.GDP.MKTP.CD,EMU,2018,13937879176171.9
NY.GDP.MKTP.CD,EMU,2017,12901130483442.4
NY.GDP.MKTP.CD,EMU,2016,12177215800581.1
NY.GDP.MKTP.CD,EMU,2015,11880603228444.5
NY.GDP.MKTP.CD,EMU,2014,13739142693292.4
NY.GDP.MKTP.CD,EMU,2013,13413105856914.7
NY.GDP.MKTP.CD,EMU,2012,12839246579840.9
NY.GDP.MKTP.CD,EMU,2011,13866247656132.3
NY.GDP.MKTP.CD,EMU,2010,12835436183865.7
NY.GDP.MKTP.CD,EMU,2009,13135138604358.3
NY.GDP.MKTP.CD,EMU,2008,14346208350010.2
NY.GDP.MKTP.CD,EMU,2007,13035176682196.7
NY.GDP.MKTP.CD,EMU,2006,11309041991993.2
NY.GDP.MKTP.CD,EMU,2005,10627971366602
NY.GDP.MKTP.CD,EMU,2004,10242911187425.1
NY.GDP.MKTP.CD,EMU,2003,8929519218443.93
NY.GDP.MKTP.CD,EMU,2002,7247791094758.98
NY.GDP.MKTP.CD,EMU,2001,6636734730022.05
NY.GDP.MKTP.CD,EMU,2000,6533285976076.88
NY.GDP.MKTP.CD,EMU,1999,7152815111745.68
NY.GDP.MKTP.CD,EMU,1998,7182324521394.46
NY.GDP.MKTP.CD,EMU,1997,6983168724241.48
NY.GDP.MKTP.CD,EMU,1996,7635464160643.11
NY.GDP.MKTP.CD,EMU,1995,7553162009471.07
NY.GDP.MKTP.CD,EMU,1994,6536616886781.35
NY.GDP.MKTP.CD,EMU,1993,6188568278738.88
NY.GDP.MKTP.CD,EMU,1992,6756330192255.26
NY.GDP.MKTP.CD,EMU,1991,6132817301223.23
NY.GDP.MKTP.CD,EMU,1990,5930533130402.98
NY.GDP.MKTP.CD,GBR,2025,4002587541846.01
NY.GDP.MKTP.CD,GBR,2024,3695539513534.15
NY.GDP.MKTP.CD,GBR,2023,3420796653789.08
NY.GDP.MKTP.CD,GBR,2022,3181244350465.41
NY.GDP.MKTP.CD,GBR,2021,3194559188925.93
NY.GDP.MKTP.CD,GBR,2020,2724001478304.59
NY.GDP.MKTP.CD,GBR,2019,2875710080015.3
NY.GDP.MKTP.CD,GBR,2018,2897028009916.05
NY.GDP.MKTP.CD,GBR,2017,2699118387873.1
NY.GDP.MKTP.CD,GBR,2016,2706807606538.73
NY.GDP.MKTP.CD,GBR,2015,2945579890258.46
NY.GDP.MKTP.CD,GBR,2014,3085362169410.29
NY.GDP.MKTP.CD,GBR,2013,2796908333283.39
NY.GDP.MKTP.CD,GBR,2012,2719715961539.83
NY.GDP.MKTP.CD,GBR,2011,2675590034128.66
NY.GDP.MKTP.CD,GBR,2010,2496740681057.14
NY.GDP.MKTP.CD,GBR,2009,2429358155475.93
NY.GDP.MKTP.CD,GBR,2008,2945251838235.29
NY.GDP.MKTP.CD,GBR,2007,3104699879951.98
NY.GDP.MKTP.CD,GBR,2006,2719558417663.29
NY.GDP.MKTP.CD,GBR,2005,2551361818181.82
NY.GDP.MKTP.CD,GBR,2004,2429774807762.72
NY.GDP.MKTP.CD,GBR,2003,2061227755102.04
NY.GDP.MKTP.CD,GBR,2002,1790536570743.41
NY.GDP.MKTP.CD,GBR,2001,1656171009068.66
NY.GDP.MKTP.CD,GBR,2000,1671597821152.97
NY.GDP.MKTP.CD,GBR,1999,1693458987218.9
NY.GDP.MKTP.CD,GBR,1998,1660821464060.95
NY.GDP.MKTP.CD,GBR,1997,1569317288801.57
NY.GDP.MKTP.CD,GBR,1996,1425287051482.06
NY.GDP.MKTP.CD,GBR,1995,1349094208616.06
NY.GDP.MKTP.CD,GBR,1994,1140489745944.29
NY.GDP.MKTP.CD,GBR,1993,1061388722255.55
NY.GDP.MKTP.CD,GBR,1992,1179659529659.53
NY.GDP.MKTP.CD,GBR,1991,1142797178130.51
NY.GDP.MKTP.CD,GBR,1990,1093169389204.55
NY.GDP.MKTP.CD,IND,2025,3956067115771.63
NY.GDP.MKTP.CD,IND,2024,3760813470500.86
NY.GDP.MKTP.CD,IND,2023,3500906030644.76
NY.GDP.MKTP.CD,IND,2022,3249938492013.47
NY.GDP.MKTP.CD,IND,2021,3167270623260.47
NY.GDP.MKTP.CD,IND,2020,2674851578587.27
NY.GDP.MKTP.CD,IND,2019,2835606256558.19
NY.GDP.MKTP.CD,IND,2018,2702929641648.74
NY.GDP.MKTP.CD,IND,2017,2651474262755.45
NY.GDP.MKTP.CD,IND,2016,2294796885663.16
NY.GDP.MKTP.CD,IND,2015,2103588360044.94
NY.GDP.MKTP.CD,IND,2014,2039126479154.52
NY.GDP.MKTP.CD,IND,2013,1856721507621.58
NY.GDP.MKTP.CD,IND,2012,1827637590410.41
NY.GDP.MKTP.CD,IND,2011,1823051829894.55
NY.GDP.MKTP.CD,IND,2010,1675615519484.96
NY.GDP.MKTP.CD,IND,2009,1341888016994.9
NY.GDP.MKTP.CD,IND,2008,1198895139005.92
NY.GDP.MKTP.CD,IND,2007,1216736438834.96
NY.GDP.MKTP.CD,IND,2006,940259888787.721
NY.GDP.MKTP.CD,IND,2005,820383763511.445
NY.GDP.MKTP.CD,IND,2004,709152728830.775
NY.GDP.MKTP.CD,IND,2003,607700687237.318
NY.GDP.MKTP.CD,IND,2002,514939140318.756
NY.GDP.MKTP.CD,IND,2001,485440139204.171
NY.GDP.MKTP.CD,IND,2000,468395521654.458
NY.GDP.MKTP.CD,IND,1999,458821052615.79
NY.GDP.MKTP.CD,IND,1998,421351317224.941
NY.GDP.MKTP.CD,IND,1997,415867563592.829
NY.GDP.MKTP.CD,IND,1996,392896866204.516
NY.GDP.MKTP.CD,IND,1995,360281909643.489
NY.GDP.MKTP.CD,IND,1994,327274843459.429
NY.GDP.MKTP.CD,IND,1993,279295648982.529
NY.GDP.MKTP.CD,IND,1992,288208070278.013
NY.GDP.MKTP.CD,IND,1991,270105341879.226
NY.GDP.MKTP.CD,IND,1990,320979026420.035
NY.GDP.MKTP.CD,JPN,2025,4435162999976.94
NY.GDP.MKTP.CD,JPN,2024,4190008188358.57
NY.GDP.MKTP.CD,JPN,2023,4384854269961.93
NY.GDP.MKTP.CD,JPN,2022,4447976207314.78
NY.GDP.MKTP.CD,JPN,2021,5225933520753.1
NY.GDP.MKTP.CD,JPN,2020,5189197543645.38
NY.GDP.MKTP.CD,JPN,2019,5245755000479.03
NY.GDP.MKTP.CD,JPN,2018,5154293721629.56
NY.GDP.MKTP.CD,JPN,2017,5038231631660.71
NY.GDP.MKTP.CD,JPN,2016,5110357383254.44
NY.GDP.MKTP.CD,JPN,2015,4534438580494.94
NY.GDP.MKTP.CD,JPN,2014,4985763289560.81
NY.GDP.MKTP.CD,JPN,2013,5272297037396.96
NY.GDP.MKTP.CD,JPN,2012,6333803928787.76
NY.GDP.MKTP.CD,JPN,2011,6279422550218.7
NY.GDP.MKTP.CD,JPN,2010,5811578109447.07
NY.GDP.MKTP.CD,JPN,2009,5336765697589.29
NY.GDP.MKTP.CD,JPN,2008,5160197175876.43
NY.GDP.MKTP.CD,JPN,2007,4624670179654.96
NY.GDP.MKTP.CD,JPN,2006,4648058930707.24
NY.GDP.MKTP.CD,JPN,2005,4875648486366.14
NY.GDP.MKTP.CD,JPN,2004,4941485123806.53
NY.GDP.MKTP.CD,JPN,2003,4573413206709.02
NY.GDP.MKTP.CD,JPN,2002,4245946980572.3
NY.GDP.MKTP.CD,JPN,2001,4438792748062.4
NY.GDP.MKTP.CD,JPN,2000,5042381838343.44
NY.GDP.MKTP.CD,JPN,1999,4688983449627.24
NY.GDP.MKTP.CD,JPN,1998,4150359076370.48
NY.GDP.MKTP.CD,JPN,1997,4579780793431.57
NY.GDP.MKTP.CD,JPN,1996,5021441618840.38
NY.GDP.MKTP.CD,JPN,1995,5639649753985.77
NY.GDP.MKTP.CD,JPN,1994,5104063486348.4
NY.GDP.MKTP.CD,JPN,1993,4632480515091.13
NY.GDP.MKTP.CD,JPN,1992,4064529567505.43
NY.GDP.MKTP.CD,JPN,1991,3724887648862.31
NY.GDP.MKTP.CD,JPN,1990,3252994239867.4
NY.GDP.MKTP.CD,MEX,2025,1832641364775.52
NY.GDP.MKTP.CD,MEX,2024,1830489311088.89
NY.GDP.MKTP.CD,MEX,2023,1794410347718.25
NY.GDP.MKTP.CD,MEX,2022,1466934724243.38
NY.GDP.MKTP.CD,MEX,2021,1316569466833.94
NY.GDP.MKTP.CD,MEX,2020,1121064767168.8
NY.GDP.MKTP.CD,MEX,2019,1304106204006.27
NY.GDP.MKTP.CD,MEX,2018,1256300182983.65
NY.GDP.MKTP.CD,MEX,2017,1190721475853.16
NY.GDP.MKTP.CD,MEX,2016,1112233497452.7
NY.GDP.MKTP.CD,MEX,2015,1213294467653.78
NY.GDP.MKTP.CD,MEX,2014,1364507717689.36
NY.GDP.MKTP.CD,MEX,2013,1327436290439.27
NY.GDP.MKTP.CD,MEX,2012,1255110424741.85
NY.GDP.MKTP.CD,MEX,2011,1229013703416.76
NY.GDP.MKTP.CD,MEX,2010,1105424238651.95
NY.GDP.MKTP.CD,MEX,2009,943437414950.633
NY.GDP.MKTP.CD,MEX,2008,1161553459984.65
NY.GDP.MKTP.CD,MEX,2007,1102355554880.44
NY.GDP.MKTP.CD,MEX,2006,1020265057882.01
NY.GDP.MKTP.CD,MEX,2005,917571853437.344
NY.GDP.MKTP.CD,MEX,2004,819459227375.022
NY.GDP.MKTP.CD,MEX,2003,765549967888.647
NY.GDP.MKTP.CD,MEX,2002,810666116401.915
NY.GDP.MKTP.CD,MEX,2001,796064590549.136
NY.GDP.MKTP.CD,MEX,2000,742061329749.127
NY.GDP.MKTP.CD,MEX,1999,631249359702.389
NY.GDP.MKTP.CD,MEX,1998,557461102630.658
NY.GDP.MKTP.CD,MEX,1997,523449530464.257
NY.GDP.MKTP.CD,MEX,1996,432157945024.428
NY.GDP.MKTP.CD,MEX,1995,380157469866.849
NY.GDP.MKTP.CD,MEX,1994,553618247900.74
NY.GDP.MKTP.CD,MEX,1993,530160763662.543
NY.GDP.MKTP.CD,MEX,1992,363157832923.734
NY.GDP.MKTP.CD,MEX,1991,313139656145.745
NY.GDP.MKTP.CD,MEX,1990,261253675692.838
NY.GDP.MKTP.CD,URY,2025,85347696277.6859
NY.GDP.MKTP.CD,URY,2024,82322859144.2816
NY.GDP.MKTP.CD,URY,2023,79208725899.5531
NY.GDP.MKTP.CD,URY,2022,71240669088.0587
NY.GDP.MKTP.CD,URY,2021,60739061281.1628
NY.GDP.MKTP.CD,URY,2020,53559354501.4278
NY.GDP.MKTP.CD,URY,2019,62222324964.633
NY.GDP.MKTP.CD,URY,2018,65344577415.7535
NY.GDP.MKTP.CD,URY,2017,65006039809.739
NY.GDP.MKTP.CD,URY,2016,57480787465.2716
NY.GDP.MKTP.CD,URY,2015,57680327998.6689
NY.GDP.MKTP.CD,URY,2014,61496186973.902
NY.GDP.MKTP.CD,URY,2013,61337621933.7857
NY.GDP.MKTP.CD,URY,2012,54232266358.7811
NY.GDP.MKTP.CD,URY,2011,50342406067.0777
NY.GDP.MKTP.CD,URY,2010,41950361211.9581
NY.GDP.MKTP.CD,URY,2009,32708319077.5179
NY.GDP.MKTP.CD,URY,2008,31119602538.8322
NY.GDP.MKTP.CD,URY,2007,23797773024.3992
NY.GDP.MKTP.CD,URY,2006,19741420739.8901
NY.GDP.MKTP.CD,URY,2005,17362857683.8545
NY.GDP.MKTP.CD,URY,2004,13686329890.1191
NY.GDP.MKTP.CD,URY,2003,12045638351.8507
NY.GDP.MKTP.CD,URY,2002,13606515722.5864
NY.GDP.MKTP.CD,URY,2001,20898761742.2386
NY.GDP.MKTP.CD,URY,2000,22823270892.1094
NY.GDP.MKTP.CD,URY,1999,23983945190.6202
NY.GDP.MKTP.CD,URY,1998,25385886977.5228
NY.GDP.MKTP.CD,URY,1997,23969739233.8966
NY.GDP.MKTP.CD,URY,1996,20515458113.5857
NY.GDP.MKTP.CD,URY,1995,19297663096.5506
NY.GDP.MKTP.CD,URY,1994,17474588895.8918
NY.GDP.MKTP.CD,URY,1993,15002136971.1745
NY.GDP.MKTP.CD,URY,1992,12878148790.7348
NY.GDP.MKTP.CD,URY,1991,11206176650.9075
NY.GDP.MKTP.CD,URY,1990,9298807850.29979
NY.GDP.MKTP.CD,USA,2025,30769700000000
NY.GDP.MKTP.CD,USA,2024,29298013000000
NY.GDP.MKTP.CD,USA,2023,27811517000000
NY.GDP.MKTP.CD,USA,2022,26054614000000
NY.GDP.MKTP.CD,USA,2021,23725645000000
NY.GDP.MKTP.CD,USA,2020,21375281000000
NY.GDP.MKTP.CD,USA,2019,21539982000000
NY.GDP.MKTP.CD,USA,2018,20656516000000
NY.GDP.MKTP.CD,USA,2017,19612102000000
NY.GDP.MKTP.CD,USA,2016,18804913000000
NY.GDP.MKTP.CD,USA,2015,18295019000000
NY.GDP.MKTP.CD,USA,2014,17608138000000
NY.GDP.MKTP.CD,USA,2013,16880683000000
NY.GDP.MKTP.CD,USA,2012,16253970000000
NY.GDP.MKTP.CD,USA,2011,15599732000000
NY.GDP.MKTP.CD,USA,2010,15048971000000
NY.GDP.MKTP.CD,USA,2009,14478067000000
NY.GDP.MKTP.CD,USA,2008,14769862000000
NY.GDP.MKTP.CD,USA,2007,14474228000000
NY.GDP.MKTP.CD,USA,2006,13815583000000
NY.GDP.MKTP.CD,USA,2005,13039197000000
NY.GDP.MKTP.CD,USA,2004,12217196000000
NY.GDP.MKTP.CD,USA,2003,11456450000000
NY.GDP.MKTP.CD,USA,2002,10929108000000
NY.GDP.MKTP.CD,USA,2001,10581929000000
NY.GDP.MKTP.CD,USA,2000,10250952000000
NY.GDP.MKTP.CD,USA,1999,9631172000000
NY.GDP.MKTP.CD,USA,1998,9062817000000
NY.GDP.MKTP.CD,USA,1997,8577552000000
NY.GDP.MKTP.CD,USA,1996,8073122000000
NY.GDP.MKTP.CD,USA,1995,7639749000000
NY.GDP.MKTP.CD,USA,1994,7287236000000
NY.GDP.MKTP.CD,USA,1993,6858559000000
NY.GDP.MKTP.CD,USA,1992,6520327000000
NY.GDP.MKTP.CD,USA,1991,6158129000000
NY.GDP.MKTP.CD,USA,1990,5963144000000
NY.GDP.MKTP.CD,VNM,2025,514697215165.065
NY.GDP.MKTP.CD,VNM,2024,476324572783.807
NY.GDP.MKTP.CD,VNM,2023,433805036898.465
NY.GDP.MKTP.CD,VNM,2022,413445230668.578
NY.GDP.MKTP.CD,VNM,2021,366474752771.009
NY.GDP.MKTP.CD,VNM,2020,346615738537.796
NY.GDP.MKTP.CD,VNM,2019,334365270496.667
NY.GDP.MKTP.CD,VNM,2018,310106478394.659
NY.GDP.MKTP.CD,VNM,2017,281353605986.903
NY.GDP.MKTP.CD,VNM,2016,257096001177.982
NY.GDP.MKTP.CD,VNM,2015,239258328381.741
NY.GDP.MKTP.CD,VNM,2014,233451469642.519
NY.GDP.MKTP.CD,VNM,2013,213708811665.34
NY.GDP.MKTP.CD,VNM,2012,195590661129.249
NY.GDP.MKTP.CD,VNM,2011,172595049183.925
NY.GDP.MKTP.CD,VNM,2010,147201173196.979
NY.GDP.MKTP.CD,VNM,2009,106014659565.214
NY.GDP.MKTP.CD,VNM,2008,99130304099.1274
NY.GDP.MKTP.CD,VNM,2007,77414425532.2452
NY.GDP.MKTP.CD,VNM,2006,66371664817.0436
NY.GDP.MKTP.CD,VNM,2005,57633255738.1992
NY.GDP.MKTP.CD,VNM,2004,45427854693.2554
NY.GDP.MKTP.CD,VNM,2003,39552513231.9169
NY.GDP.MKTP.CD,VNM,2002,35064105500.8344
NY.GDP.MKTP.CD,VNM,2001,32685198808.5549
NY.GDP.MKTP.CD,VNM,2000,31172518403.3162
NY.GDP.MKTP.CD,VNM,1999,28683659006.7752
NY.GDP.MKTP.CD,VNM,1998,27209602050.0452
NY.GDP.MKTP.CD,VNM,1997,26843700441.5482
NY.GDP.MKTP.CD,VNM,1996,24657470574.7501
NY.GDP.MKTP.CD,VNM,1995,20736164458.9505
NY.GDP.MKTP.CD,VNM,1994,16286433533.3228
NY.GDP.MKTP.CD,VNM,1993,13180953598.1716
NY.GDP.MKTP.CD,VNM,1992,9866990236.43587
NY.GDP.MKTP.CD,VNM,1991,9613369520.41885
NY.GDP.MKTP.CD,VNM,1990,6471740805.56984
BN.CAB.XOKA.GD.ZS,ARG,2025,-1.10988825977293
BN.CAB.XOKA.GD.ZS,ARG,2024,0.893118418089375
BN.CAB.XOKA.GD.ZS,ARG,2023,-3.1951463789585
BN.CAB.XOKA.GD.ZS,ARG,2022,-0.62525456692328
BN.CAB.XOKA.GD.ZS,ARG,2021,1.36154422203441
BN.CAB.XOKA.GD.ZS,ARG,2020,0.696935361136031
BN.CAB.XOKA.GD.ZS,ARG,2019,-0.779998447561848
BN.CAB.XOKA.GD.ZS,ARG,2018,-5.16055257152295
BN.CAB.XOKA.GD.ZS,ARG,2017,-4.83995921807391
BN.CAB.XOKA.GD.ZS,ARG,2016,-2.70922168361454
BN.CAB.XOKA.GD.ZS,ARG,2015,-2.96292666513534
BN.CAB.XOKA.GD.ZS,ARG,2014,-1.74400211981355
BN.CAB.XOKA.GD.ZS,ARG,2013,-2.37749566620574
BN.CAB.XOKA.GD.ZS,ARG,2012,-0.39159512386959
BN.CAB.XOKA.GD.ZS,ARG,2011,-1.00728084144866
BN.CAB.XOKA.GD.ZS,ARG,2010,-0.383118699737133
BN.CAB.XOKA.GD.ZS,ARG,2009,2.1785669619099
BN.CAB.XOKA.GD.ZS,ARG,2008,1.49940141614234
BN.CAB.XOKA.GD.ZS,ARG,2007,2.1036160391819
BN.CAB.XOKA.GD.ZS,ARG,2006,2.79449564264943
BN.CAB.XOKA.GD.ZS,ARG,2005,2.65363142179073
BN.CAB.XOKA.GD.ZS,ARG,2004,1.95058324319273
BN.CAB.XOKA.GD.ZS,ARG,2003,6.37990680177011
BN.CAB.XOKA.GD.ZS,ARG,2002,8.97078467784247
BN.CAB.XOKA.GD.ZS,ARG,2001,-1.40694788500181
BN.CAB.XOKA.GD.ZS,ARG,2000,-3.15992237703676
BN.CAB.XOKA.GD.ZS,ARG,1999,-4.21229506178186
BN.CAB.XOKA.GD.ZS,ARG,1998,-4.84431604541959
BN.CAB.XOKA.GD.ZS,ARG,1997,-4.14468006629108
BN.CAB.XOKA.GD.ZS,ARG,1996,-2.4875930110115
BN.CAB.XOKA.GD.ZS,ARG,1995,-1.9834602735093
BN.CAB.XOKA.GD.ZS,ARG,1994,-4.26485898465453
BN.CAB.XOKA.GD.ZS,ARG,1993,-3.46617829462144
BN.CAB.XOKA.GD.ZS,ARG,1992,-2.42494134682425
BN.CAB.XOKA.GD.ZS,ARG,1991,-0.341028912950146
BN.CAB.XOKA.GD.ZS,ARG,1990,3.22031448392387
BN.CAB.XOKA.GD.ZS,BRA,2025,-2.92630139201733
BN.CAB.XOKA.GD.ZS,BRA,2024,-2.9880142706208
BN.CAB.XOKA.GD.ZS,BRA,2023,-1.23139445763703
BN.CAB.XOKA.GD.ZS,BRA,2022,-2.14967698505073
BN.CAB.XOKA.GD.ZS,BRA,2021,-2.35822097223117
BN.CAB.XOKA.GD.ZS,BRA,2020,-1.64103541830151
BN.CAB.XOKA.GD.ZS,BRA,2019,-3.41429103072781
BN.CAB.XOKA.GD.ZS,BRA,2018,-2.80752008594698
BN.CAB.XOKA.GD.ZS,BRA,2017,-1.22429925769002
BN.CAB.XOKA.GD.ZS,BRA,2016,-1.700113396765
BN.CAB.XOKA.GD.ZS,BRA,2015,-3.51839166799859
BN.CAB.XOKA.GD.ZS,BRA,2014,-4.4988303801852
BN.CAB.XOKA.GD.ZS,BRA,2013,-3.57422079622864
BN.CAB.XOKA.GD.ZS,BRA,2012,-3.75941611687375
BN.CAB.XOKA.GD.ZS,BRA,2011,-3.19461831905473
BN.CAB.XOKA.GD.ZS,BRA,2010,-3.92594604454763
BN.CAB.XOKA.GD.ZS,BRA,2009,-1.7593578735281
BN.CAB.XOKA.GD.ZS,BRA,2008,-2.09933784786717
BN.CAB.XOKA.GD.ZS,BRA,2007,-0.19709696108555
BN.CAB.XOKA.GD.ZS,BRA,2006,0.9727105230346
BN.CAB.XOKA.GD.ZS,BRA,2005,1.30988466560485
BN.CAB.XOKA.GD.ZS,BRA,2004,1.33863064799445
BN.CAB.XOKA.GD.ZS,BRA,2003,0.392877183707379
BN.CAB.XOKA.GD.ZS,BRA,2002,-1.84525901678299
BN.CAB.XOKA.GD.ZS,BRA,2001,-4.44478653179819
BN.CAB.XOKA.GD.ZS,BRA,2000,-4.0477413019387
BN.CAB.XOKA.GD.ZS,BRA,1999,-4.46660530392099
BN.CAB.XOKA.GD.ZS,BRA,1998,-4.05145818781602
BN.CAB.XOKA.GD.ZS,BRA,1997,-3.63826290528202
BN.CAB.XOKA.GD.ZS,BRA,1996,-2.73368737119507
BN.CAB.XOKA.GD.ZS,BRA,1995,-2.35736654973227
BN.CAB.XOKA.GD.ZS,BRA,1994,-0.219464600014709
BN.CAB.XOKA.GD.ZS,BRA,1993,0.00543047313896343
BN.CAB.XOKA.GD.ZS,BRA,1992,1.8553169096048
BN.CAB.XOKA.GD.ZS,BRA,1991,-0.423315529310288
BN.CAB.XOKA.GD.ZS,BRA,1990,-0.993090660229478
BN.CAB.XOKA.GD.ZS,CAN,2025,-0.948637766653122
BN.CAB.XOKA.GD.ZS,CAN,2024,-0.487852623579789
BN.CAB.XOKA.GD.ZS,CAN,2023,-0.693744929649431
BN.CAB.XOKA.GD.ZS,CAN,2022,-0.442142105058685
BN.CAB.XOKA.GD.ZS,CAN,2021,-0.0219632369341121
BN.CAB.XOKA.GD.ZS,CAN,2020,-2.01049081035402
BN.CAB.XOKA.GD.ZS,CAN,2019,-1.95169853023597
BN.CAB.XOKA.GD.ZS,CAN,2018,-2.38506947723022
BN.CAB.XOKA.GD.ZS,CAN,2017,-2.80342092867237
BN.CAB.XOKA.GD.ZS,CAN,2016,-3.09310839278901
BN.CAB.XOKA.GD.ZS,CAN,2015,-3.51398363580264
BN.CAB.XOKA.GD.ZS,CAN,2014,-2.31891905245784
BN.CAB.XOKA.GD.ZS,CAN,2013,-3.14689861117208
BN.CAB.XOKA.GD.ZS,CAN,2012,-3.53226120893674
BN.CAB.XOKA.GD.ZS,CAN,2011,-2.77399195325843
BN.CAB.XOKA.GD.ZS,CAN,2010,-3.59617272045212
BN.CAB.XOKA.GD.ZS,CAN,2009,-2.96627675991292
BN.CAB.XOKA.GD.ZS,CAN,2008,0.2046335073484
BN.CAB.XOKA.GD.ZS,CAN,2007,0.752359497275173
BN.CAB.XOKA.GD.ZS,CAN,2006,1.36362891052774
BN.CAB.XOKA.GD.ZS,CAN,2005,1.86964040462905
BN.CAB.XOKA.GD.ZS,CAN,2004,2.26314907015468
BN.CAB.XOKA.GD.ZS,CAN,2003,1.16498628134968
BN.CAB.XOKA.GD.ZS,CAN,2002,1.64502756776047
BN.CAB.XOKA.GD.ZS,CAN,2001,2.13236979231819
BN.CAB.XOKA.GD.ZS,CAN,2000,2.48322832733607
BN.CAB.XOKA.GD.ZS,CAN,1999,0.124606928737743
BN.CAB.XOKA.GD.ZS,CAN,1998,-1.41951458841967
BN.CAB.XOKA.GD.ZS,CAN,1997,-1.37185519267148
BN.CAB.XOKA.GD.ZS,CAN,1996,0.385035905172817
BN.CAB.XOKA.GD.ZS,CAN,1995,-0.835225571288648
BN.CAB.XOKA.GD.ZS,CAN,1994,-2.39799048706512
BN.CAB.XOKA.GD.ZS,CAN,1993,-3.86026630874173
BN.CAB.XOKA.GD.ZS,CAN,1992,-3.65401317228271
BN.CAB.XOKA.GD.ZS,CAN,1991,-3.73448630876752
BN.CAB.XOKA.GD.ZS,CAN,1990,-3.39880313128256
BN.CAB.XOKA.GD.ZS,CHE,2025,6.98382706222827
BN.CAB.XOKA.GD.ZS,CHE,2024,8.88762829753527
BN.CAB.XOKA.GD.ZS,CHE,2023,5.86347462172406
BN.CAB.XOKA.GD.ZS,CHE,2022,8.95592029075919
BN.CAB.XOKA.GD.ZS,CHE,2021,7.43974843118479
BN.CAB.XOKA.GD.ZS,CHE,2020,0.439023949410653
BN.CAB.XOKA.GD.ZS,CHE,2019,4.02412129092586
BN.CAB.XOKA.GD.ZS,CHE,2018,5.9935622611881
BN.CAB.XOKA.GD.ZS,CHE,2017,5.23116441578826
BN.CAB.XOKA.GD.ZS,CHE,2016,7.11825025698579
BN.CAB.XOKA.GD.ZS,CHE,2015,9.03526946600204
BN.CAB.XOKA.GD.ZS,CHE,2014,7.31047606764298
BN.CAB.XOKA.GD.ZS,CHE,2013,10.0987695815989
BN.CAB.XOKA.GD.ZS,CHE,2012,9.26545401355282
BN.CAB.XOKA.GD.ZS,CHE,2011,6.78869248151288
BN.CAB.XOKA.GD.ZS,CHE,2010,13.5122041081735
BN.CAB.XOKA.GD.ZS,CHE,2009,6.20993663529341
BN.CAB.XOKA.GD.ZS,CHE,2008,1.71685956202742
BN.CAB.XOKA.GD.ZS,CHE,2007,8.62602411965998
BN.CAB.XOKA.GD.ZS,CHE,2006,12.5827051327396
BN.CAB.XOKA.GD.ZS,CHE,2005,11.2370098937934
BN.CAB.XOKA.GD.ZS,CHE,2004,12.370559423016
BN.CAB.XOKA.GD.ZS,CHE,2003,11.145732111859
BN.CAB.XOKA.GD.ZS,CHE,2002,7.33454803627006
BN.CAB.XOKA.GD.ZS,CHE,2001,7.10867997766228
BN.CAB.XOKA.GD.ZS,CHE,2000,11.1830809846991
BN.CAB.XOKA.GD.ZS,CHE,1999,9.36807372652254
BN.CAB.XOKA.GD.ZS,CHE,1998,8.20907228694801
BN.CAB.XOKA.GD.ZS,CHE,1997,8.47084633785544
BN.CAB.XOKA.GD.ZS,CHE,1996,5.76649068336731
BN.CAB.XOKA.GD.ZS,CHE,1995,5.78036617537037
BN.CAB.XOKA.GD.ZS,CHE,1994,5.46855373796557
BN.CAB.XOKA.GD.ZS,CHE,1993,6.10678947948753
BN.CAB.XOKA.GD.ZS,CHE,1992,4.70565182734784
BN.CAB.XOKA.GD.ZS,CHE,1991,3.49306005397493
BN.CAB.XOKA.GD.ZS,CHE,1990,2.26996181886497
BN.CAB.XOKA.GD.ZS,CHL,2025,-1.21688011748722
BN.CAB.XOKA.GD.ZS,CHL,2024,-1.16817210444884
BN.CAB.XOKA.GD.ZS,CHL,2023,-3.10428872521174
BN.CAB.XOKA.GD.ZS,CHL,2022,-8.87430060140152
BN.CAB.XOKA.GD.ZS,CHL,2021,-7.29452522459608
BN.CAB.XOKA.GD.ZS,CHL,2020,-1.96248572878056
BN.CAB.XOKA.GD.ZS,CHL,2019,-5.21201190646601
BN.CAB.XOKA.GD.ZS,CHL,2018,-4.48367554777816
BN.CAB.XOKA.GD.ZS,CHL,2017,-2.75779980852367
BN.CAB.XOKA.GD.ZS,CHL,2016,-2.62065852365988
BN.CAB.XOKA.GD.ZS,CHL,2015,-2.73506821605392
BN.CAB.XOKA.GD.ZS,CHL,2014,-3.46029991877659
BN.CAB.XOKA.GD.ZS,CHL,2013,-4.77606541666959
BN.CAB.XOKA.GD.ZS,CHL,2012,-5.32849119001729
BN.CAB.XOKA.GD.ZS,CHL,2011,-4.91713901662886
BN.CAB.XOKA.GD.ZS,CHL,2010,0.896881680744076
BN.CAB.XOKA.GD.ZS,CHL,2009,1.43974883336493
BN.CAB.XOKA.GD.ZS,CHL,2008,-4.18826982519764
BN.CAB.XOKA.GD.ZS,CHL,2007,5.05557874807609
BN.CAB.XOKA.GD.ZS,CHL,2006,5.49643732024025
BN.CAB.XOKA.GD.ZS,CHL,2005,1.91109059952903
BN.CAB.XOKA.GD.ZS,CHL,2004,3.26056295397732
BN.CAB.XOKA.GD.ZS,CHL,2003,0.214600395822681
BN.CAB.XOKA.GD.ZS,CHL,2002,-0.825565731667288
BN.CAB.XOKA.GD.ZS,CHL,2001,-1.53703377110132
BN.CAB.XOKA.GD.ZS,CHL,2000,-1.14568457860136
BN.CAB.XOKA.GD.ZS,CHL,1999,0.131436581248041
BN.CAB.XOKA.GD.ZS,CHL,1998,-4.77915592737757
BN.CAB.XOKA.GD.ZS,CHL,1997,-4.26887262850027
BN.CAB.XOKA.GD.ZS,CHL,1996,-3.92274308347759
BN.CAB.XOKA.GD.ZS,CHL,1995,-1.82822028885922
BN.CAB.XOKA.GD.ZS,CHL,1994,-2.76296605169419
BN.CAB.XOKA.GD.ZS,CHL,1993,-5.11105015900292
BN.CAB.XOKA.GD.ZS,CHL,1992,-2.0561295791378
BN.CAB.XOKA.GD.ZS,CHL,1991,-0.25554288126347
BN.CAB.XOKA.GD.ZS,CHL,1990,-1.44968764303319
BN.CAB.XOKA.GD.ZS,CHN,2025,3.76972243689338
BN.CAB.XOKA.GD.ZS,CHN,2024,2.46818591485776
BN.CAB.XOKA.GD.ZS,CHN,2023,1.40681103517507
BN.CAB.XOKA.GD.ZS,CHN,2022,2.20640460953834
BN.CAB.XOKA.GD.ZS,CHN,2021,1.6339546037037
BN.CAB.XOKA.GD.ZS,CHN,2020,1.49179592498582
BN.CAB.XOKA.GD.ZS,CHN,2019,0.619961080716059
BN.CAB.XOKA.GD.ZS,CHN,2018,0.170563391928727
BN.CAB.XOKA.GD.ZS,CHN,2017,1.50488723669316
BN.CAB.XOKA.GD.ZS,CHN,2016,1.67018709565352
BN.CAB.XOKA.GD.ZS,CHN,2015,2.59752794949746
BN.CAB.XOKA.GD.ZS,CHN,2014,2.21130586371267
BN.CAB.XOKA.GD.ZS,CHN,2013,1.52111320885029
BN.CAB.XOKA.GD.ZS,CHN,2012,2.48328422404794
BN.CAB.XOKA.GD.ZS,CHN,2011,1.77399724587567
BN.CAB.XOKA.GD.ZS,CHN,2010,3.8402567341525
BN.CAB.XOKA.GD.ZS,CHN,2009,4.68740638141982
BN.CAB.XOKA.GD.ZS,CHN,2008,9.01086996317632
BN.CAB.XOKA.GD.ZS,CHN,2007,9.79958953536148
BN.CAB.XOKA.GD.ZS,CHN,2006,8.30532573537484
BN.CAB.XOKA.GD.ZS,CHN,2005,5.71199843031159
BN.CAB.XOKA.GD.ZS,CHN,2004,3.47450259619584
BN.CAB.XOKA.GD.ZS,CHN,2003,2.55665409110255
BN.CAB.XOKA.GD.ZS,CHN,2002,2.37759984341841
BN.CAB.XOKA.GD.ZS,CHN,2001,1.28417196444636
BN.CAB.XOKA.GD.ZS,CHN,2000,1.67667411710879
BN.CAB.XOKA.GD.ZS,CHN,1999,1.91286225540032
BN.CAB.XOKA.GD.ZS,CHN,1998,3.0345158579566
BN.CAB.XOKA.GD.ZS,CHN,1997,3.81946407941415
BN.CAB.XOKA.GD.ZS,CHN,1996,0.833943624966418
BN.CAB.XOKA.GD.ZS,CHN,1995,0.219237328483813
BN.CAB.XOKA.GD.ZS,CHN,1994,1.21849357261851
BN.CAB.XOKA.GD.ZS,CHN,1993,-2.59966643215884
BN.CAB.XOKA.GD.ZS,CHN,1992,1.49380742683803
BN.CAB.XOKA.GD.ZS,CHN,1991,3.45166169027996
BN.CAB.XOKA.GD.ZS,CHN,1990,3.31811936794009
BN.CAB.XOKA.GD.ZS,GBR,2025,-2.42693271936225
BN.CAB.XOKA.GD.ZS,GBR,2024,-2.95960422411904
BN.CAB.XOKA.GD.ZS,GBR,2023,-3.57676183842871
BN.CAB.XOKA.GD.ZS,GBR,2022,-2.06737101121871
BN.CAB.XOKA.GD.ZS,GBR,2021,-0.752836357784013
BN.CAB.XOKA.GD.ZS,GBR,2020,-2.92883387550299
BN.CAB.XOKA.GD.ZS,GBR,2019,-2.66245642145608
BN.CAB.XOKA.GD.ZS,GBR,2018,-3.88728858372976
BN.CAB.XOKA.GD.ZS,GBR,2017,-3.47326460218152
BN.CAB.XOKA.GD.ZS,GBR,2016,-5.46283821927875
BN.CAB.XOKA.GD.ZS,GBR,2015,-4.91700489264857
BN.CAB.XOKA.GD.ZS,GBR,2014,-4.97786981840052
BN.CAB.XOKA.GD.ZS,GBR,2013,-4.63114682704939
BN.CAB.XOKA.GD.ZS,GBR,2012,-3.13257837481106
BN.CAB.XOKA.GD.ZS,GBR,2011,-1.6237867474026
BN.CAB.XOKA.GD.ZS,GBR,2010,-2.75934253189814
BN.CAB.XOKA.GD.ZS,GBR,2009,-3.01852853421921
BN.CAB.XOKA.GD.ZS,GBR,2008,-3.86567706212856
BN.CAB.XOKA.GD.ZS,GBR,2007,-3.71636602944723
BN.CAB.XOKA.GD.ZS,GBR,2006,-3.10941980167091
BN.CAB.XOKA.GD.ZS,GBR,2005,-1.97517731781616
BN.CAB.XOKA.GD.ZS,GBR,2004,-2.28435751976608
BN.CAB.XOKA.GD.ZS,GBR,2003,-1.82204886055783
BN.CAB.XOKA.GD.ZS,GBR,2002,-1.96774674220137
BN.CAB.XOKA.GD.ZS,GBR,2001,-1.75946787442188
BN.CAB.XOKA.GD.ZS,GBR,2000,-1.80322397590519
BN.CAB.XOKA.GD.ZS,GBR,1999,-2.10815347133567
BN.CAB.XOKA.GD.ZS,GBR,1998,-0.317493408980745
BN.CAB.XOKA.GD.ZS,GBR,1997,-0.0893797602849274
BN.CAB.XOKA.GD.ZS,GBR,1996,-0.724668922297666
BN.CAB.XOKA.GD.ZS,GBR,1995,-0.995954431591392
BN.CAB.XOKA.GD.ZS,GBR,1994,-0.879081535567202
BN.CAB.XOKA.GD.ZS,GBR,1993,-1.66961487109581
BN.CAB.XOKA.GD.ZS,GBR,1992,-1.96702595518054
BN.CAB.XOKA.GD.ZS,GBR,1991,-1.66449946529553
BN.CAB.XOKA.GD.ZS,GBR,1990,-3.55031184555805
BN.CAB.XOKA.GD.ZS,IND,2025,-0.416854153498652
BN.CAB.XOKA.GD.ZS,IND,2024,-0.851289719084462
BN.CAB.XOKA.GD.ZS,IND,2023,-0.912777939495827
BN.CAB.XOKA.GD.ZS,IND,2022,-2.43238270956779
BN.CAB.XOKA.GD.ZS,IND,2021,-1.05524166809383
BN.CAB.XOKA.GD.ZS,IND,2020,1.22362111042791
BN.CAB.XOKA.GD.ZS,IND,2019,-1.04961203910072
BN.CAB.XOKA.GD.ZS,IND,2018,-2.42697545810527
BN.CAB.XOKA.GD.ZS,IND,2017,-1.43948820320989
BN.CAB.XOKA.GD.ZS,IND,2016,-0.52788060603752
BN.CAB.XOKA.GD.ZS,IND,2015,-1.06754907167965
BN.CAB.XOKA.GD.ZS,IND,2014,-1.33950896483453
BN.CAB.XOKA.GD.ZS,IND,2013,-2.64566711733892
BN.CAB.XOKA.GD.ZS,IND,2012,-5.00488971805303
BN.CAB.XOKA.GD.ZS,IND,2011,-3.42928468606061
BN.CAB.XOKA.GD.ZS,IND,2010,-3.25348368945179
BN.CAB.XOKA.GD.ZS,IND,2009,-1.95146209111802
BN.CAB.XOKA.GD.ZS,IND,2008,-2.58337749259838
BN.CAB.XOKA.GD.ZS,IND,2007,-0.663717648772609
BN.CAB.XOKA.GD.ZS,IND,2006,-0.988988302952292
BN.CAB.XOKA.GD.ZS,IND,2005,-1.25350400207393
BN.CAB.XOKA.GD.ZS,IND,2004,0.110018010197154
BN.CAB.XOKA.GD.ZS,IND,2003,1.44355773291234
BN.CAB.XOKA.GD.ZS,IND,2002,1.37093793900847
BN.CAB.XOKA.GD.ZS,IND,2001,0.290495460210208
BN.CAB.XOKA.GD.ZS,IND,2000,-0.982342580017138
BN.CAB.XOKA.GD.ZS,IND,1999,-0.703547232193242
BN.CAB.XOKA.GD.ZS,IND,1998,-1.63832533358649
BN.CAB.XOKA.GD.ZS,IND,1997,-0.713014326393888
BN.CAB.XOKA.GD.ZS,IND,1996,-1.51595497295368
BN.CAB.XOKA.GD.ZS,IND,1995,-1.54413181166043
BN.CAB.XOKA.GD.ZS,IND,1994,-0.512193818555588
BN.CAB.XOKA.GD.ZS,IND,1993,-0.671618869530872
BN.CAB.XOKA.GD.ZS,IND,1992,-1.55624498023457
BN.CAB.XOKA.GD.ZS,IND,1991,-1.58891131223691
BN.CAB.XOKA.GD.ZS,IND,1990,-2.19193586906134
BN.CAB.XOKA.GD.ZS,JPN,2025,4.86496093471918
BN.CAB.XOKA.GD.ZS,JPN,2024,4.62202410018024
BN.CAB.XOKA.GD.ZS,JPN,2023,3.61127531871255
BN.CAB.XOKA.GD.ZS,JPN,2022,2.0281112293848
BN.CAB.XOKA.GD.ZS,JPN,2021,3.76057343034324
BN.CAB.XOKA.GD.ZS,JPN,2020,2.8911777788158
BN.CAB.XOKA.GD.ZS,JPN,2019,3.36672218972423
BN.CAB.XOKA.GD.ZS,JPN,2018,3.43924007536728
BN.CAB.XOKA.GD.ZS,JPN,2017,4.03254042163651
BN.CAB.XOKA.GD.ZS,JPN,2016,3.85588282294837
BN.CAB.XOKA.GD.ZS,JPN,2015,3.00967361767901
BN.CAB.XOKA.GD.ZS,JPN,2014,0.72910539728354
BN.CAB.XOKA.GD.ZS,JPN,2013,0.879664701194644
BN.CAB.XOKA.GD.ZS,JPN,2012,0.949145258884222
BN.CAB.XOKA.GD.ZS,JPN,2011,2.06383124200042
BN.CAB.XOKA.GD.ZS,JPN,2010,3.80082624691884
BN.CAB.XOKA.GD.ZS,JPN,2009,2.72970030740046
BN.CAB.XOKA.GD.ZS,JPN,2008,2.75407955979761
BN.CAB.XOKA.GD.ZS,JPN,2007,4.57839452711194
BN.CAB.XOKA.GD.ZS,JPN,2006,3.7579723483952
BN.CAB.XOKA.GD.ZS,JPN,2005,3.48923328988267
BN.CAB.XOKA.GD.ZS,JPN,2004,3.68297677752484
BN.CAB.XOKA.GD.ZS,JPN,2003,3.047625783072
BN.CAB.XOKA.GD.ZS,JPN,2002,2.56388731159672
BN.CAB.XOKA.GD.ZS,JPN,2001,1.94241825757612
BN.CAB.XOKA.GD.ZS,JPN,2000,2.59184009101983
BN.CAB.XOKA.GD.ZS,JPN,1999,2.43392694084621
BN.CAB.XOKA.GD.ZS,JPN,1998,2.76325572295153
BN.CAB.XOKA.GD.ZS,JPN,1997,2.08428927046609
BN.CAB.XOKA.GD.ZS,JPN,1996,1.37399041718279
BN.CAB.XOKA.GD.ZS,MEX,2025,-0.447421048798837
BN.CAB.XOKA.GD.ZS,MEX,2024,-0.912091864173097
BN.CAB.XOKA.GD.ZS,MEX,2023,-0.699077082003633
BN.CAB.XOKA.GD.ZS,MEX,2022,-1.27426718190487
BN.CAB.XOKA.GD.ZS,MEX,2021,-0.340708629738092
BN.CAB.XOKA.GD.ZS,MEX,2020,2.39710320563074
BN.CAB.XOKA.GD.ZS,MEX,2019,-0.296844402020911
BN.CAB.XOKA.GD.ZS,MEX,2018,-2.06414074440499
BN.CAB.XOKA.GD.ZS,MEX,2017,-1.79746290782777
BN.CAB.XOKA.GD.ZS,MEX,2016,-2.27311198277187
BN.CAB.XOKA.GD.ZS,MEX,2015,-2.59917628224106
BN.CAB.XOKA.GD.ZS,MEX,2014,-1.82131927652883
BN.CAB.XOKA.GD.ZS,MEX,2013,-2.39396960169622
BN.CAB.XOKA.GD.ZS,MEX,2012,-1.40984864759126
BN.CAB.XOKA.GD.ZS,MEX,2011,-0.857892612318961
BN.CAB.XOKA.GD.ZS,MEX,2010,-0.339592498675246
BN.CAB.XOKA.GD.ZS,MEX,2009,-0.750921220817888
BN.CAB.XOKA.GD.ZS,MEX,2008,-1.40680860932702
BN.CAB.XOKA.GD.ZS,MEX,2007,-0.844640815368309
BN.CAB.XOKA.GD.ZS,MEX,2006,-0.316555541136009
BN.CAB.XOKA.GD.ZS,MEX,2005,-0.62353440164571
BN.CAB.XOKA.GD.ZS,MEX,2004,-0.464775659455355
BN.CAB.XOKA.GD.ZS,MEX,2003,-0.526761129534337
BN.CAB.XOKA.GD.ZS,MEX,2002,-1.52936520808688
BN.CAB.XOKA.GD.ZS,MEX,2001,-2.23003398954777
BN.CAB.XOKA.GD.ZS,MEX,2000,-2.52707170138346
BN.CAB.XOKA.GD.ZS,MEX,1999,-2.21778204046026
BN.CAB.XOKA.GD.ZS,MEX,1998,-2.8688383681894
BN.CAB.XOKA.GD.ZS,MEX,1997,-1.46431251799993
BN.CAB.XOKA.GD.ZS,MEX,1996,-0.580284830782933
BN.CAB.XOKA.GD.ZS,MEX,1995,-0.414680790187327
BN.CAB.XOKA.GD.ZS,MEX,1994,-5.35786349392844
BN.CAB.XOKA.GD.ZS,MEX,1993,-4.41375552546445
BN.CAB.XOKA.GD.ZS,MEX,1992,-6.73040694268406
BN.CAB.XOKA.GD.ZS,MEX,1991,-4.75442816258017
BN.CAB.XOKA.GD.ZS,MEX,1990,-2.85201728941809
BN.CAB.XOKA.GD.ZS,URY,2025,-0.438287342587356
BN.CAB.XOKA.GD.ZS,URY,2024,-0.756844684468695
BN.CAB.XOKA.GD.ZS,URY,2023,-2.95412894360151
BN.CAB.XOKA.GD.ZS,URY,2022,-3.5174343179116
BN.CAB.XOKA.GD.ZS,URY,2021,-2.43351228613427
BN.CAB.XOKA.GD.ZS,URY,2020,-0.64129448995452
BN.CAB.XOKA.GD.ZS,URY,2019,1.29076830125487
BN.CAB.XOKA.GD.ZS,URY,2018,-0.459786698499486
BN.CAB.XOKA.GD.ZS,URY,2017,0.011326168182089
BN.CAB.XOKA.GD.ZS,URY,2016,0.825062149663386
BN.CAB.XOKA.GD.ZS,URY,2015,-0.255015059040964
BN.CAB.XOKA.GD.ZS,URY,2014,-2.98942522248203
BN.CAB.XOKA.GD.ZS,URY,2013,-3.28720935568054
BN.CAB.XOKA.GD.ZS,URY,2012,-3.75505695244851
BN.CAB.XOKA.GD.ZS,URY,2011,-2.61132861090732
BN.CAB.XOKA.GD.ZS,URY,2010,-1.74215679383919
BN.CAB.XOKA.GD.ZS,URY,2009,-1.16571403141018
BN.CAB.XOKA.GD.ZS,URY,2008,-5.55595054569104
BN.CAB.XOKA.GD.ZS,URY,2007,-0.926356077597875
BN.CAB.XOKA.GD.ZS,URY,2006,-1.98506902354451
BN.CAB.XOKA.GD.ZS,URY,2005,0.243497121353953
BN.CAB.XOKA.GD.ZS,URY,2004,0.0228310712848396
BN.CAB.XOKA.GD.ZS,URY,2003,-0.724417111042172
BN.CAB.XOKA.GD.ZS,URY,2002,2.80710265957685
BN.CAB.XOKA.GD.ZS,URY,2001,-2.38113794693639
BN.CAB.XOKA.GD.ZS,URY,2000,-2.48133850696421
BN.CAB.XOKA.GD.ZS,URY,1999,-2.11641577716128
BN.CAB.XOKA.GD.ZS,URY,1998,-1.87308798948415
BN.CAB.XOKA.GD.ZS,URY,1997,-1.19901179230843
BN.CAB.XOKA.GD.ZS,URY,1996,-1.1376787138155
BN.CAB.XOKA.GD.ZS,URY,1995,-1.10116960243742
BN.CAB.XOKA.GD.ZS,URY,1994,-2.50821351284002
BN.CAB.XOKA.GD.ZS,URY,1993,-1.62503515644754
BN.CAB.XOKA.GD.ZS,URY,1992,-0.0681775008401581
BN.CAB.XOKA.GD.ZS,URY,1991,0.37863047604701
BN.CAB.XOKA.GD.ZS,URY,1990,1.99907346180948
BN.CAB.XOKA.GD.ZS,USA,2025,-3.62698693844919
BN.CAB.XOKA.GD.ZS,USA,2024,-4.04564637199117
BN.CAB.XOKA.GD.ZS,USA,2023,-3.33680827263036
BN.CAB.XOKA.GD.ZS,USA,2022,-3.81177015326345
BN.CAB.XOKA.GD.ZS,USA,2021,-3.61901225446136
BN.CAB.XOKA.GD.ZS,USA,2020,-2.77659039897534
BN.CAB.XOKA.GD.ZS,USA,2019,-2.05182158462342
BN.CAB.XOKA.GD.ZS,USA,2018,-2.12518413076048
BN.CAB.XOKA.GD.ZS,USA,2017,-1.87442427129943
BN.CAB.XOKA.GD.ZS,USA,2016,-2.10699725119707
BN.CAB.XOKA.GD.ZS,USA,2015,-2.2325584903738
BN.CAB.XOKA.GD.ZS,USA,2014,-2.10117617206317
BN.CAB.XOKA.GD.ZS,USA,2013,-2.01090797096302
BN.CAB.XOKA.GD.ZS,USA,2012,-2.57236847367136
BN.CAB.XOKA.GD.ZS,USA,2011,-2.91862065322661
BN.CAB.XOKA.GD.ZS,USA,2010,-2.87064145448882
BN.CAB.XOKA.GD.ZS,USA,2009,-2.62283632200348
BN.CAB.XOKA.GD.ZS,USA,2008,-4.71585990444596
BN.CAB.XOKA.GD.ZS,USA,2007,-5.08872735734161
BN.CAB.XOKA.GD.ZS,USA,2006,-5.91102091022869
BN.CAB.XOKA.GD.ZS,USA,2005,-5.74598267055862
BN.CAB.XOKA.GD.ZS,USA,2004,-5.20485224269137
BN.CAB.XOKA.GD.ZS,USA,2003,-4.55897769378821
BN.CAB.XOKA.GD.ZS,USA,2002,-4.17334150234402
BN.CAB.XOKA.GD.ZS,USA,2001,-3.72407526075822
BN.CAB.XOKA.GD.ZS,USA,2000,-3.92088461637514
BN.CAB.XOKA.GD.ZS,USA,1999,-2.97598256993022
BN.CAB.XOKA.GD.ZS,USA,1998,-2.37273907218914
BN.CAB.XOKA.GD.ZS,USA,1997,-1.64061377884972
BN.CAB.XOKA.GD.ZS,USA,1996,-1.54496736206885
BN.CAB.XOKA.GD.ZS,USA,1995,-1.48644935848023
BN.CAB.XOKA.GD.ZS,USA,1994,-1.66925292387951
BN.CAB.XOKA.GD.ZS,USA,1993,-1.23616054042839
BN.CAB.XOKA.GD.ZS,USA,1992,-0.791448803104507
BN.CAB.XOKA.GD.ZS,USA,1991,0.0462965293516911
BN.CAB.XOKA.GD.ZS,USA,1990,-1.32399955459737
BN.CAB.XOKA.GD.ZS,VNM,2024,6.33496605552948
BN.CAB.XOKA.GD.ZS,VNM,2023,5.94575853346696
BN.CAB.XOKA.GD.ZS,VNM,2022,0.339101746979362
BN.CAB.XOKA.GD.ZS,VNM,2021,-1.26284279203588
BN.CAB.XOKA.GD.ZS,VNM,2020,4.34486906553373
BN.CAB.XOKA.GD.ZS,VNM,2019,3.91824395534243
BN.CAB.XOKA.GD.ZS,VNM,2018,1.90236367538642
BN.CAB.XOKA.GD.ZS,VNM,2017,-0.586095207209378
BN.CAB.XOKA.GD.ZS,VNM,2016,0.243099852637275
BN.CAB.XOKA.GD.ZS,VNM,2015,-0.853052854546214
BN.CAB.XOKA.GD.ZS,VNM,2014,4.00897026449707
BN.CAB.XOKA.GD.ZS,VNM,2013,3.62409015316054
BN.CAB.XOKA.GD.ZS,VNM,2012,4.82078231422777
BN.CAB.XOKA.GD.ZS,VNM,2011,0.136736251193688
BN.CAB.XOKA.GD.ZS,VNM,2010,-2.90486815229253
BN.CAB.XOKA.GD.ZS,VNM,2009,-6.23310024019381
BN.CAB.XOKA.GD.ZS,VNM,2008,-10.9179529896098
BN.CAB.XOKA.GD.ZS,VNM,2007,-8.98165936412439
BN.CAB.XOKA.GD.ZS,VNM,2006,-0.246704373698266
BN.CAB.XOKA.GD.ZS,VNM,2005,-0.971989162897001
BN.CAB.XOKA.GD.ZS,VNM,2004,-2.10663701040253
BN.CAB.XOKA.GD.ZS,VNM,2003,-4.88211706972335
BN.CAB.XOKA.GD.ZS,VNM,2002,-1.72255927072095
BN.CAB.XOKA.GD.ZS,VNM,2001,2.08657136826562
BN.CAB.XOKA.GD.ZS,VNM,2000,3.54799694298148
BN.CAB.XOKA.GD.ZS,VNM,1999,4.10338164918913
BN.CAB.XOKA.GD.ZS,VNM,1998,-3.94713600744563
BN.CAB.XOKA.GD.ZS,VNM,1997,-5.69221074168667
BN.CAB.XOKA.GD.ZS,VNM,1996,-8.19224337661192
BN.CAB.XOKA.CD,ARG,2025,-7581623301.8312
BN.CAB.XOKA.CD,ARG,2024,5701359456.362
BN.CAB.XOKA.CD,ARG,2023,-20751251605.5503
BN.CAB.XOKA.CD,ARG,2022,-3964074915.28095
BN.CAB.XOKA.CD,ARG,2021,6624785192.348
BN.CAB.XOKA.CD,ARG,2020,2688362005.52313
BN.CAB.XOKA.CD,ARG,2019,-3492479581.08422
BN.CAB.XOKA.CD,ARG,2018,-27083606451.057
BN.CAB.XOKA.CD,ARG,2017,-31151351750.7624
BN.CAB.XOKA.CD,ARG,2016,-15104786524.5601
BN.CAB.XOKA.CD,ARG,2015,-17621985168.21
BN.CAB.XOKA.CD,ARG,2014,-9179026266.87552
BN.CAB.XOKA.CD,ARG,2013,-13124373785.8633
BN.CAB.XOKA.CD,ARG,2012,-2138040360.43296
BN.CAB.XOKA.CD,ARG,2011,-5340181192.3952
BN.CAB.XOKA.CD,ARG,2010,-1622995871.25068
BN.CAB.XOKA.CD,ARG,2009,7254115683.93703
BN.CAB.XOKA.CD,ARG,2008,5421206328.61008
BN.CAB.XOKA.CD,ARG,2007,6048537892.88669
BN.CAB.XOKA.CD,ARG,2006,6498802520.20453
BN.CAB.XOKA.CD,ARG,2005,5273750000
BN.CAB.XOKA.CD,ARG,2004,3211790000
BN.CAB.XOKA.CD,ARG,2003,8139930000
BN.CAB.XOKA.CD,ARG,2002,8766610000
BN.CAB.XOKA.CD,ARG,2001,-3780423241.1936
BN.CAB.XOKA.CD,ARG,2000,-8980617892.62761
BN.CAB.XOKA.CD,ARG,1999,-11942825328.0158
BN.CAB.XOKA.CD,ARG,1998,-14481998042.2511
BN.CAB.XOKA.CD,ARG,1997,-12138068595.3394
BN.CAB.XOKA.CD,ARG,1996,-6769978160.48527
BN.CAB.XOKA.CD,ARG,1995,-5117957254.29082
BN.CAB.XOKA.CD,ARG,1994,-10979452970.0946
BN.CAB.XOKA.CD,ARG,1993,-8205889940.16499
BN.CAB.XOKA.CD,ARG,1992,-5547754558.62268
BN.CAB.XOKA.CD,ARG,1991,-647000000
BN.CAB.XOKA.CD,ARG,1990,4552000000
BN.CAB.XOKA.CD,BRA,2025,-66717333403.48
BN.CAB.XOKA.CD,BRA,2024,-65312661657.71
BN.CAB.XOKA.CD,BRA,2023,-26981475122.165
BN.CAB.XOKA.CD,BRA,2022,-41960059748.66
BN.CAB.XOKA.CD,BRA,2021,-39397557333.01
BN.CAB.XOKA.CD,BRA,2020,-24223442477.915
BN.CAB.XOKA.CD,BRA,2019,-63959511165.035
BN.CAB.XOKA.CD,BRA,2018,-53818304220.985
BN.CAB.XOKA.CD,BRA,2017,-25263598550.21
BN.CAB.XOKA.CD,BRA,2016,-30528825466.82
BN.CAB.XOKA.CD,BRA,2015,-63408884124.215
BN.CAB.XOKA.CD,BRA,2014,-110493241349.855
BN.CAB.XOKA.CD,BRA,2013,-88384030093.09
BN.CAB.XOKA.CD,BRA,2012,-92678171336.37
BN.CAB.XOKA.CD,BRA,2011,-83576205984.365
BN.CAB.XOKA.CD,BRA,2010,-86717778084.25
BN.CAB.XOKA.CD,BRA,2009,-29328433093.6155
BN.CAB.XOKA.CD,BRA,2008,-35601727612.8429
BN.CAB.XOKA.CD,BRA,2007,-2753670195.51863
BN.CAB.XOKA.CD,BRA,2006,10773999924.4617
BN.CAB.XOKA.CD,BRA,2005,11679374942.1176
BN.CAB.XOKA.CD,BRA,2004,8959313364.24297
BN.CAB.XOKA.CD,BRA,2003,2193173018.4213
BN.CAB.XOKA.CD,BRA,2002,-9407043257.05195
BN.CAB.XOKA.CD,BRA,2001,-24890077179.8191
BN.CAB.XOKA.CD,BRA,2000,-26530848798.8242
BN.CAB.XOKA.CD,BRA,1999,-26783642462.7954
BN.CAB.XOKA.CD,BRA,1998,-34992880274.9427
BN.CAB.XOKA.CD,BRA,1997,-32133362814.2919
BN.CAB.XOKA.CD,BRA,1996,-23248000000
BN.CAB.XOKA.CD,BRA,1995,-18136000000
BN.CAB.XOKA.CD,BRA,1994,-1153000000
BN.CAB.XOKA.CD,BRA,1993,20000000
BN.CAB.XOKA.CD,BRA,1992,6089000000
BN.CAB.XOKA.CD,BRA,1991,-1450000000
BN.CAB.XOKA.CD,BRA,1990,-3823000000
BN.CAB.XOKA.CD,CAN,2025,-22007445389.7321
BN.CAB.XOKA.CD,CAN,2024,-11074626248.6308
BN.CAB.XOKA.CD,CAN,2023,-15238758364.6521
BN.CAB.XOKA.CD,CAN,2022,-9729614620.94181
BN.CAB.XOKA.CD,CAN,2021,-444179661.058702
BN.CAB.XOKA.CD,CAN,2020,-33287434317.3917
BN.CAB.XOKA.CD,CAN,2019,-34032332330.5444
BN.CAB.XOKA.CD,CAN,2018,-41150336771.2767
BN.CAB.XOKA.CD,CAN,2017,-46235966235.5002
BN.CAB.XOKA.CD,CAN,2016,-47262580270.0757
BN.CAB.XOKA.CD,CAN,2015,-54695520049.8055
BN.CAB.XOKA.CD,CAN,2014,-41873919951.8706
BN.CAB.XOKA.CD,CAN,2013,-58110120944.909
BN.CAB.XOKA.CD,CAN,2012,-64582432568.532
BN.CAB.XOKA.CD,CAN,2011,-49746988786.8781
BN.CAB.XOKA.CD,CAN,2010,-58162670440.446
BN.CAB.XOKA.CD,CAN,2009,-40775263975.9539
BN.CAB.XOKA.CD,CAN,2008,3177944944.24201
BN.CAB.XOKA.CD,CAN,2007,11050809835.8733
BN.CAB.XOKA.CD,CAN,2006,17990236971.187
BN.CAB.XOKA.CD,CAN,2005,21933097496.4069
BN.CAB.XOKA.CD,CAN,2004,23235547976.4209
BN.CAB.XOKA.CD,CAN,2003,10432942306.8006
BN.CAB.XOKA.CD,CAN,2002,12512912205.0114
BN.CAB.XOKA.CD,CAN,2001,15757824510.9174
BN.CAB.XOKA.CD,CAN,2000,18494424438.8816
BN.CAB.XOKA.CD,CAN,1999,845351118.081348
BN.CAB.XOKA.CD,CAN,1998,-8999712921.89455
BN.CAB.XOKA.CD,CAN,1997,-8985483076.79473
BN.CAB.XOKA.CD,CAN,1996,2428067198.30117
BN.CAB.XOKA.CD,CAN,1995,-5061141976.25064
BN.CAB.XOKA.CD,CAN,1994,-13907010266.7102
BN.CAB.XOKA.CD,CAN,1993,-22353009553.3951
BN.CAB.XOKA.CD,CAN,1992,-21718992367.3542
BN.CAB.XOKA.CD,CAN,1991,-22874763553.8335
BN.CAB.XOKA.CD,CAN,1990,-20259435863.9883
BN.CAB.XOKA.CD,CHE,2025,72878323506.3294
BN.CAB.XOKA.CD,CHE,2024,86202865399.0253
BN.CAB.XOKA.CD,CHE,2023,54438566778.6986
BN.CAB.XOKA.CD,CHE,2022,76884698445.1558
BN.CAB.XOKA.CD,CHE,2021,62546710782.767
BN.CAB.XOKA.CD,CHE,2020,3319443311.75407
BN.CAB.XOKA.CD,CHE,2019,29633016077.571
BN.CAB.XOKA.CD,CHE,2018,44398303272.7385
BN.CAB.XOKA.CD,CHE,2017,36966569667.3355
BN.CAB.XOKA.CD,CHE,2016,49728650009.3669
BN.CAB.XOKA.CD,CHE,2015,63806983418.4223
BN.CAB.XOKA.CD,CHE,2014,54182918005.5731
BN.CAB.XOKA.CD,CHE,2013,72584745015.6185
BN.CAB.XOKA.CD,CHE,2012,64661985504.4139
BN.CAB.XOKA.CD,CHE,2011,49369519471.1114
BN.CAB.XOKA.CD,CHE,2010,82424390138.4104
BN.CAB.XOKA.CD,CHE,2009,35002901387.162
BN.CAB.XOKA.CD,CHE,2008,9866859635.78399
BN.CAB.XOKA.CD,CHE,2007,43043329458.5179
BN.CAB.XOKA.CD,CHE,2006,56416405826.1417
BN.CAB.XOKA.CD,CHE,2005,47702348466.7494
BN.CAB.XOKA.CD,CHE,2004,50597185021.1602
BN.CAB.XOKA.CD,CHE,2003,40856236178.2168
BN.CAB.XOKA.CD,CHE,2002,23025417191.0525
BN.CAB.XOKA.CD,CHE,2001,20626555932.7084
BN.CAB.XOKA.CD,CHE,2000,31572896412.3024
BN.CAB.XOKA.CD,CHE,1999,28283270188.0401
BN.CAB.XOKA.CD,CHE,1998,25194278318.4895
BN.CAB.XOKA.CD,CHE,1997,25316670255.3723
BN.CAB.XOKA.CD,CHE,1996,19915939191.4305
BN.CAB.XOKA.CD,CHE,1995,20702527127.2049
BN.CAB.XOKA.CD,CHE,1994,16729198997.5817
BN.CAB.XOKA.CD,CHE,1993,16875486425.2118
BN.CAB.XOKA.CD,CHE,1992,13370612197.4895
BN.CAB.XOKA.CD,CHE,1991,9534434765.42751
BN.CAB.XOKA.CD,CHE,1990,6123636014.61317
BN.CAB.XOKA.CD,CHL,2025,-4348778586.5
BN.CAB.XOKA.CD,CHL,2024,-3846330873.8
BN.CAB.XOKA.CD,CHL,2023,-10424286763.36
BN.CAB.XOKA.CD,CHL,2022,-26720452030.337
BN.CAB.XOKA.CD,CHL,2021,-23014773719.511
BN.CAB.XOKA.CD,CHL,2020,-4986749054.53709
BN.CAB.XOKA.CD,CHL,2019,-14505468953.6712
BN.CAB.XOKA.CD,CHL,2018,-13265293208.1116
BN.CAB.XOKA.CD,CHL,2017,-7615781652.98866
BN.CAB.XOKA.CD,CHL,2016,-6534477429.84874
BN.CAB.XOKA.CD,CHL,2015,-6631182622.04014
BN.CAB.XOKA.CD,CHL,2014,-8981588318.6732
BN.CAB.XOKA.CD,CHL,2013,-13248567562.4967
BN.CAB.XOKA.CD,CHL,2012,-14228392009.9749
BN.CAB.XOKA.CD,CHL,2011,-12360830621.9413
BN.CAB.XOKA.CD,CHL,2010,1946692533.49391
BN.CAB.XOKA.CD,CHL,2009,2473170320.21126
BN.CAB.XOKA.CD,CHL,2008,-7534471017.57505
BN.CAB.XOKA.CD,CHL,2007,8720422182.29573
BN.CAB.XOKA.CD,CHL,2006,8455912547.51398
BN.CAB.XOKA.CD,CHL,2005,2337151911.98815
BN.CAB.XOKA.CD,CHL,2004,3230434888.42407
BN.CAB.XOKA.CD,CHL,2003,164153378.691133
BN.CAB.XOKA.CD,CHL,2002,-580075884.957633
BN.CAB.XOKA.CD,CHL,2001,-1100127918.63704
BN.CAB.XOKA.CD,CHL,2000,-897526442.929414
BN.CAB.XOKA.CD,CHL,1999,99338040.6829709
BN.CAB.XOKA.CD,CHL,1998,-3918430456.4206
BN.CAB.XOKA.CD,CHL,1997,-3660191808.39716
BN.CAB.XOKA.CD,CHL,1996,-3082652307.59382
BN.CAB.XOKA.CD,CHL,1995,-1349600000
BN.CAB.XOKA.CD,CHL,1994,-1587000000
BN.CAB.XOKA.CD,CHL,1993,-2552200000
BN.CAB.XOKA.CD,CHL,1992,-956900000
BN.CAB.XOKA.CD,CHL,1991,-97700000
BN.CAB.XOKA.CD,CHL,1990,-484610000
BN.CAB.XOKA.CD,CHN,2025,735021965565.35
BN.CAB.XOKA.CD,CHN,2024,462283038233.16
BN.CAB.XOKA.CD,CHN,2023,257029393581.815
BN.CAB.XOKA.CD,CHN,2022,404141947756.878
BN.CAB.XOKA.CD,CHN,2021,297407494180.593
BN.CAB.XOKA.CD,CHN,2020,223715895433.051
BN.CAB.XOKA.CD,CHN,2019,90267369315.1809
BN.CAB.XOKA.CD,CHN,2018,24130909184.4985
BN.CAB.XOKA.CD,CHN,2017,188676126121.162
BN.CAB.XOKA.CD,CHN,2016,191337035941.994
BN.CAB.XOKA.CD,CHN,2015,293022317035.547
BN.CAB.XOKA.CD,CHN,2014,236046577873.629
BN.CAB.XOKA.CD,CHN,2013,148203949879.877
BN.CAB.XOKA.CD,CHN,2012,215391747469.442
BN.CAB.XOKA.CD,CHN,2011,136096761577.55
BN.CAB.XOKA.CD,CHN,2010,237810389607.955
BN.CAB.XOKA.CD,CHN,2009,243256567919.618
BN.CAB.XOKA.CD,CHN,2008,420568516143.545
BN.CAB.XOKA.CD,CHN,2007,353182677237.316
BN.CAB.XOKA.CD,CHN,2006,231843041064.414
BN.CAB.XOKA.CD,CHN,2005,132378493766.399
BN.CAB.XOKA.CD,CHN,2004,68940960688.562
BN.CAB.XOKA.CD,CHN,2003,43051582861.334
BN.CAB.XOKA.CD,CHN,2002,35421997979.6472
BN.CAB.XOKA.CD,CHN,2001,17401000000
BN.CAB.XOKA.CD,CHN,2000,20518382000
BN.CAB.XOKA.CD,CHN,1999,21115000000
BN.CAB.XOKA.CD,CHN,1998,31472000000
BN.CAB.XOKA.CD,CHN,1997,36963000000
BN.CAB.XOKA.CD,CHN,1996,7243000000
BN.CAB.XOKA.CD,CHN,1995,1618390000
BN.CAB.XOKA.CD,CHN,1994,6908000000
BN.CAB.XOKA.CD,CHN,1993,-11609000000
BN.CAB.XOKA.CD,CHN,1992,6401000000
BN.CAB.XOKA.CD,CHN,1991,13272000000
BN.CAB.XOKA.CD,CHN,1990,11997000000
BN.CAB.XOKA.CD,EMU,2025,313008346206.196
BN.CAB.XOKA.CD,EMU,2024,450217470525.686
BN.CAB.XOKA.CD,EMU,2023,278326662848.159
BN.CAB.XOKA.CD,EMU,2022,-28172078486.6348
BN.CAB.XOKA.CD,EMU,2021,410513798662.097
BN.CAB.XOKA.CD,EMU,2020,248570235999.416
BN.CAB.XOKA.CD,EMU,2019,324375621495.26
BN.CAB.XOKA.CD,EMU,2018,411187073334.614
BN.CAB.XOKA.CD,EMU,2017,437323663442.858
BN.CAB.XOKA.CD,EMU,2016,403299865982.436
BN.CAB.XOKA.CD,EMU,2015,340819028861.231
BN.CAB.XOKA.CD,EMU,2014,315436234390.183
BN.CAB.XOKA.CD,EMU,2013,257647207843.552
BN.CAB.XOKA.CD,EMU,2012,123011730208.336
BN.CAB.XOKA.CD,EMU,2011,-48978477505.2285
BN.CAB.XOKA.CD,EMU,2010,-40630560628.5706
BN.CAB.XOKA.CD,EMU,2009,-33693355266.7607
BN.CAB.XOKA.CD,EMU,2008,-262088219860.55
BN.CAB.XOKA.CD,EMU,2007,24870211054.7058
BN.CAB.XOKA.CD,EMU,2006,-356367033.27771
BN.CAB.XOKA.CD,EMU,2005,19188044538.2893
BN.CAB.XOKA.CD,EMU,2004,81294164424.2132
BN.CAB.XOKA.CD,EMU,2003,24891688306.4588
BN.CAB.XOKA.CD,EMU,2002,44579556206.1356
BN.CAB.XOKA.CD,EMU,2001,-24223902231.2351
BN.CAB.XOKA.CD,EMU,2000,-83833383658.8248
BN.CAB.XOKA.CD,EMU,1999,-25866972479.8144
BN.CAB.XOKA.CD,GBR,2025,-97140106674.1782
BN.CAB.XOKA.CD,GBR,2024,-109373343546.545
BN.CAB.XOKA.CD,GBR,2023,-122353749282.974
BN.CAB.XOKA.CD,GBR,2022,-65768123497.5548
BN.CAB.XOKA.CD,GBR,2021,-24049803045.1645
BN.CAB.XOKA.CD,GBR,2020,-79781478065.787
BN.CAB.XOKA.CD,GBR,2019,-76564527687.8271
BN.CAB.XOKA.CD,GBR,2018,-112615839096.92
BN.CAB.XOKA.CD,GBR,2017,-93747523536.9687
BN.CAB.XOKA.CD,GBR,2016,-147868520452.342
BN.CAB.XOKA.CD,GBR,2015,-144834307320.881
BN.CAB.XOKA.CD,GBR,2014,-153585312219.422
BN.CAB.XOKA.CD,GBR,2013,-129528931532.334
BN.CAB.XOKA.CD,GBR,2012,-85197234067.4814
BN.CAB.XOKA.CD,GBR,2011,-43445876389.0059
BN.CAB.XOKA.CD,GBR,2010,-68893627523.6129
BN.CAB.XOKA.CD,GBR,2009,-73330869121.4225
BN.CAB.XOKA.CD,GBR,2008,-113853924732.581
BN.CAB.XOKA.CD,GBR,2007,-115382011654.824
BN.CAB.XOKA.CD,GBR,2006,-84562487956.8306
BN.CAB.XOKA.CD,GBR,2005,-50393919928.1493
BN.CAB.XOKA.CD,GBR,2004,-55504743534.5096
BN.CAB.XOKA.CD,GBR,2003,-37556576825.3384
BN.CAB.XOKA.CD,GBR,2002,-35233225038.7275
BN.CAB.XOKA.CD,GBR,2001,-29139796850.0519
BN.CAB.XOKA.CD,GBR,2000,-30142652691.7392
BN.CAB.XOKA.CD,GBR,1999,-35700714424.7011
BN.CAB.XOKA.CD,GBR,1998,-5272998683.33101
BN.CAB.XOKA.CD,GBR,1997,-1402652030.84077
BN.CAB.XOKA.CD,GBR,1996,-10328612315.6232
BN.CAB.XOKA.CD,GBR,1995,-13436363557.0545
BN.CAB.XOKA.CD,GBR,1994,-10025834771.6336
BN.CAB.XOKA.CD,GBR,1993,-17721103946.9124
BN.CAB.XOKA.CD,GBR,1992,-23204209131.1637
BN.CAB.XOKA.CD,GBR,1991,-19021852919.3948
BN.CAB.XOKA.CD,GBR,1990,-38810922316.9436
BN.CAB.XOKA.CD,IND,2025,-16491030087.2884
BN.CAB.XOKA.CD,IND,2024,-32015418428.3174
BN.CAB.XOKA.CD,IND,2023,-31955497930.2044
BN.CAB.XOKA.CD,IND,2022,-79050941951.3239
BN.CAB.XOKA.CD,IND,2021,-33422359357.9398
BN.CAB.XOKA.CD,IND,2020,32730048588.208
BN.CAB.XOKA.CD,IND,2019,-29762864650.3282
BN.CAB.XOKA.CD,IND,2018,-65599439052.6676
BN.CAB.XOKA.CD,IND,2017,-38167659223.511
BN.CAB.XOKA.CD,IND,2016,-12113787707.3688
BN.CAB.XOKA.CD,IND,2015,-22456838009.6209
BN.CAB.XOKA.CD,IND,2014,-27314281992.5894
BN.CAB.XOKA.CD,IND,2013,-49122670387.7035
BN.CAB.XOKA.CD,IND,2012,-91471245845.7231
BN.CAB.XOKA.CD,IND,2011,-62517637221.5214
BN.CAB.XOKA.CD,IND,2010,-54515877624.3661
BN.CAB.XOKA.CD,IND,2009,-26186435956.9108
BN.CAB.XOKA.CD,IND,2008,-30971987180.9349
BN.CAB.XOKA.CD,IND,2007,-8075694483.59494
BN.CAB.XOKA.CD,IND,2006,-9299060317.4628
BN.CAB.XOKA.CD,IND,2005,-10283543307.9807
BN.CAB.XOKA.CD,IND,2004,780195721.518435
BN.CAB.XOKA.CD,IND,2003,8772510263.57572
BN.CAB.XOKA.CD,IND,2002,7059496037.43388
BN.CAB.XOKA.CD,IND,2001,1410181566.42623
BN.CAB.XOKA.CD,IND,2000,-4601248652.10513
BN.CAB.XOKA.CD,IND,1999,-3228022816.39829
BN.CAB.XOKA.CD,IND,1998,-6903105373.49659
BN.CAB.XOKA.CD,IND,1997,-2965195307.24208
BN.CAB.XOKA.CD,IND,1996,-5956139581.80651
BN.CAB.XOKA.CD,IND,1995,-5563227578.46281
BN.CAB.XOKA.CD,IND,1994,-1676281517.88667
BN.CAB.XOKA.CD,IND,1993,-1875802280.34538
BN.CAB.XOKA.CD,IND,1992,-4485223626.33251
BN.CAB.XOKA.CD,IND,1991,-4291734332.07521
BN.CAB.XOKA.CD,IND,1990,-7035654412.26463
BN.CAB.XOKA.CD,JPN,2025,215768947339.997
BN.CAB.XOKA.CD,JPN,2024,193663188265.459
BN.CAB.XOKA.CD,JPN,2023,158349160012.648
BN.CAB.XOKA.CD,JPN,2022,90209904940.9153
BN.CAB.XOKA.CD,JPN,2021,196525067468.842
BN.CAB.XOKA.CD,JPN,2020,150028926280.73
BN.CAB.XOKA.CD,JPN,2019,176609997619.696
BN.CAB.XOKA.CD,JPN,2018,177268535276.423
BN.CAB.XOKA.CD,JPN,2017,203168727082.395
BN.CAB.XOKA.CD,JPN,2016,197049392532.181
BN.CAB.XOKA.CD,JPN,2015,136471801667.015
BN.CAB.XOKA.CD,JPN,2014,36351469239.9692
BN.CAB.XOKA.CD,JPN,2013,46378535980.1121
BN.CAB.XOKA.CD,JPN,2012,60116999697.1116
BN.CAB.XOKA.CD,JPN,2011,129596684408.633
BN.CAB.XOKA.CD,JPN,2010,220887986144.054
BN.CAB.XOKA.CD,JPN,2009,145677709652.337
BN.CAB.XOKA.CD,JPN,2008,142115935666.066
BN.CAB.XOKA.CD,JPN,2007,211735646402.3
BN.CAB.XOKA.CD,JPN,2006,174672769353.091
BN.CAB.XOKA.CD,JPN,2005,170122750083.948
BN.CAB.XOKA.CD,JPN,2004,181993749574.639
BN.CAB.XOKA.CD,JPN,2003,139380520054.084
BN.CAB.XOKA.CD,JPN,2002,108861295892.018
BN.CAB.XOKA.CD,JPN,2001,86219920754.329
BN.CAB.XOKA.CD,JPN,2000,130690474028.488
BN.CAB.XOKA.CD,JPN,1999,114126431432.297
BN.CAB.XOKA.CD,JPN,1998,114685034700.846
BN.CAB.XOKA.CD,JPN,1997,95455879688.3611
BN.CAB.XOKA.CD,JPN,1996,68994126647.2952
BN.CAB.XOKA.CD,MEX,2025,-8199623214.99996
BN.CAB.XOKA.CD,MEX,2024,-16695744081
BN.CAB.XOKA.CD,MEX,2023,-12544311498
BN.CAB.XOKA.CD,MEX,2022,-18692667771
BN.CAB.XOKA.CD,MEX,2021,-4485665790
BN.CAB.XOKA.CD,MEX,2020,26873079471
BN.CAB.XOKA.CD,MEX,2019,-3871166263.00003
BN.CAB.XOKA.CD,MEX,2018,-25931803949
BN.CAB.XOKA.CD,MEX,2017,-21402776864
BN.CAB.XOKA.CD,MEX,2016,-25282312906.9999
BN.CAB.XOKA.CD,MEX,2015,-31535662037
BN.CAB.XOKA.CD,MEX,2014,-24852042092
BN.CAB.XOKA.CD,MEX,2013,-31778421275
BN.CAB.XOKA.CD,MEX,2012,-17695157349
BN.CAB.XOKA.CD,MEX,2011,-10543617766
BN.CAB.XOKA.CD,MEX,2010,-3753937792.99999
BN.CAB.XOKA.CD,MEX,2009,-7084471754.00002
BN.CAB.XOKA.CD,MEX,2008,-16340834077
BN.CAB.XOKA.CD,MEX,2007,-9310944947.00001
BN.CAB.XOKA.CD,MEX,2006,-3229705575
BN.CAB.XOKA.CD,MEX,2005,-5721376165.99999
BN.CAB.XOKA.CD,MEX,2004,-3808647028.00002
BN.CAB.XOKA.CD,MEX,2003,-4032619657.99999
BN.CAB.XOKA.CD,MEX,2002,-12398045538
BN.CAB.XOKA.CD,MEX,2001,-17752510948
BN.CAB.XOKA.CD,MEX,2000,-18752421871
BN.CAB.XOKA.CD,MEX,1999,-13999734930
BN.CAB.XOKA.CD,MEX,1998,-15992658000
BN.CAB.XOKA.CD,MEX,1997,-7664937000
BN.CAB.XOKA.CD,MEX,1996,-2507747000
BN.CAB.XOKA.CD,MEX,1995,-1576440000
BN.CAB.XOKA.CD,MEX,1994,-29662110000
BN.CAB.XOKA.CD,MEX,1993,-23400000000
BN.CAB.XOKA.CD,MEX,1992,-24442000000
BN.CAB.XOKA.CD,MEX,1991,-14888000000
BN.CAB.XOKA.CD,MEX,1990,-7451000000
BN.CAB.XOKA.CD,URY,2025,-374068149.974998
BN.CAB.XOKA.CD,URY,2024,-623056183.536146
BN.CAB.XOKA.CD,URY,2023,-2339927897.65668
BN.CAB.XOKA.CD,URY,2022,-2505843742.81322
BN.CAB.XOKA.CD,URY,2021,-1478092518.75972
BN.CAB.XOKA.CD,URY,2020,-343473189.272865
BN.CAB.XOKA.CD,URY,2019,803146046.947276
BN.CAB.XOKA.CD,URY,2018,-300445675.148334
BN.CAB.XOKA.CD,URY,2017,7362693.3973668
BN.CAB.XOKA.CD,URY,2016,474252220.704412
BN.CAB.XOKA.CD,URY,2015,-147093522.500827
BN.CAB.XOKA.CD,URY,2014,-1838382524.26253
BN.CAB.XOKA.CD,URY,2013,-2016296046.75936
BN.CAB.XOKA.CD,URY,2012,-2036452488.3758
BN.CAB.XOKA.CD,URY,2011,-1314605653.04874
BN.CAB.XOKA.CD,URY,2010,-730841067.89421
BN.CAB.XOKA.CD,URY,2009,-381285464.92504
BN.CAB.XOKA.CD,URY,2008,-1728989727.07313
BN.CAB.XOKA.CD,URY,2007,-220452116.74447
BN.CAB.XOKA.CD,URY,2006,-391880827.91515
BN.CAB.XOKA.CD,URY,2005,42278058.6449692
BN.CAB.XOKA.CD,URY,2004,3124735.73349139
BN.CAB.XOKA.CD,URY,2003,-87260665.3550651
BN.CAB.XOKA.CD,URY,2002,381948864.724465
BN.CAB.XOKA.CD,URY,2001,-497628346.284269
BN.CAB.XOKA.CD,URY,2000,-566322609.194665
BN.CAB.XOKA.CD,URY,1999,-507600000
BN.CAB.XOKA.CD,URY,1998,-475500000
BN.CAB.XOKA.CD,URY,1997,-287400000
BN.CAB.XOKA.CD,URY,1996,-233400000
BN.CAB.XOKA.CD,URY,1995,-212500000
BN.CAB.XOKA.CD,URY,1994,-438300000
BN.CAB.XOKA.CD,URY,1993,-243790000
BN.CAB.XOKA.CD,URY,1992,-8780000
BN.CAB.XOKA.CD,URY,1991,42430000
BN.CAB.XOKA.CD,URY,1990,185890000
BN.CAB.XOKA.CD,USA,2025,-1116013000000
BN.CAB.XOKA.CD,USA,2024,-1185294000000
BN.CAB.XOKA.CD,USA,2023,-928017000000
BN.CAB.XOKA.CD,USA,2022,-993142000000
BN.CAB.XOKA.CD,USA,2021,-858634000000
BN.CAB.XOKA.CD,USA,2020,-593504000000
BN.CAB.XOKA.CD,USA,2019,-441962000000
BN.CAB.XOKA.CD,USA,2018,-438989000000
BN.CAB.XOKA.CD,USA,2017,-367614000000
BN.CAB.XOKA.CD,USA,2016,-396219000000
BN.CAB.XOKA.CD,USA,2015,-408447000000
BN.CAB.XOKA.CD,USA,2014,-369978000000
BN.CAB.XOKA.CD,USA,2013,-339455000000
BN.CAB.XOKA.CD,USA,2012,-418112000000
BN.CAB.XOKA.CD,USA,2011,-455297000000
BN.CAB.XOKA.CD,USA,2010,-432002000000
BN.CAB.XOKA.CD,USA,2009,-379736000000
BN.CAB.XOKA.CD,USA,2008,-696526000000
BN.CAB.XOKA.CD,USA,2007,-736554000000
BN.CAB.XOKA.CD,USA,2006,-816642000000
BN.CAB.XOKA.CD,USA,2005,-749230000000
BN.CAB.XOKA.CD,USA,2004,-635887000000
BN.CAB.XOKA.CD,USA,2003,-522297000000
BN.CAB.XOKA.CD,USA,2002,-456109000000
BN.CAB.XOKA.CD,USA,2001,-394079000000
BN.CAB.XOKA.CD,USA,2000,-401928000000
BN.CAB.XOKA.CD,USA,1999,-286622000000
BN.CAB.XOKA.CD,USA,1998,-215037000000
BN.CAB.XOKA.CD,USA,1997,-140724500000
BN.CAB.XOKA.CD,USA,1996,-124727100000
BN.CAB.XOKA.CD,USA,1995,-113561000000
BN.CAB.XOKA.CD,USA,1994,-121642400000
BN.CAB.XOKA.CD,USA,1993,-84782800000
BN.CAB.XOKA.CD,USA,1992,-51605050000
BN.CAB.XOKA.CD,USA,1991,2851000000
BN.CAB.XOKA.CD,USA,1990,-78952000000
BN.CAB.XOKA.CD,VNM,2024,30175000000
BN.CAB.XOKA.CD,VNM,2023,25793000000
BN.CAB.XOKA.CD,VNM,2022,1402000000
BN.CAB.XOKA.CD,VNM,2021,-4628000000
BN.CAB.XOKA.CD,VNM,2020,15060000000
BN.CAB.XOKA.CD,VNM,2019,13101247000
BN.CAB.XOKA.CD,VNM,2018,5899353000.00003
BN.CAB.XOKA.CD,VNM,2017,-1649000000
BN.CAB.XOKA.CD,VNM,2016,625000000
BN.CAB.XOKA.CD,VNM,2015,-2041000000
BN.CAB.XOKA.CD,VNM,2014,9359000000
BN.CAB.XOKA.CD,VNM,2013,7745000000
BN.CAB.XOKA.CD,VNM,2012,9429000000
BN.CAB.XOKA.CD,VNM,2011,236000000
BN.CAB.XOKA.CD,VNM,2010,-4276000000
BN.CAB.XOKA.CD,VNM,2009,-6608000000
BN.CAB.XOKA.CD,VNM,2008,-10823000000
BN.CAB.XOKA.CD,VNM,2007,-6953100000
BN.CAB.XOKA.CD,VNM,2006,-163741800
BN.CAB.XOKA.CD,VNM,2005,-560189000.00001
BN.CAB.XOKA.CD,VNM,2004,-957000000
BN.CAB.XOKA.CD,VNM,2003,-1931000000
BN.CAB.XOKA.CD,VNM,2002,-604000000
BN.CAB.XOKA.CD,VNM,2001,682000000
BN.CAB.XOKA.CD,VNM,2000,1106000000
BN.CAB.XOKA.CD,VNM,1999,1177000000
BN.CAB.XOKA.CD,VNM,1998,-1074000000
BN.CAB.XOKA.CD,VNM,1997,-1528000000
BN.CAB.XOKA.CD,VNM,1996,-2020000000
NY.GDP.MKTP.KD,ARG,2025,609232576079.322
NY.GDP.MKTP.KD,ARG,2024,583738758865.705
NY.GDP.MKTP.KD,ARG,2023,591684674129.454
NY.GDP.MKTP.KD,ARG,2022,602872713790.916
NY.GDP.MKTP.KD,ARG,2021,568636554720.066
NY.GDP.MKTP.KD,ARG,2020,514874343768.066
NY.GDP.MKTP.KD,ARG,2019,571450737224.442
NY.GDP.MKTP.KD,ARG,2018,583118120294.002
NY.GDP.MKTP.KD,ARG,2017,598790850843.677
NY.GDP.MKTP.KD,ARG,2016,582376550428.09
NY.GDP.MKTP.KD,ARG,2015,594749285413.212
NY.GDP.MKTP.KD,ARG,2014,578937574935.696
NY.GDP.MKTP.KD,ARG,2013,593858966307.156
NY.GDP.MKTP.KD,ARG,2012,579910247223.428
NY.GDP.MKTP.KD,ARG,2011,585924294024.785
NY.GDP.MKTP.KD,ARG,2010,552738161802.463
NY.GDP.MKTP.KD,ARG,2009,501917060966.235
NY.GDP.MKTP.KD,ARG,2008,533491913656.279
NY.GDP.MKTP.KD,ARG,2007,512690850741.56
NY.GDP.MKTP.KD,ARG,2006,470325565798.353
NY.GDP.MKTP.KD,ARG,2005,435296589745.339
NY.GDP.MKTP.KD,ARG,2004,399898899166.738
NY.GDP.MKTP.KD,ARG,2003,366780211148.674
NY.GDP.MKTP.KD,ARG,2002,336999433710.193
NY.GDP.MKTP.KD,ARG,2001,378202665751.853
NY.GDP.MKTP.KD,ARG,2000,395646066535.875
NY.GDP.MKTP.KD,ARG,1999,398792535409.293
NY.GDP.MKTP.KD,ARG,1998,412766570325.764
NY.GDP.MKTP.KD,ARG,1997,397463514160.866
NY.GDP.MKTP.KD,ARG,1996,367643757074.802
NY.GDP.MKTP.KD,ARG,1995,348389357874.283
NY.GDP.MKTP.KD,ARG,1994,358592053441.545
NY.GDP.MKTP.KD,ARG,1993,338817957426.035
NY.GDP.MKTP.KD,ARG,1992,313120244489.89
NY.GDP.MKTP.KD,ARG,1991,290094591011.844
NY.GDP.MKTP.KD,ARG,1990,265817211205.311
NY.GDP.MKTP.KD,BRA,2025,2074494382804.15
NY.GDP.MKTP.KD,BRA,2024,2028136327872.37
NY.GDP.MKTP.KD,BRA,2023,1961080794855.6
NY.GDP.MKTP.KD,BRA,2022,1899505377558.02
NY.GDP.MKTP.KD,BRA,2021,1843881119920.2
NY.GDP.MKTP.KD,BRA,2020,1760056587795.46
NY.GDP.MKTP.KD,BRA,2019,1819683217699.38
NY.GDP.MKTP.KD,BRA,2018,1797736844969.16
NY.GDP.MKTP.KD,BRA,2017,1766233131666.66
NY.GDP.MKTP.KD,BRA,2016,1743173232416.64
NY.GDP.MKTP.KD,BRA,2015,1802212206814.5
NY.GDP.MKTP.KD,BRA,2014,1868463501662.3
NY.GDP.MKTP.KD,BRA,2013,1859094488272.12
NY.GDP.MKTP.KD,BRA,2012,1804861597828.48
NY.GDP.MKTP.KD,BRA,2011,1770840632844.1
NY.GDP.MKTP.KD,BRA,2010,1703150236756.78
NY.GDP.MKTP.KD,BRA,2009,1583909921137.42
NY.GDP.MKTP.KD,BRA,2008,1585905180197
NY.GDP.MKTP.KD,BRA,2007,1509032133942.18
NY.GDP.MKTP.KD,BRA,2006,1422677453370.7
NY.GDP.MKTP.KD,BRA,2005,1368459252277.73
NY.GDP.MKTP.KD,BRA,2004,1325999012757.63
NY.GDP.MKTP.KD,BRA,2003,1253781634016.71
NY.GDP.MKTP.KD,BRA,2002,1239639467497.76
NY.GDP.MKTP.KD,BRA,2001,1202909097020.67
NY.GDP.MKTP.KD,BRA,2000,1186419100640.61
NY.GDP.MKTP.KD,BRA,1999,1136547951100.23
NY.GDP.MKTP.KD,BRA,1998,1131254386851.73
NY.GDP.MKTP.KD,BRA,1997,1127442527329.51
NY.GDP.MKTP.KD,BRA,1996,1090424301689.88
NY.GDP.MKTP.KD,BRA,1995,1066858840298.13
NY.GDP.MKTP.KD,BRA,1994,1023623112443.65
NY.GDP.MKTP.KD,BRA,1993,967024426395.984
NY.GDP.MKTP.KD,BRA,1992,921636677088.89
NY.GDP.MKTP.KD,BRA,1991,926678475666.292
NY.GDP.MKTP.KD,BRA,1990,917211118029.012
NY.GDP.MKTP.KD,CAN,2025,1891740160107.82
NY.GDP.MKTP.KD,CAN,2024,1859337753256.2
NY.GDP.MKTP.KD,CAN,2023,1822053687169.68
NY.GDP.MKTP.KD,CAN,2022,1787149136135.45
NY.GDP.MKTP.KD,CAN,2021,1706998394665.32
NY.GDP.MKTP.KD,CAN,2020,1611127783961.78
NY.GDP.MKTP.KD,CAN,2019,1696606794629.52
NY.GDP.MKTP.KD,CAN,2018,1664834560154.15
NY.GDP.MKTP.KD,CAN,2017,1620387912547.73
NY.GDP.MKTP.KD,CAN,2016,1572675533072.03
NY.GDP.MKTP.KD,CAN,2015,1556510380200.23
NY.GDP.MKTP.KD,CAN,2014,1546458845944.07
NY.GDP.MKTP.KD,CAN,2013,1503263081057.7
NY.GDP.MKTP.KD,CAN,2012,1469094677743.48
NY.GDP.MKTP.KD,CAN,2011,1443747363549.13
NY.GDP.MKTP.KD,CAN,2010,1399831914632.5
NY.GDP.MKTP.KD,CAN,2009,1357862999005.37
NY.GDP.MKTP.KD,CAN,2008,1398634398326.82
NY.GDP.MKTP.KD,CAN,2007,1384849517992.3
NY.GDP.MKTP.KD,CAN,2006,1357031663572.77
NY.GDP.MKTP.KD,CAN,2005,1322153985116.97
NY.GDP.MKTP.KD,CAN,2004,1281027191102.52
NY.GDP.MKTP.KD,CAN,2003,1242601434048.71
NY.GDP.MKTP.KD,CAN,2002,1220553536588.13
NY.GDP.MKTP.KD,CAN,2001,1185012000891.58
NY.GDP.MKTP.KD,CAN,2000,1163200843613.23
NY.GDP.MKTP.KD,CAN,1999,1106350585213.86
NY.GDP.MKTP.KD,CAN,1998,1052254162075.79
NY.GDP.MKTP.KD,CAN,1997,1012825994794.92
NY.GDP.MKTP.KD,CAN,1996,971254674627.055
NY.GDP.MKTP.KD,CAN,1995,955123017248.51
NY.GDP.MKTP.KD,CAN,1994,930172731125.229
NY.GDP.MKTP.KD,CAN,1993,890168135899.429
NY.GDP.MKTP.KD,CAN,1992,867122560316.335
NY.GDP.MKTP.KD,CAN,1991,859469276531.644
NY.GDP.MKTP.KD,CAN,1990,877825083275.001
NY.GDP.MKTP.KD,CHE,2025,848575173117.719
NY.GDP.MKTP.KD,CHE,2024,837684620415.719
NY.GDP.MKTP.KD,CHE,2023,826197715652.355
NY.GDP.MKTP.KD,CHE,2022,819432798585.826
NY.GDP.MKTP.KD,CHE,2021,791460198101.875
NY.GDP.MKTP.KD,CHE,2020,745421277740.833
NY.GDP.MKTP.KD,CHE,2019,762620333380.6
NY.GDP.MKTP.KD,CHE,2018,754208481229.163
NY.GDP.MKTP.KD,CHE,2017,729920856964.874
NY.GDP.MKTP.KD,CHE,2016,719698645165.924
NY.GDP.MKTP.KD,CHE,2015,706199008878.656
NY.GDP.MKTP.KD,CHE,2014,696074580680.37
NY.GDP.MKTP.KD,CHE,2013,678809578498.348
NY.GDP.MKTP.KD,CHE,2012,666570517717.021
NY.GDP.MKTP.KD,CHE,2011,659160657118.589
NY.GDP.MKTP.KD,CHE,2010,650010711944.314
NY.GDP.MKTP.KD,CHE,2009,629485513283.088
NY.GDP.MKTP.KD,CHE,2008,641905809443.95
NY.GDP.MKTP.KD,CHE,2007,626056585014.773
NY.GDP.MKTP.KD,CHE,2006,602074779439.36
NY.GDP.MKTP.KD,CHE,2005,578171312685.584
NY.GDP.MKTP.KD,CHE,2004,561592621839.375
NY.GDP.MKTP.KD,CHE,2003,547430971526.72
NY.GDP.MKTP.KD,CHE,2002,548991327622.523
NY.GDP.MKTP.KD,CHE,2001,546910823425.202
NY.GDP.MKTP.KD,CHE,2000,538339395342.966
NY.GDP.MKTP.KD,CHE,1999,519466067256.275
NY.GDP.MKTP.KD,CHE,1998,510882848604.35
NY.GDP.MKTP.KD,CHE,1997,497083252159.406
NY.GDP.MKTP.KD,CHE,1996,486870573206.165
NY.GDP.MKTP.KD,CHE,1995,484158477551.541
NY.GDP.MKTP.KD,CHE,1994,465114861421.351
NY.GDP.MKTP.KD,CHE,1993,447158041157.217
NY.GDP.MKTP.KD,CHE,1992,456589426851.921
NY.GDP.MKTP.KD,CHE,1991,461941446601.359
NY.GDP.MKTP.KD,CHE,1990,467296547356.45
NY.GDP.MKTP.KD,CHL,2025,296005043455.575
NY.GDP.MKTP.KD,CHL,2024,288900250332.819
NY.GDP.MKTP.KD,CHL,2023,281017358307.658
NY.GDP.MKTP.KD,CHL,2022,279127595176.477
NY.GDP.MKTP.KD,CHL,2021,273483125955.671
NY.GDP.MKTP.KD,CHL,2020,245634546877.039
NY.GDP.MKTP.KD,CHL,2019,261702273348.86
NY.GDP.MKTP.KD,CHL,2018,260027117802.785
NY.GDP.MKTP.KD,CHL,2017,250050047209.619
NY.GDP.MKTP.KD,CHL,2016,246700604515.86
NY.GDP.MKTP.KD,CHL,2015,242450355830.884
NY.GDP.MKTP.KD,CHL,2014,237342873662.271
NY.GDP.MKTP.KD,CHL,2013,233163076995.037
NY.GDP.MKTP.KD,CHL,2012,225695909224.96
NY.GDP.MKTP.KD,CHL,2011,212609096429.355
NY.GDP.MKTP.KD,CHL,2010,200151851762.225
NY.GDP.MKTP.KD,CHL,2009,189087132632.604
NY.GDP.MKTP.KD,CHL,2008,191225100461.158
NY.GDP.MKTP.KD,CHL,2007,184243394522.927
NY.GDP.MKTP.KD,CHL,2006,175189211415.667
NY.GDP.MKTP.KD,CHL,2005,165194933117.629
NY.GDP.MKTP.KD,CHL,2004,156084225513.955
NY.GDP.MKTP.KD,CHL,2003,146318553366.968
NY.GDP.MKTP.KD,CHL,2002,139719269577.32
NY.GDP.MKTP.KD,CHL,2001,135383217071.739
NY.GDP.MKTP.KD,CHL,2000,131243743563.397
NY.GDP.MKTP.KD,CHL,1999,125027832953.909
NY.GDP.MKTP.KD,CHL,1998,125370887065.113
NY.GDP.MKTP.KD,CHL,1997,120339623825.598
NY.GDP.MKTP.KD,CHL,1996,112056685779.901
NY.GDP.MKTP.KD,CHL,1995,104613573720.419
NY.GDP.MKTP.KD,CHL,1994,95751374590.6832
NY.GDP.MKTP.KD,CHL,1993,91125130548.8196
NY.GDP.MKTP.KD,CHL,1992,85414661278.3917
NY.GDP.MKTP.KD,CHL,1991,76603750426.1864
NY.GDP.MKTP.KD,CHL,1990,71089876109.5537
NY.GDP.MKTP.KD,CHN,2025,19401316126585.1
NY.GDP.MKTP.KD,CHN,2024,18484494644731.6
NY.GDP.MKTP.KD,CHN,2023,17611274170444.3
NY.GDP.MKTP.KD,CHN,2022,16706452162504
NY.GDP.MKTP.KD,CHN,2021,16198805195731.6
NY.GDP.MKTP.KD,CHN,2020,14920095680400.9
NY.GDP.MKTP.KD,CHN,2019,14579018970009.3
NY.GDP.MKTP.KD,CHN,2018,13745054545709.3
NY.GDP.MKTP.KD,CHN,2017,12874987827480.3
NY.GDP.MKTP.KD,CHN,2016,12044942062503.5
NY.GDP.MKTP.KD,CHN,2015,11280814787468.9
NY.GDP.MKTP.KD,CHN,2014,10544628617502.6
NY.GDP.MKTP.KD,CHN,2013,9812516071429.73
NY.GDP.MKTP.KD,CHN,2012,9104341297809.09
NY.GDP.MKTP.KD,CHN,2011,8441058131256.55
NY.GDP.MKTP.KD,CHN,2010,7711401293675.62
NY.GDP.MKTP.KD,CHN,2009,6972857785771.39
NY.GDP.MKTP.KD,CHN,2008,6373372030110.07
NY.GDP.MKTP.KD,CHN,2007,5811473655332.24
NY.GDP.MKTP.KD,CHN,2006,5091050723394.27
NY.GDP.MKTP.KD,CHN,2005,4518338478814.27
NY.GDP.MKTP.KD,CHN,2004,4054011719388.36
NY.GDP.MKTP.KD,CHN,2003,3680766226629.83
NY.GDP.MKTP.KD,CHN,2002,3342692586001.97
NY.GDP.MKTP.KD,CHN,2001,3060063619716.51
NY.GDP.MKTP.KD,CHN,2000,2824916263542.96
NY.GDP.MKTP.KD,CHN,1999,2601845161729.03
NY.GDP.MKTP.KD,CHN,1998,2414901854973.07
NY.GDP.MKTP.KD,CHN,1997,2237604266165.63
NY.GDP.MKTP.KD,CHN,1996,2047258472826.1
NY.GDP.MKTP.KD,CHN,1995,1861596132617.78
NY.GDP.MKTP.KD,CHN,1994,1676880778212.51
NY.GDP.MKTP.KD,CHN,1993,1482879870958.35
NY.GDP.MKTP.KD,CHN,1992,1301615550876.41
NY.GDP.MKTP.KD,CHN,1991,1138794946993.44
NY.GDP.MKTP.KD,CHN,1990,1041177931705.26
NY.GDP.MKTP.KD,EMU,2025,13689135855870.7
NY.GDP.MKTP.KD,EMU,2024,13498659987290.7
NY.GDP.MKTP.KD,EMU,2023,13373125486938.7
NY.GDP.MKTP.KD,EMU,2022,13311881465201.9
NY.GDP.MKTP.KD,EMU,2021,12841288688013.8
NY.GDP.MKTP.KD,EMU,2020,12063948472943.5
NY.GDP.MKTP.KD,EMU,2019,12839963669018.9
NY.GDP.MKTP.KD,EMU,2018,12633769254141.6
NY.GDP.MKTP.KD,EMU,2017,12412541391609.1
NY.GDP.MKTP.KD,EMU,2016,12095263670747.8
NY.GDP.MKTP.KD,EMU,2015,11880603228444.5
NY.GDP.MKTP.KD,EMU,2014,11630666626226.1
NY.GDP.MKTP.KD,EMU,2013,11464012516195.7
NY.GDP.MKTP.KD,EMU,2012,11483341545060
NY.GDP.MKTP.KD,EMU,2011,11589250968001.9
NY.GDP.MKTP.KD,EMU,2010,11386699303438.8
NY.GDP.MKTP.KD,EMU,2009,11150763697845.5
NY.GDP.MKTP.KD,EMU,2008,11673509324114
NY.GDP.MKTP.KD,EMU,2007,11623184491833.9
NY.GDP.MKTP.KD,EMU,2006,11281907499225
NY.GDP.MKTP.KD,EMU,2005,10917552222364.8
NY.GDP.MKTP.KD,EMU,2004,10725552461790.1
NY.GDP.MKTP.KD,EMU,2003,10481752769482.2
NY.GDP.MKTP.KD,EMU,2002,10401909093797
NY.GDP.MKTP.KD,EMU,2001,10302812567408.6
NY.GDP.MKTP.KD,EMU,2000,10082012960570.1
NY.GDP.MKTP.KD,EMU,1999,9703249232520.18
NY.GDP.MKTP.KD,EMU,1998,9423232048572.44
NY.GDP.MKTP.KD,EMU,1997,9148493656900.26
NY.GDP.MKTP.KD,EMU,1996,8908285584709.91
NY.GDP.MKTP.KD,EMU,1995,8754539688145.07
NY.GDP.MKTP.KD,EMU,1994,8543427383609.45
NY.GDP.MKTP.KD,EMU,1993,8334028893481.41
NY.GDP.MKTP.KD,EMU,1992,8391577892380.3
NY.GDP.MKTP.KD,EMU,1991,8301394061229.73
NY.GDP.MKTP.KD,EMU,1990,8113803115499.38
NY.GDP.MKTP.KD,GBR,2025,3364704178220.16
NY.GDP.MKTP.KD,GBR,2024,3318626965006.66
NY.GDP.MKTP.KD,GBR,2023,3283159739927.95
NY.GDP.MKTP.KD,GBR,2022,3274265196937.19
NY.GDP.MKTP.KD,GBR,2021,3113908148054.35
NY.GDP.MKTP.KD,GBR,2020,2868821517197.41
NY.GDP.MKTP.KD,GBR,2019,3189276748351.15
NY.GDP.MKTP.KD,GBR,2018,3149707010747.53
NY.GDP.MKTP.KD,GBR,2017,3101591068534.48
NY.GDP.MKTP.KD,GBR,2016,3010574705731.3
NY.GDP.MKTP.KD,GBR,2015,2945579890258.46
NY.GDP.MKTP.KD,GBR,2014,2883853723651.98
NY.GDP.MKTP.KD,GBR,2013,2795510733841.06
NY.GDP.MKTP.KD,GBR,2012,2748282336997.97
NY.GDP.MKTP.KD,GBR,2011,2706913649065.85
NY.GDP.MKTP.KD,GBR,2010,2684060544650.54
NY.GDP.MKTP.KD,GBR,2009,2624727410659.64
NY.GDP.MKTP.KD,GBR,2008,2750923500693.34
NY.GDP.MKTP.KD,GBR,2007,2752283449984.53
NY.GDP.MKTP.KD,GBR,2006,2673913418491.85
NY.GDP.MKTP.KD,GBR,2005,2616614241852.83
NY.GDP.MKTP.KD,GBR,2004,2545576004983.01
NY.GDP.MKTP.KD,GBR,2003,2487711377293.16
NY.GDP.MKTP.KD,GBR,2002,2410140612988.09
NY.GDP.MKTP.KD,GBR,2001,2369642769659.08
NY.GDP.MKTP.KD,GBR,2000,2314307169243.88
NY.GDP.MKTP.KD,GBR,1999,2214131432953.5
NY.GDP.MKTP.KD,GBR,1998,2150801957623.71
NY.GDP.MKTP.KD,GBR,1997,2083175521750.84
NY.GDP.MKTP.KD,GBR,1996,1986246961912.3
NY.GDP.MKTP.KD,GBR,1995,1935631814547.44
NY.GDP.MKTP.KD,GBR,1994,1869572508478.99
NY.GDP.MKTP.KD,GBR,1993,1781335634495.42
NY.GDP.MKTP.KD,GBR,1992,1721255429795.6
NY.GDP.MKTP.KD,GBR,1991,1699254695038.56
NY.GDP.MKTP.KD,GBR,1990,1721504098259.6
NY.GDP.MKTP.KD,IND,2025,3693970992045.56
NY.GDP.MKTP.KD,IND,2024,3434122552914.77
NY.GDP.MKTP.KD,IND,2023,3206485223026.3
NY.GDP.MKTP.KD,IND,2022,2990839011962.06
NY.GDP.MKTP.KD,IND,2021,2779348258938.28
NY.GDP.MKTP.KD,IND,2020,2533830417086.36
NY.GDP.MKTP.KD,IND,2019,2689205295885.26
NY.GDP.MKTP.KD,IND,2018,2588974770244.48
NY.GDP.MKTP.KD,IND,2017,2432016068498.23
NY.GDP.MKTP.KD,IND,2016,2277267041549.85
NY.GDP.MKTP.KD,IND,2015,2103588360044.94
NY.GDP.MKTP.KD,IND,2014,1947834564909.58
NY.GDP.MKTP.KD,IND,2013,1813453530765.84
NY.GDP.MKTP.KD,IND,2012,1704596203504.08
NY.GDP.MKTP.KD,IND,2011,1616399198833.97
NY.GDP.MKTP.KD,IND,2010,1535897931719.55
NY.GDP.MKTP.KD,IND,2009,1415605643151.34
NY.GDP.MKTP.KD,IND,2008,1312424303400.29
NY.GDP.MKTP.KD,IND,2007,1273126725470.22
NY.GDP.MKTP.KD,IND,2006,1182534912725.95
NY.GDP.MKTP.KD,IND,2005,1094324353137.75
NY.GDP.MKTP.KD,IND,2004,1013982178696.23
NY.GDP.MKTP.KD,IND,2003,939542798331.655
NY.GDP.MKTP.KD,IND,2002,871073127574.186
NY.GDP.MKTP.KD,IND,2001,839151992858.488
NY.GDP.MKTP.KD,IND,2000,800534479629.68
NY.GDP.MKTP.KD,IND,1999,770923380748.906
NY.GDP.MKTP.KD,IND,1998,708271422045.356
NY.GDP.MKTP.KD,IND,1997,667020123970.576
NY.GDP.MKTP.KD,IND,1996,641058406951.43
NY.GDP.MKTP.KD,IND,1995,596058814159.964
NY.GDP.MKTP.KD,IND,1994,554089360742.694
NY.GDP.MKTP.KD,IND,1993,519496484318.718
NY.GDP.MKTP.KD,IND,1992,495935689516.747
NY.GDP.MKTP.KD,IND,1991,470159674240.679
NY.GDP.MKTP.KD,IND,1990,465242841650.512
NY.GDP.MKTP.KD,JPN,2025,4764341438831.9
NY.GDP.MKTP.KD,JPN,2024,4708167683577.82
NY.GDP.MKTP.KD,JPN,2023,4719498455389.44
NY.GDP.MKTP.KD,JPN,2022,4685724442189.07
NY.GDP.MKTP.KD,JPN,2021,4624147102598.69
NY.GDP.MKTP.KD,JPN,2020,4465005582812.98
NY.GDP.MKTP.KD,JPN,2019,4664812538574.46
NY.GDP.MKTP.KD,JPN,2018,4679247874199.03
NY.GDP.MKTP.KD,JPN,2017,4640539102852.95
NY.GDP.MKTP.KD,JPN,2016,4566405760116.54
NY.GDP.MKTP.KD,JPN,2015,4534438580494.94
NY.GDP.MKTP.KD,JPN,2014,4454262857599.7
NY.GDP.MKTP.KD,JPN,2013,4414273272427.52
NY.GDP.MKTP.KD,JPN,2012,4327834450517.28
NY.GDP.MKTP.KD,JPN,2011,4257628936826.67
NY.GDP.MKTP.KD,JPN,2010,4266176556594.72
NY.GDP.MKTP.KD,JPN,2009,4096717638451.29
NY.GDP.MKTP.KD,JPN,2008,4355242255151.66
NY.GDP.MKTP.KD,JPN,2007,4406651221892.01
NY.GDP.MKTP.KD,JPN,2006,4331781612600.87
NY.GDP.MKTP.KD,JPN,2005,4265818895379.49
NY.GDP.MKTP.KD,JPN,2004,4188405380395.49
NY.GDP.MKTP.KD,JPN,2003,4101737784188.63
NY.GDP.MKTP.KD,JPN,2002,4045899940482.26
NY.GDP.MKTP.KD,JPN,2001,4042464298381.04
NY.GDP.MKTP.KD,JPN,2000,4030991750950.9
NY.GDP.MKTP.KD,JPN,1999,3914407888319.42
NY.GDP.MKTP.KD,JPN,1998,3928061846959.68
NY.GDP.MKTP.KD,JPN,1997,3998948850264.62
NY.GDP.MKTP.KD,JPN,1996,3945177225076.82
NY.GDP.MKTP.KD,JPN,1995,3827464796307.93
NY.GDP.MKTP.KD,JPN,1994,3739874853041.49
NY.GDP.MKTP.KD,JPN,1993,3703100606521.69
NY.GDP.MKTP.KD,JPN,1992,3722379548990.98
NY.GDP.MKTP.KD,JPN,1991,3691076650696.96
NY.GDP.MKTP.KD,JPN,1990,3569102682109.45
NY.GDP.MKTP.KD,MEX,2025,1353338023059.52
NY.GDP.MKTP.KD,MEX,2024,1345779005031.98
NY.GDP.MKTP.KD,MEX,2023,1327845439047.71
NY.GDP.MKTP.KD,MEX,2022,1287835026633.04
NY.GDP.MKTP.KD,MEX,2021,1241768434190.09
NY.GDP.MKTP.KD,MEX,2020,1170944075330.45
NY.GDP.MKTP.KD,MEX,2019,1277682078136.65
NY.GDP.MKTP.KD,MEX,2018,1282719194726.5
NY.GDP.MKTP.KD,MEX,2017,1257912134548.83
NY.GDP.MKTP.KD,MEX,2016,1234800029897.25
NY.GDP.MKTP.KD,MEX,2015,1213294467653.78
NY.GDP.MKTP.KD,MEX,2014,1181370028573.8
NY.GDP.MKTP.KD,MEX,2013,1152513808415.91
NY.GDP.MKTP.KD,MEX,2012,1142776194745.57
NY.GDP.MKTP.KD,MEX,2011,1103564231719.43
NY.GDP.MKTP.KD,MEX,2010,1066822388040.15
NY.GDP.MKTP.KD,MEX,2009,1016298775542.76
NY.GDP.MKTP.KD,MEX,2008,1084575522256.88
NY.GDP.MKTP.KD,MEX,2007,1074439987400.41
NY.GDP.MKTP.KD,MEX,2006,1052569034983.79
NY.GDP.MKTP.KD,MEX,2005,1004311721038.6
NY.GDP.MKTP.KD,MEX,2004,983527357532.924
NY.GDP.MKTP.KD,MEX,2003,949667522087.641
NY.GDP.MKTP.KD,MEX,2002,938540700981.551
NY.GDP.MKTP.KD,MEX,2001,940766441508.274
NY.GDP.MKTP.KD,MEX,2000,945027051109.809
NY.GDP.MKTP.KD,MEX,1999,899774820102.317
NY.GDP.MKTP.KD,MEX,1998,875650385836.062
NY.GDP.MKTP.KD,MEX,1997,824645415959.505
NY.GDP.MKTP.KD,MEX,1996,769266848267.796
NY.GDP.MKTP.KD,MEX,1995,724231953293.782
NY.GDP.MKTP.KD,MEX,1994,769725007515.6
NY.GDP.MKTP.KD,MEX,1993,737325961805.099
NY.GDP.MKTP.KD,MEX,1992,716775997855.793
NY.GDP.MKTP.KD,MEX,1991,692078394532.559
NY.GDP.MKTP.KD,MEX,1990,665614206217.349
NY.GDP.MKTP.KD,URY,2025,65576691278.1303
NY.GDP.MKTP.KD,URY,2024,64426857947.3311
NY.GDP.MKTP.KD,URY,2023,62353142656.5034
NY.GDP.MKTP.KD,URY,2022,61881758828.1137
NY.GDP.MKTP.KD,URY,2021,59156857887.5914
NY.GDP.MKTP.KD,URY,2020,55890466315.3236
NY.GDP.MKTP.KD,URY,2019,60329073575.9906
NY.GDP.MKTP.KD,URY,2018,59774159551.5863
NY.GDP.MKTP.KD,URY,2017,59675827150.5481
NY.GDP.MKTP.KD,URY,2016,58655009160.0858
NY.GDP.MKTP.KD,URY,2015,57680327998.6689
NY.GDP.MKTP.KD,URY,2014,57467273107.5946
NY.GDP.MKTP.KD,URY,2013,55664418793.7377
NY.GDP.MKTP.KD,URY,2012,53197370201.0395
NY.GDP.MKTP.KD,URY,2011,51379472633.5779
NY.GDP.MKTP.KD,URY,2010,48857389210.184
NY.GDP.MKTP.KD,URY,2009,45320819970.7986
NY.GDP.MKTP.KD,URY,2008,43475921755.0631
NY.GDP.MKTP.KD,URY,2007,40564924117.3376
NY.GDP.MKTP.KD,URY,2006,38074290288.9132
NY.GDP.MKTP.KD,URY,2005,36575226344.6127
NY.GDP.MKTP.KD,URY,2004,34036089123.994
NY.GDP.MKTP.KD,URY,2003,32414038652.1022
NY.GDP.MKTP.KD,URY,2002,32155098813.2195
NY.GDP.MKTP.KD,URY,2001,34849678466.8177
NY.GDP.MKTP.KD,URY,2000,36242902749.5716
NY.GDP.MKTP.KD,URY,1999,36956130432.4805
NY.GDP.MKTP.KD,URY,1998,37526894198.668
NY.GDP.MKTP.KD,URY,1997,35904413225.1269
NY.GDP.MKTP.KD,URY,1996,33077088488.9395
NY.GDP.MKTP.KD,URY,1995,31329539981.1782
NY.GDP.MKTP.KD,URY,1994,31789727752.3514
NY.GDP.MKTP.KD,URY,1993,29632112135.1097
NY.GDP.MKTP.KD,URY,1992,28865011154.8822
NY.GDP.MKTP.KD,URY,1991,26743802791.2413
NY.GDP.MKTP.KD,URY,1990,25829737832.144
NY.GDP.MKTP.KD,USA,2025,23222782186839.4
NY.GDP.MKTP.KD,USA,2024,22731468331925.1
NY.GDP.MKTP.KD,USA,2023,22113788823329.1
NY.GDP.MKTP.KD,USA,2022,21483388181185
NY.GDP.MKTP.KD,USA,2021,20954452976799.5
NY.GDP.MKTP.KD,USA,2020,19740041204593.2
NY.GDP.MKTP.KD,USA,2019,20159639089819
NY.GDP.MKTP.KD,USA,2018,19651869117636.5
NY.GDP.MKTP.KD,USA,2017,19085691123385.5
NY.GDP.MKTP.KD,USA,2016,18627887993795.5
NY.GDP.MKTP.KD,USA,2015,18295019000000
NY.GDP.MKTP.KD,USA,2014,17771549056393.4
NY.GDP.MKTP.KD,USA,2013,17334068402849.7
NY.GDP.MKTP.KD,USA,2012,16974575729644.7
NY.GDP.MKTP.KD,USA,2011,16594704135237.8
NY.GDP.MKTP.KD,USA,2010,16339094225608.8
NY.GDP.MKTP.KD,USA,2009,15910281498142.2
NY.GDP.MKTP.KD,USA,2008,16331051067547.5
NY.GDP.MKTP.KD,USA,2007,16312522122670.3
NY.GDP.MKTP.KD,USA,2006,15992063823764.9
NY.GDP.MKTP.KD,USA,2005,15558822251170.7
NY.GDP.MKTP.KD,USA,2004,15035068144287
NY.GDP.MKTP.KD,USA,2003,14477988212190.1
NY.GDP.MKTP.KD,USA,2002,14084248131472.2
NY.GDP.MKTP.KD,USA,2001,13848757307490.4
NY.GDP.MKTP.KD,USA,2000,13717679619695.1
NY.GDP.MKTP.KD,USA,1999,13180243872422.8
NY.GDP.MKTP.KD,USA,1998,12577957790986.1
NY.GDP.MKTP.KD,USA,1997,12038266260881.9
NY.GDP.MKTP.KD,USA,1996,11525703481707.7
NY.GDP.MKTP.KD,USA,1995,11106673921189.1
NY.GDP.MKTP.KD,USA,1994,10816317372731.7
NY.GDP.MKTP.KD,USA,1993,10397403618008.9
NY.GDP.MKTP.KD,USA,1992,10118950749880
NY.GDP.MKTP.KD,USA,1991,9774639354974.79
NY.GDP.MKTP.KD,USA,1990,9785238027483.98
NY.GDP.MKTP.KD,VNM,2025,437707289646.964
NY.GDP.MKTP.KD,VNM,2024,405213877699.255
NY.GDP.MKTP.KD,VNM,2023,378564624231.768
NY.GDP.MKTP.KD,VNM,2022,360611028653.678
NY.GDP.MKTP.KD,VNM,2021,332245562394.77
NY.GDP.MKTP.KD,VNM,2020,323972192107.065
NY.GDP.MKTP.KD,VNM,2019,314947640805.601
NY.GDP.MKTP.KD,VNM,2018,293358610036.841
NY.GDP.MKTP.KD,VNM,2017,272980590259.187
NY.GDP.MKTP.KD,VNM,2016,255264731908.124
NY.GDP.MKTP.KD,VNM,2015,239258328381.741
NY.GDP.MKTP.KD,VNM,2014,223632762207.56
NY.GDP.MKTP.KD,VNM,2013,210137237901.389
NY.GDP.MKTP.KD,VNM,2012,199081239731.688
NY.GDP.MKTP.KD,VNM,2011,188694468366.268
NY.GDP.MKTP.KD,VNM,2010,177322478338.404
NY.GDP.MKTP.KD,VNM,2009,166620063722.291
NY.GDP.MKTP.KD,VNM,2008,158086705343.275
NY.GDP.MKTP.KD,VNM,2007,149615800998.365
NY.GDP.MKTP.KD,VNM,2006,139658819217.11
NY.GDP.MKTP.KD,VNM,2005,130549157968.493
NY.GDP.MKTP.KD,VNM,2004,121387725604.567
NY.GDP.MKTP.KD,VNM,2003,112880581486.059
NY.GDP.MKTP.KD,VNM,2002,105595482130.707
NY.GDP.MKTP.KD,VNM,2001,99317782863.096
NY.GDP.MKTP.KD,VNM,2000,93525828108.839
NY.GDP.MKTP.KD,VNM,1999,87581401291.5701
NY.GDP.MKTP.KD,VNM,1998,83591107164.2471
NY.GDP.MKTP.KD,VNM,1997,79035160538.4626
NY.GDP.MKTP.KD,VNM,1996,73077797034.1306
NY.GDP.MKTP.KD,VNM,1995,66835362482.4846
NY.GDP.MKTP.KD,VNM,1994,61014304826.6384
NY.GDP.MKTP.KD,VNM,1993,56059239339.3434
NY.GDP.MKTP.KD,VNM,1992,51871770980.839
NY.GDP.MKTP.KD,VNM,1991,47743817832.1663
NY.GDP.MKTP.KD,VNM,1990,45057981854.8071
